source,repo,build_id,run_number,event,status,conclusion,created_at,started_at,updated_at,duration_sec,head_sha,branch,commit_timestamp,commit_message_len,additions,deletions,total_changes,files_changed,run_attempt,is_failed
github_actions,pallets/flask,33136616301,2183,schedule,completed,success,2026-08-28T02:40:26Z,2026-08-28T02:40:26Z,2026-08-28T02:40:37Z,11.0,d318b683471101618febed18996405ad26462110,main,2026-08-16T18:35:31Z,12,2,2,4,1,1,0
github_actions,pallets/flask,33029625035,2182,schedule,completed,success,2026-08-27T01:17:29Z,2026-08-27T01:17:29Z,2026-08-27T01:17:40Z,11.0,d318b683471101618febed18996405ad26462110,main,2026-08-16T18:35:31Z,12,2,2,4,1,1,0
github_actions,pallets/flask,32913731925,2181,schedule,completed,success,2026-08-26T00:07:04Z,2026-08-26T00:07:04Z,2026-08-26T00:07:21Z,17.0,d318b683471101618febed18996405ad26462110,main,2026-08-16T18:35:31Z,12,2,2,4,1,1,0
github_actions,pallets/flask,32792263966,2180,schedule,completed,success,2026-08-25T00:06:36Z,2026-08-25T00:06:36Z,2026-08-25T00:06:46Z,10.0,d318b683471101618febed18996405ad26462110,main,2026-08-16T18:35:31Z,12,2,2,4,1,1,0
github_actions,pallets/flask,32731289211,2500,pull_request,completed,success,2026-08-24T13:12:07Z,2026-08-24T13:12:07Z,2026-08-24T13:12:45Z,38.0,2c9cc4a08415ecc2e098d142dfb99deb18d8bb9a,json-serial,2026-08-24T13:06:24Z,55,3,0,3,1,1,0
github_actions,pallets/flask,32731289007,637,pull_request,completed,success,2026-08-24T13:12:07Z,2026-08-24T13:12:07Z,2026-08-24T13:12:30Z,23.0,2c9cc4a08415ecc2e098d142dfb99deb18d8bb9a,json-serial,2026-08-24T13:06:24Z,55,3,0,3,1,1,0
github_actions,pallets/flask,32675588856,2179,schedule,completed,success,2026-08-24T00:06:14Z,2026-08-24T00:06:14Z,2026-08-24T00:06:27Z,13.0,d318b683471101618febed18996405ad26462110,main,2026-08-16T18:35:31Z,12,2,2,4,1,1,0
github_actions,pallets/flask,32608575627,636,pull_request,completed,failure,2026-08-23T00:43:14Z,2026-08-23T00:43:14Z,2026-08-23T00:43:41Z,27.0,ac7ab71c0b63ce9723a1f86c8a5c75e8dd098436,fix/app-endpoint-typing-and-doc,2026-08-23T00:43:03Z,173,12,1,13,2,1,1
github_actions,pallets/flask,32608575605,2499,pull_request,completed,success,2026-08-23T00:43:14Z,2026-08-23T00:43:14Z,2026-08-23T00:43:43Z,29.0,ac7ab71c0b63ce9723a1f86c8a5c75e8dd098436,fix/app-endpoint-typing-and-doc,2026-08-23T00:43:03Z,173,12,1,13,2,1,0
github_actions,pallets/flask,32606984541,2178,schedule,completed,success,2026-08-23T00:06:10Z,2026-08-23T00:06:10Z,2026-08-23T00:06:19Z,9.0,d318b683471101618febed18996405ad26462110,main,2026-08-16T18:35:31Z,12,2,2,4,1,1,0
github_actions,pallets/flask,32539248853,2177,schedule,completed,success,2026-08-22T00:06:46Z,2026-08-22T00:06:46Z,2026-08-22T00:06:57Z,11.0,d318b683471101618febed18996405ad26462110,main,2026-08-16T18:35:31Z,12,2,2,4,1,1,0
github_actions,pallets/flask,32431435163,2176,schedule,completed,success,2026-08-21T00:07:25Z,2026-08-21T00:07:25Z,2026-08-21T00:07:33Z,8.0,d318b683471101618febed18996405ad26462110,main,2026-08-16T18:35:31Z,12,2,2,4,1,1,0
github_actions,pallets/flask,32316012495,2175,schedule,completed,success,2026-08-20T00:06:37Z,2026-08-20T00:06:37Z,2026-08-20T00:06:49Z,12.0,d318b683471101618febed18996405ad26462110,main,2026-08-16T18:35:31Z,12,2,2,4,1,1,0
github_actions,pallets/flask,32215945590,2498,pull_request,completed,success,2026-08-19T04:29:30Z,2026-08-19T04:29:30Z,2026-08-19T04:30:11Z,41.0,b8ad0eeeca19c20541533e29ee1d332b5955fd4d,test/config-from-file-missing-silent,2026-08-19T04:28:40Z,137,7,0,7,1,1,0
github_actions,pallets/flask,32215945678,635,pull_request,completed,success,2026-08-19T04:29:30Z,2026-08-19T04:29:30Z,2026-08-19T04:29:51Z,21.0,b8ad0eeeca19c20541533e29ee1d332b5955fd4d,test/config-from-file-missing-silent,2026-08-19T04:28:40Z,137,7,0,7,1,1,0
github_actions,pallets/flask,32199921514,2174,schedule,completed,success,2026-08-19T00:06:11Z,2026-08-19T00:06:11Z,2026-08-19T00:06:21Z,10.0,d318b683471101618febed18996405ad26462110,main,2026-08-16T18:35:31Z,12,2,2,4,1,1,0
github_actions,pallets/flask,32083198000,2173,schedule,completed,success,2026-08-18T00:06:25Z,2026-08-18T00:06:25Z,2026-08-18T00:06:33Z,8.0,d318b683471101618febed18996405ad26462110,main,2026-08-16T18:35:31Z,12,2,2,4,1,1,0
github_actions,pallets/flask,31980967815,2172,schedule,completed,success,2026-08-17T00:05:46Z,2026-08-17T00:05:46Z,2026-08-17T00:05:57Z,11.0,d318b683471101618febed18996405ad26462110,main,2026-08-16T18:35:31Z,12,2,2,4,1,1,0
github_actions,pallets/flask,31965051429,634,push,completed,success,2026-08-16T18:35:37Z,2026-08-16T18:35:37Z,2026-08-16T18:36:00Z,23.0,d318b683471101618febed18996405ad26462110,main,2026-08-16T18:35:31Z,12,2,2,4,1,1,0
github_actions,pallets/flask,31965051447,2497,push,completed,success,2026-08-16T18:35:37Z,2026-08-16T18:35:37Z,2026-08-16T18:36:22Z,45.0,d318b683471101618febed18996405ad26462110,main,2026-08-16T18:35:31Z,12,2,2,4,1,1,0
github_actions,pallets/flask,31961251622,633,pull_request,completed,success,2026-08-16T17:19:30Z,2026-08-16T17:19:30Z,2026-08-16T17:19:51Z,21.0,54226222a4abe313d46e704068d32511909442d8,docfix-seeked-sought,2026-08-16T17:18:25Z,37,1,1,2,1,1,0
github_actions,pallets/flask,31961251621,2496,pull_request,completed,success,2026-08-16T17:19:30Z,2026-08-16T17:19:30Z,2026-08-16T17:20:14Z,44.0,54226222a4abe313d46e704068d32511909442d8,docfix-seeked-sought,2026-08-16T17:18:25Z,37,1,1,2,1,1,0
github_actions,pallets/flask,31916401879,2171,schedule,completed,success,2026-08-16T00:06:06Z,2026-08-16T00:06:06Z,2026-08-16T00:06:22Z,16.0,2a8a38b051fc248865730bf3511bf2e2ea325e81,main,2026-08-11T22:32:49Z,27,1,1,2,1,1,0
github_actions,pallets/flask,31852582495,2170,schedule,completed,success,2026-08-15T00:06:30Z,2026-08-15T00:06:30Z,2026-08-15T00:06:38Z,8.0,2a8a38b051fc248865730bf3511bf2e2ea325e81,main,2026-08-11T22:32:49Z,27,1,1,2,1,1,0
github_actions,pallets/flask,31756774094,2169,schedule,completed,success,2026-08-14T00:16:04Z,2026-08-14T00:16:04Z,2026-08-14T00:16:19Z,15.0,2a8a38b051fc248865730bf3511bf2e2ea325e81,main,2026-08-11T22:32:49Z,27,1,1,2,1,1,0
github_actions,pallets/flask,31653848351,2168,schedule,completed,success,2026-08-13T00:16:11Z,2026-08-13T00:16:11Z,2026-08-13T00:16:20Z,9.0,2a8a38b051fc248865730bf3511bf2e2ea325e81,main,2026-08-11T22:32:49Z,27,1,1,2,1,1,0
github_actions,pallets/flask,31549554537,2167,schedule,completed,success,2026-08-12T00:15:26Z,2026-08-12T00:15:26Z,2026-08-12T00:15:35Z,9.0,2a8a38b051fc248865730bf3511bf2e2ea325e81,main,2026-08-11T22:32:49Z,27,1,1,2,1,1,0
github_actions,pallets/flask,31542886902,631,push,completed,success,2026-08-11T22:32:56Z,2026-08-11T22:32:56Z,2026-08-11T22:33:17Z,21.0,2a8a38b051fc248865730bf3511bf2e2ea325e81,main,2026-08-11T22:32:49Z,27,1,1,2,1,1,0
github_actions,pallets/flask,31542886842,2495,push,completed,success,2026-08-11T22:32:56Z,2026-08-11T22:32:56Z,2026-08-11T22:33:35Z,39.0,2a8a38b051fc248865730bf3511bf2e2ea325e81,main,2026-08-11T22:32:49Z,27,1,1,2,1,1,0
github_actions,pallets/flask,31532481198,630,pull_request,completed,success,2026-08-11T20:21:09Z,2026-08-11T20:21:09Z,2026-08-11T20:21:25Z,16.0,a82e942870b6472bb40017349cca772c242eb1ad,automatic-options,2026-08-11T20:20:40Z,35,56,30,86,5,1,0
github_actions,pallets/flask,31532481298,2494,pull_request,completed,success,2026-08-11T20:21:09Z,2026-08-11T20:21:09Z,2026-08-11T20:21:48Z,39.0,a82e942870b6472bb40017349cca772c242eb1ad,automatic-options,2026-08-11T20:20:40Z,35,56,30,86,5,1,0
github_actions,pallets/flask,31532319248,629,push,completed,success,2026-08-11T20:19:17Z,2026-08-11T20:19:17Z,2026-08-11T20:19:39Z,22.0,d8eaaba824655046958d1a97f11780de460c3271,main,2026-08-11T20:19:14Z,39,14,2,16,3,1,0
github_actions,pallets/flask,31532319231,2493,push,completed,success,2026-08-11T20:19:17Z,2026-08-11T20:19:17Z,2026-08-11T20:19:55Z,38.0,d8eaaba824655046958d1a97f11780de460c3271,main,2026-08-11T20:19:14Z,39,14,2,16,3,1,0
github_actions,pallets/flask,31532172461,628,pull_request,completed,success,2026-08-11T20:17:33Z,2026-08-11T20:17:33Z,2026-08-11T20:17:52Z,19.0,89992954ec71b594b1b911f98977cdc8ad46a057,query,2026-08-11T20:15:18Z,29,14,2,16,3,1,0
github_actions,pallets/flask,31532172628,2492,pull_request,completed,success,2026-08-11T20:17:33Z,2026-08-11T20:17:33Z,2026-08-11T20:18:15Z,42.0,89992954ec71b594b1b911f98977cdc8ad46a057,query,2026-08-11T20:15:18Z,29,14,2,16,3,1,0
github_actions,pallets/flask,31530366888,2491,push,completed,success,2026-08-11T19:56:15Z,2026-08-11T19:56:15Z,2026-08-11T19:56:47Z,32.0,3596b1ab61cea85edb8970e83ff61daa073facf8,main,2026-08-11T19:56:09Z,9,1,0,1,1,1,0
github_actions,pallets/flask,31530366834,627,push,completed,success,2026-08-11T19:56:15Z,2026-08-11T19:56:15Z,2026-08-11T19:56:35Z,20.0,3596b1ab61cea85edb8970e83ff61daa073facf8,main,2026-08-11T19:56:09Z,9,1,0,1,1,1,0
github_actions,pallets/flask,31529728186,626,push,completed,success,2026-08-11T19:48:43Z,2026-08-11T19:48:43Z,2026-08-11T19:48:59Z,16.0,05e9c6bd630ecf4ec0ec884b1fc7901663737bc7,main,2026-08-11T19:48:40Z,63,23,5,28,4,1,0
github_actions,pallets/flask,31529728082,2490,push,completed,success,2026-08-11T19:48:43Z,2026-08-11T19:48:43Z,2026-08-11T19:49:24Z,41.0,05e9c6bd630ecf4ec0ec884b1fc7901663737bc7,main,2026-08-11T19:48:40Z,63,23,5,28,4,1,0
github_actions,pallets/flask,31529619201,625,pull_request,completed,success,2026-08-11T19:47:24Z,2026-08-11T19:47:24Z,2026-08-11T19:47:44Z,20.0,7203feabf723edae0286ae5dc64fec8ac4c91735,fix-partition-usage,2026-08-11T19:44:45Z,28,8,4,12,2,1,0
github_actions,pallets/flask,31529619229,2489,pull_request,completed,success,2026-08-11T19:47:24Z,2026-08-11T19:47:24Z,2026-08-11T19:47:57Z,33.0,7203feabf723edae0286ae5dc64fec8ac4c91735,fix-partition-usage,2026-08-11T19:44:45Z,28,8,4,12,2,1,0
github_actions,pallets/flask,31529340201,624,push,completed,success,2026-08-11T19:44:05Z,2026-08-11T19:44:05Z,2026-08-11T19:44:18Z,13.0,514fc6b3e8402e4c646d5284e97a4f0ab50a7c4b,main,2026-08-11T19:43:58Z,21,8,8,16,5,1,0
github_actions,pallets/flask,31529340164,2488,push,completed,success,2026-08-11T19:44:05Z,2026-08-11T19:44:05Z,2026-08-11T19:44:39Z,34.0,514fc6b3e8402e4c646d5284e97a4f0ab50a7c4b,main,2026-08-11T19:43:58Z,21,8,8,16,5,1,0
github_actions,pallets/flask,31525906302,623,push,completed,success,2026-08-11T19:03:20Z,2026-08-11T19:03:20Z,2026-08-11T19:03:48Z,28.0,81798b406f97ffe4795d2c9fc18db7db744a96dc,stable,2026-08-11T18:59:41Z,9,8,8,16,5,1,0
github_actions,pallets/flask,31525906346,2487,push,completed,failure,2026-08-11T19:03:20Z,2026-08-11T19:03:20Z,2026-08-11T19:04:13Z,53.0,81798b406f97ffe4795d2c9fc18db7db744a96dc,stable,2026-08-11T18:59:41Z,9,8,8,16,5,1,1
github_actions,pallets/flask,31477751009,622,pull_request,completed,success,2026-08-11T09:27:02Z,2026-08-11T09:27:02Z,2026-08-11T09:27:17Z,15.0,9ca49ab8b75097cbc34f1dd5d72efa61f2f18cc7,maintenance/fix-seeked-docstring,2026-08-11T09:18:44Z,10,1,1,2,1,1,0
github_actions,pallets/flask,31477751036,2486,pull_request,completed,success,2026-08-11T09:27:02Z,2026-08-11T09:27:02Z,2026-08-11T09:27:43Z,41.0,9ca49ab8b75097cbc34f1dd5d72efa61f2f18cc7,maintenance/fix-seeked-docstring,2026-08-11T09:18:44Z,10,1,1,2,1,1,0
github_actions,pallets/flask,31445159073,2166,schedule,completed,success,2026-08-11T00:11:23Z,2026-08-11T00:11:23Z,2026-08-11T00:11:32Z,9.0,8b4fd5d18611e63080b826ecfefe8659dba7d2e4,main,2026-08-10T23:45:01Z,21,6,10,16,2,1,0
github_actions,pallets/flask,31443531289,2485,push,completed,success,2026-08-10T23:45:08Z,2026-08-10T23:45:08Z,2026-08-10T23:45:47Z,39.0,8b4fd5d18611e63080b826ecfefe8659dba7d2e4,main,2026-08-10T23:45:01Z,21,6,10,16,2,1,0
github_actions,pallets/flask,31443531342,621,push,completed,success,2026-08-10T23:45:08Z,2026-08-10T23:45:08Z,2026-08-10T23:45:22Z,14.0,8b4fd5d18611e63080b826ecfefe8659dba7d2e4,main,2026-08-10T23:45:01Z,21,6,10,16,2,1,0
github_actions,pallets/flask,31403109962,2484,pull_request,completed,failure,2026-08-10T15:21:11Z,2026-08-10T15:21:11Z,2026-08-10T15:21:47Z,36.0,d4b860086c3b398dd6522067ba622498e7a88301,fix/parse-ipv6-server-name-and-host,2026-08-10T15:21:03Z,62,36,2,38,4,1,1
github_actions,pallets/flask,31403109934,620,pull_request,completed,success,2026-08-10T15:21:11Z,2026-08-10T15:21:11Z,2026-08-10T15:21:33Z,22.0,d4b860086c3b398dd6522067ba622498e7a88301,fix/parse-ipv6-server-name-and-host,2026-08-10T15:21:03Z,62,36,2,38,4,1,0
github_actions,pallets/flask,31401106272,2483,pull_request,completed,failure,2026-08-10T14:58:53Z,2026-08-10T14:58:53Z,2026-08-10T14:59:33Z,40.0,f6b0eb66ce2042cb05a4422e6066db29f7d46c48,fix/stream-with-context-cross-thread-6123,2026-08-10T14:58:42Z,594,14,1,15,1,1,1
github_actions,pallets/flask,31401106188,619,pull_request,completed,success,2026-08-10T14:58:52Z,2026-08-10T14:58:52Z,2026-08-10T14:59:14Z,22.0,f6b0eb66ce2042cb05a4422e6066db29f7d46c48,fix/stream-with-context-cross-thread-6123,2026-08-10T14:58:42Z,594,14,1,15,1,1,0
github_actions,pallets/flask,31343762050,2165,schedule,completed,success,2026-08-10T00:11:14Z,2026-08-10T00:11:14Z,2026-08-10T00:11:26Z,12.0,6a2f545bfd8ed31e19066a299296917e034aca58,main,2026-07-30T17:29:33Z,21,814,630,1444,16,1,0
github_actions,pallets/flask,31335210264,2481,pull_request,completed,failure,2026-08-09T20:48:52Z,2026-08-09T20:48:52Z,2026-08-09T20:49:28Z,36.0,d5227024e132d9b06a1e299755a8c0ee9f49b0a8,codex/issue-6065,2026-08-09T20:47:10Z,38,43,1,44,4,1,1
github_actions,pallets/flask,31335210241,617,pull_request,completed,success,2026-08-09T20:48:52Z,2026-08-09T20:48:52Z,2026-08-09T20:49:05Z,13.0,d5227024e132d9b06a1e299755a8c0ee9f49b0a8,codex/issue-6065,2026-08-09T20:47:10Z,38,43,1,44,4,1,0
github_actions,pallets/flask,31306611691,616,pull_request,completed,success,2026-08-09T09:43:58Z,2026-08-09T09:43:58Z,2026-08-09T09:44:12Z,14.0,faff6713d44fffbd7504281eebb324e254c7ac7e,codex/fix-ipv6-address-parsing,2026-08-09T09:40:47Z,29,26,4,30,4,1,0
github_actions,pallets/flask,31306611756,2480,pull_request,completed,failure,2026-08-09T09:43:58Z,2026-08-09T09:43:58Z,2026-08-09T09:44:29Z,31.0,faff6713d44fffbd7504281eebb324e254c7ac7e,codex/fix-ipv6-address-parsing,2026-08-09T09:40:47Z,29,26,4,30,4,1,1
github_actions,pallets/flask,31285597050,2164,schedule,completed,success,2026-08-09T00:10:22Z,2026-08-09T00:10:22Z,2026-08-09T00:10:31Z,9.0,6a2f545bfd8ed31e19066a299296917e034aca58,main,2026-07-30T17:29:33Z,21,814,630,1444,16,1,0
github_actions,pallets/flask,31268139716,615,pull_request,completed,success,2026-08-08T16:55:23Z,2026-08-08T16:55:23Z,2026-08-08T16:55:43Z,20.0,6d5b099e8f36f357bfecee8b721a4323e411dc0d,fix/stream-context-abandonment,2026-08-08T16:55:07Z,44,60,11,71,2,1,0
github_actions,pallets/flask,31268139715,2479,pull_request,completed,failure,2026-08-08T16:55:23Z,2026-08-08T16:55:23Z,2026-08-08T16:55:59Z,36.0,6d5b099e8f36f357bfecee8b721a4323e411dc0d,fix/stream-context-abandonment,2026-08-08T16:55:07Z,44,60,11,71,2,1,1
github_actions,pallets/flask,31229357383,2163,schedule,completed,success,2026-08-08T00:10:41Z,2026-08-08T00:10:41Z,2026-08-08T00:10:51Z,10.0,6a2f545bfd8ed31e19066a299296917e034aca58,main,2026-07-30T17:29:33Z,21,814,630,1444,16,1,0
github_actions,pallets/flask,31137048797,2162,schedule,completed,success,2026-08-07T01:08:34Z,2026-08-07T01:08:34Z,2026-08-07T01:08:50Z,16.0,6a2f545bfd8ed31e19066a299296917e034aca58,main,2026-07-30T17:29:33Z,21,814,630,1444,16,1,0
github_actions,pallets/flask,31059421236,2161,schedule,completed,success,2026-08-06T00:21:06Z,2026-08-06T00:21:06Z,2026-08-06T00:21:22Z,16.0,6a2f545bfd8ed31e19066a299296917e034aca58,main,2026-07-30T17:29:33Z,21,814,630,1444,16,1,0
github_actions,pallets/flask,30963201630,2160,schedule,completed,success,2026-08-05T00:24:57Z,2026-08-05T00:24:57Z,2026-08-05T00:25:05Z,8.0,6a2f545bfd8ed31e19066a299296917e034aca58,main,2026-07-30T17:29:33Z,21,814,630,1444,16,1,0
github_actions,pallets/flask,30865515452,2159,schedule,completed,success,2026-08-04T00:25:16Z,2026-08-04T00:25:16Z,2026-08-04T00:25:32Z,16.0,6a2f545bfd8ed31e19066a299296917e034aca58,main,2026-07-30T17:29:33Z,21,814,630,1444,16,1,0
github_actions,pallets/flask,30774454354,2158,schedule,completed,success,2026-08-03T00:25:34Z,2026-08-03T00:25:34Z,2026-08-03T00:25:45Z,11.0,6a2f545bfd8ed31e19066a299296917e034aca58,main,2026-07-30T17:29:33Z,21,814,630,1444,16,1,0
github_actions,pallets/flask,30755111766,2478,pull_request,completed,failure,2026-08-02T15:46:37Z,2026-08-02T15:46:37Z,2026-08-02T15:47:17Z,40.0,a962211f9e365fb4e1ce0e0e11c68677f13b9594,perf/blueprints-single-fast-path,2026-08-02T15:46:27Z,52,3,0,3,1,1,1
github_actions,pallets/flask,30755111774,614,pull_request,completed,success,2026-08-02T15:46:37Z,2026-08-02T15:46:37Z,2026-08-02T15:46:58Z,21.0,a962211f9e365fb4e1ce0e0e11c68677f13b9594,perf/blueprints-single-fast-path,2026-08-02T15:46:27Z,52,3,0,3,1,1,0
github_actions,pallets/flask,30750752372,613,pull_request,completed,success,2026-08-02T13:49:29Z,2026-08-02T13:49:29Z,2026-08-02T13:49:50Z,21.0,142c17fb03e5a667614c98dde4f12edc3f62e3fd,docs/fix-max-form-memory-size-attr,2026-08-02T13:49:18Z,409,1,1,2,1,1,0
github_actions,pallets/flask,30725187578,2157,schedule,completed,success,2026-08-02T00:25:35Z,2026-08-02T00:25:35Z,2026-08-02T00:26:02Z,27.0,6a2f545bfd8ed31e19066a299296917e034aca58,main,2026-07-30T17:29:33Z,21,814,630,1444,16,1,0
github_actions,pallets/flask,30698864983,2477,pull_request,completed,failure,2026-08-01T12:01:44Z,2026-08-01T12:01:44Z,2026-08-01T12:02:18Z,34.0,f01a29918ab9990ed1bc9b02d0bb8604e40d3d76,json-allow-nan,2026-08-01T11:58:53Z,257,25,1,26,3,1,1
github_actions,pallets/flask,30698864984,612,pull_request,completed,success,2026-08-01T12:01:44Z,2026-08-01T12:01:44Z,2026-08-01T12:02:05Z,21.0,f01a29918ab9990ed1bc9b02d0bb8604e40d3d76,json-allow-nan,2026-08-01T11:58:53Z,257,25,1,26,3,1,0
github_actions,pallets/flask,30691043584,611,pull_request,completed,success,2026-08-01T08:05:09Z,2026-08-01T08:05:09Z,2026-08-01T08:05:37Z,28.0,9ff11f23a7cdcec6061658176a8e59d246b680a9,fix-ipv6-partition,2026-08-01T08:03:02Z,221,17,3,20,2,1,0
github_actions,pallets/flask,30691043557,2476,pull_request,completed,failure,2026-08-01T08:05:09Z,2026-08-01T08:05:09Z,2026-08-01T08:05:43Z,34.0,9ff11f23a7cdcec6061658176a8e59d246b680a9,fix-ipv6-partition,2026-08-01T08:03:02Z,221,17,3,20,2,1,1
github_actions,pallets/flask,30675450988,2156,schedule,completed,success,2026-08-01T00:24:22Z,2026-08-01T00:24:22Z,2026-08-01T00:24:36Z,14.0,6a2f545bfd8ed31e19066a299296917e034aca58,main,2026-07-30T17:29:33Z,21,814,630,1444,16,1,0
github_actions,pallets/flask,30601345719,610,pull_request,completed,failure,2026-07-31T03:20:49Z,2026-07-31T03:20:49Z,2026-07-31T03:21:09Z,20.0,f95f83b0c12a36c0ee125e316915bd738f11a680,triage/fix-1785468039,2026-07-31T03:20:41Z,90,16,157,173,1,1,1
github_actions,pallets/flask,30601345717,2475,pull_request,completed,failure,2026-07-31T03:20:49Z,2026-07-31T03:20:49Z,2026-07-31T03:21:26Z,37.0,f95f83b0c12a36c0ee125e316915bd738f11a680,triage/fix-1785468039,2026-07-31T03:20:41Z,90,16,157,173,1,1,1
github_actions,pallets/flask,30593506615,2155,schedule,completed,success,2026-07-31T00:25:39Z,2026-07-31T00:25:39Z,2026-07-31T00:26:57Z,78.0,6a2f545bfd8ed31e19066a299296917e034aca58,main,2026-07-30T17:29:33Z,21,814,630,1444,16,1,0
github_actions,pallets/flask,30572408693,609,pull_request,completed,success,2026-07-30T18:53:24Z,2026-07-30T18:53:24Z,2026-07-30T18:53:50Z,26.0,57a8ff0d23138d87f816f6dc3536bb797239887a,feature/json-pathlib-enum-support,2026-07-30T18:53:12Z,87,19,1,20,2,1,0
github_actions,pallets/flask,30572408686,2474,pull_request,completed,failure,2026-07-30T18:53:24Z,2026-07-30T18:53:24Z,2026-07-30T18:53:59Z,35.0,57a8ff0d23138d87f816f6dc3536bb797239887a,feature/json-pathlib-enum-support,2026-07-30T18:53:12Z,87,19,1,20,2,1,1
github_actions,pallets/flask,30566230701,4,dynamic,completed,success,2026-07-30T17:29:59Z,2026-07-30T17:29:59Z,2026-07-30T17:30:34Z,35.0,6a2f545bfd8ed31e19066a299296917e034aca58,main,2026-07-30T17:29:33Z,21,814,630,1444,16,1,0
github_actions,pallets/flask,30566230463,3,dynamic,completed,success,2026-07-30T17:29:58Z,2026-07-30T17:29:58Z,2026-07-30T17:30:45Z,47.0,6a2f545bfd8ed31e19066a299296917e034aca58,main,2026-07-30T17:29:33Z,21,814,630,1444,16,1,0
github_actions,pallets/flask,30566226996,13,push,completed,success,2026-07-30T17:29:56Z,2026-07-30T17:29:56Z,2026-07-30T17:30:17Z,21.0,6a2f545bfd8ed31e19066a299296917e034aca58,main,2026-07-30T17:29:33Z,21,814,630,1444,16,1,0
github_actions,pallets/flask,30566227030,608,push,completed,success,2026-07-30T17:29:56Z,2026-07-30T17:29:56Z,2026-07-30T17:30:19Z,23.0,6a2f545bfd8ed31e19066a299296917e034aca58,main,2026-07-30T17:29:33Z,21,814,630,1444,16,1,0
github_actions,pallets/flask,30566227095,2473,push,completed,failure,2026-07-30T17:29:56Z,2026-07-30T17:29:56Z,2026-07-30T17:30:33Z,37.0,6a2f545bfd8ed31e19066a299296917e034aca58,main,2026-07-30T17:29:33Z,21,814,630,1444,16,1,1
github_actions,pallets/flask,30566088523,12,push,completed,success,2026-07-30T17:28:04Z,2026-07-30T17:28:04Z,2026-07-30T17:28:23Z,19.0,30d1c5d6fcbd62d9e902209d7a207f7510e9f5dc,stable,2026-07-30T17:27:54Z,16,3,0,3,2,1,0
github_actions,pallets/flask,30566088468,2472,push,completed,failure,2026-07-30T17:28:04Z,2026-07-30T17:28:04Z,2026-07-30T17:28:41Z,37.0,30d1c5d6fcbd62d9e902209d7a207f7510e9f5dc,stable,2026-07-30T17:27:54Z,16,3,0,3,2,1,1
github_actions,pallets/flask,30566088597,607,push,completed,success,2026-07-30T17:28:04Z,2026-07-30T17:28:04Z,2026-07-30T17:28:29Z,25.0,30d1c5d6fcbd62d9e902209d7a207f7510e9f5dc,stable,2026-07-30T17:27:54Z,16,3,0,3,2,1,0
github_actions,pallets/flask,30564404756,606,push,completed,success,2026-07-30T17:05:08Z,2026-07-30T17:05:08Z,2026-07-30T17:05:29Z,21.0,548994ea0c61465574cbfdd636a894a692f54b94,stable,2026-07-30T17:05:04Z,60,17,34,51,2,1,0
github_actions,pallets/flask,30564404662,2471,push,completed,failure,2026-07-30T17:05:08Z,2026-07-30T17:05:08Z,2026-07-30T17:05:49Z,41.0,548994ea0c61465574cbfdd636a894a692f54b94,stable,2026-07-30T17:05:04Z,60,17,34,51,2,1,1
github_actions,pallets/flask,30564210136,2470,pull_request,completed,failure,2026-07-30T17:02:33Z,2026-07-30T17:02:33Z,2026-07-30T17:03:05Z,32.0,5ce121dd841e2dc2594d0ed3954278f4101d3521,flask-delenv,2026-07-30T17:01:20Z,52,17,34,51,2,1,1
github_actions,pallets/flask,30564210071,605,pull_request,completed,success,2026-07-30T17:02:33Z,2026-07-30T17:02:33Z,2026-07-30T17:03:02Z,29.0,5ce121dd841e2dc2594d0ed3954278f4101d3521,flask-delenv,2026-07-30T17:01:20Z,52,17,34,51,2,1,0
github_actions,pallets/flask,30552601414,604,pull_request,completed,failure,2026-07-30T14:37:15Z,2026-07-30T14:37:15Z,2026-07-30T14:37:42Z,27.0,358688409fe9a57155120431679a22335b08fa8b,fix-issue-5200-1785422031,2026-07-30T14:34:18Z,454,0,0,0,0,1,1
github_actions,pallets/flask,30552601286,2469,pull_request,completed,failure,2026-07-30T14:37:15Z,2026-07-30T14:37:15Z,2026-07-30T14:38:38Z,83.0,358688409fe9a57155120431679a22335b08fa8b,fix-issue-5200-1785422031,2026-07-30T14:34:18Z,454,0,0,0,0,1,1
github_actions,pallets/flask,30551913760,603,pull_request,completed,failure,2026-07-30T14:29:03Z,2026-07-30T14:29:03Z,2026-07-30T14:29:31Z,28.0,8058f14d4ad1cf4d0369cca426933b956b352818,fix-issue-5200-1785421690,2026-07-30T14:28:53Z,306,7,9,16,1,1,1
github_actions,pallets/flask,30551913639,2468,pull_request,completed,failure,2026-07-30T14:29:03Z,2026-07-30T14:29:03Z,2026-07-30T14:30:42Z,99.0,8058f14d4ad1cf4d0369cca426933b956b352818,fix-issue-5200-1785421690,2026-07-30T14:28:53Z,306,7,9,16,1,1,1
github_actions,pallets/flask,30502496738,2154,schedule,completed,failure,2026-07-30T00:22:54Z,2026-07-30T00:22:54Z,2026-07-30T00:23:03Z,9.0,36e4a824f340fdee7ed50937ba8e7f6bc7d17f81,main,2026-05-31T14:42:46Z,27,1,1,2,1,1,1
github_actions,pallets/flask,30410930838,2153,schedule,completed,failure,2026-07-29T00:22:05Z,2026-07-29T00:22:05Z,2026-07-29T00:22:17Z,12.0,36e4a824f340fdee7ed50937ba8e7f6bc7d17f81,main,2026-05-31T14:42:46Z,27,1,1,2,1,1,1
github_actions,pallets/flask,30317134069,2152,schedule,completed,failure,2026-07-28T00:22:57Z,2026-07-28T00:22:57Z,2026-07-28T00:23:05Z,8.0,36e4a824f340fdee7ed50937ba8e7f6bc7d17f81,main,2026-05-31T14:42:46Z,27,1,1,2,1,1,1
github_actions,pallets/flask,30301043353,602,pull_request,completed,success,2026-07-27T20:04:53Z,2026-07-27T20:04:53Z,2026-07-27T20:05:20Z,27.0,c9890fe3415a1a42ef708f60ed0f74984f591930,fix/ipv6-host-rpartition-parsing,2026-07-27T20:04:45Z,69,4,2,6,2,1,0
github_actions,pallets/flask,30301043349,2467,pull_request,completed,failure,2026-07-27T20:04:53Z,2026-07-27T20:04:53Z,2026-07-27T20:06:12Z,79.0,c9890fe3415a1a42ef708f60ed0f74984f591930,fix/ipv6-host-rpartition-parsing,2026-07-27T20:04:45Z,69,4,2,6,2,1,1
github_actions,pallets/flask,30227427224,2151,schedule,completed,failure,2026-07-27T00:25:59Z,2026-07-27T00:25:59Z,2026-07-27T00:26:07Z,8.0,36e4a824f340fdee7ed50937ba8e7f6bc7d17f81,main,2026-05-31T14:42:46Z,27,1,1,2,1,1,1
github_actions,pallets/flask,30206977436,601,pull_request,completed,failure,2026-07-26T14:51:56Z,2026-07-26T14:51:56Z,2026-07-26T14:52:18Z,22.0,4b31bde7ffb2092e88a445168ce08ce0f927d630,fix-docs-1785077509,2026-07-26T14:51:49Z,16,1,0,1,1,1,1
github_actions,pallets/flask,30181155902,2150,schedule,completed,failure,2026-07-26T00:26:21Z,2026-07-26T00:26:21Z,2026-07-26T00:26:29Z,8.0,36e4a824f340fdee7ed50937ba8e7f6bc7d17f81,main,2026-05-31T14:42:46Z,27,1,1,2,1,1,1
github_actions,pallets/flask,30162208593,2466,pull_request,completed,failure,2026-07-25T14:43:51Z,2026-07-25T14:43:51Z,2026-07-25T14:45:16Z,85.0,8b4d75213cc47836101509b131eec29278bd13a4,jenkins-test,2026-07-25T14:37:21Z,20,3,0,3,1,1,1
github_actions,pallets/flask,30162208595,600,pull_request,completed,failure,2026-07-25T14:43:51Z,2026-07-25T14:43:51Z,2026-07-25T14:44:14Z,23.0,8b4d75213cc47836101509b131eec29278bd13a4,jenkins-test,2026-07-25T14:37:21Z,20,3,0,3,1,1,1
github_actions,pallets/flask,30136248840,2149,schedule,completed,failure,2026-07-25T00:25:35Z,2026-07-25T00:25:35Z,2026-07-25T00:25:43Z,8.0,36e4a824f340fdee7ed50937ba8e7f6bc7d17f81,main,2026-05-31T14:42:46Z,27,1,1,2,1,1,1
github_actions,pallets/flask,30086386101,599,pull_request,completed,failure,2026-07-24T10:30:10Z,2026-07-24T10:30:10Z,2026-07-24T10:30:40Z,30.0,95e3175439a955afd3c9c9ad0a7a5864696122de,patch-1,2026-07-24T10:29:42Z,5,0,1,1,1,1,1
github_actions,pallets/flask,30086386109,2465,pull_request,completed,failure,2026-07-24T10:30:10Z,2026-07-24T10:30:10Z,2026-07-24T10:30:57Z,47.0,95e3175439a955afd3c9c9ad0a7a5864696122de,patch-1,2026-07-24T10:29:42Z,5,0,1,1,1,1,1
github_actions,pallets/flask,30055986560,2148,schedule,completed,failure,2026-07-24T00:22:14Z,2026-07-24T00:22:14Z,2026-07-24T00:22:19Z,5.0,36e4a824f340fdee7ed50937ba8e7f6bc7d17f81,main,2026-05-31T14:42:46Z,27,1,1,2,1,1,1
github_actions,pallets/flask,30022388256,598,pull_request,completed,success,2026-07-23T15:50:28Z,2026-07-23T15:50:28Z,2026-07-23T15:50:51Z,23.0,664cb2c437402683137dd7f50a31ae70e477e974,fix-doc-typo,2026-07-23T15:49:05Z,39,1,1,2,1,1,0
github_actions,pallets/flask,29968969311,2147,schedule,completed,failure,2026-07-23T00:24:12Z,2026-07-23T00:24:12Z,2026-07-23T00:24:20Z,8.0,36e4a824f340fdee7ed50937ba8e7f6bc7d17f81,main,2026-05-31T14:42:46Z,27,1,1,2,1,1,1
github_actions,pallets/flask,29901992877,597,pull_request,completed,success,2026-07-22T07:55:25Z,2026-07-22T07:55:25Z,2026-07-22T07:55:43Z,18.0,ef69acd76b592353eaa5ae3fef3a76da9b2c431a,fix/dev-warning,2026-07-22T07:54:48Z,64,15,15,30,4,1,0
github_actions,pallets/flask,29901992885,2464,pull_request,completed,failure,2026-07-22T07:55:25Z,2026-07-22T07:55:25Z,2026-07-22T07:56:19Z,54.0,ef69acd76b592353eaa5ae3fef3a76da9b2c431a,fix/dev-warning,2026-07-22T07:54:48Z,64,15,15,30,4,1,1
github_actions,pallets/flask,29883963253,596,pull_request,completed,success,2026-07-22T01:45:19Z,2026-07-22T01:45:19Z,2026-07-22T01:45:40Z,21.0,ce2c53a2e6d39e3de2f0e9e2ba424535f91c7197,stable,2026-07-22T01:45:00Z,24,11,16,27,2,1,0
github_actions,pallets/flask,29883963187,2463,pull_request,completed,success,2026-07-22T01:45:19Z,2026-07-22T01:45:19Z,2026-07-22T01:45:54Z,35.0,ce2c53a2e6d39e3de2f0e9e2ba424535f91c7197,stable,2026-07-22T01:45:00Z,24,11,16,27,2,1,0
github_actions,pallets/flask,29883672239,2462,pull_request,completed,success,2026-07-22T01:39:00Z,2026-07-22T01:39:00Z,2026-07-22T01:39:57Z,57.0,c61252cda7adf56230f4fe6de4a28a70e5fb3cf2,stable,2026-07-22T01:37:39Z,22,29,7,36,3,1,0
github_actions,pallets/flask,29883670931,595,pull_request,completed,failure,2026-07-22T01:38:58Z,2026-07-22T01:38:58Z,2026-07-22T01:39:10Z,12.0,c61252cda7adf56230f4fe6de4a28a70e5fb3cf2,stable,2026-07-22T01:37:39Z,22,29,7,36,3,1,1
github_actions,pallets/flask,29881037146,2461,pull_request,completed,failure,2026-07-22T00:43:04Z,2026-07-22T00:43:04Z,2026-07-22T00:43:59Z,55.0,20286f018914643d27a54dddfdb1d3de99a07c04,stable,2026-07-22T00:23:33Z,42,50,13,63,4,1,1
github_actions,pallets/flask,29881037107,594,pull_request,completed,success,2026-07-22T00:43:04Z,2026-07-22T00:43:04Z,2026-07-22T00:43:34Z,30.0,20286f018914643d27a54dddfdb1d3de99a07c04,stable,2026-07-22T00:23:33Z,42,50,13,63,4,1,0
github_actions,pallets/flask,29880041298,2146,schedule,completed,failure,2026-07-22T00:22:25Z,2026-07-22T00:22:25Z,2026-07-22T00:22:32Z,7.0,36e4a824f340fdee7ed50937ba8e7f6bc7d17f81,main,2026-05-31T14:42:46Z,27,1,1,2,1,1,1
github_actions,pallets/flask,29790177567,2145,schedule,completed,failure,2026-07-21T00:24:10Z,2026-07-21T00:24:10Z,2026-07-21T00:24:16Z,6.0,36e4a824f340fdee7ed50937ba8e7f6bc7d17f81,main,2026-05-31T14:42:46Z,27,1,1,2,1,1,1
github_actions,pallets/flask,29776273012,593,pull_request,completed,success,2026-07-20T20:28:35Z,2026-07-20T20:28:35Z,2026-07-20T20:29:03Z,28.0,6580ef922c92ec98c341850ddf392b7ef0e862e1,fix/wsgi-teardown-error-propagation,2026-07-20T20:24:10Z,72,31,1,32,2,1,0
github_actions,pallets/flask,29776272986,2460,pull_request,completed,failure,2026-07-20T20:28:35Z,2026-07-20T20:28:35Z,2026-07-20T20:29:22Z,47.0,6580ef922c92ec98c341850ddf392b7ef0e862e1,fix/wsgi-teardown-error-propagation,2026-07-20T20:24:10Z,72,31,1,32,2,1,1
github_actions,pallets/flask,29711531697,592,pull_request,completed,success,2026-07-20T01:51:17Z,2026-07-20T01:51:17Z,2026-07-20T02:56:12Z,3895.0,f1946be8e487d2029b39198fc2ee7e3046ce8a15,fix/pytest-91-remove-private-notset,2026-07-20T01:49:48Z,962,20,27,47,2,1,0
github_actions,pallets/flask,29711531702,2459,pull_request,completed,failure,2026-07-20T01:51:17Z,2026-07-20T01:51:17Z,2026-07-20T02:56:43Z,3926.0,f1946be8e487d2029b39198fc2ee7e3046ce8a15,fix/pytest-91-remove-private-notset,2026-07-20T01:49:48Z,962,20,27,47,2,1,1
github_actions,pallets/flask,29709467136,2144,schedule,completed,failure,2026-07-20T00:24:59Z,2026-07-20T00:24:59Z,2026-07-20T02:56:13Z,9074.0,36e4a824f340fdee7ed50937ba8e7f6bc7d17f81,main,2026-05-31T14:42:46Z,27,1,1,2,1,1,1
github_actions,pallets/flask,29666859388,2143,schedule,completed,failure,2026-07-19T00:23:12Z,2026-07-19T00:23:12Z,2026-07-19T00:23:19Z,7.0,36e4a824f340fdee7ed50937ba8e7f6bc7d17f81,main,2026-05-31T14:42:46Z,27,1,1,2,1,1,1
github_actions,pallets/flask,29622917844,2142,schedule,completed,failure,2026-07-18T00:21:45Z,2026-07-18T00:21:45Z,2026-07-18T00:21:50Z,5.0,36e4a824f340fdee7ed50937ba8e7f6bc7d17f81,main,2026-05-31T14:42:46Z,27,1,1,2,1,1,1
github_actions,pallets/flask,29544666902,2141,schedule,completed,failure,2026-07-17T00:23:53Z,2026-07-17T00:23:53Z,2026-07-17T00:24:00Z,7.0,36e4a824f340fdee7ed50937ba8e7f6bc7d17f81,main,2026-05-31T14:42:46Z,27,1,1,2,1,1,1
github_actions,pallets/flask,29535400733,2458,pull_request,completed,failure,2026-07-16T21:16:15Z,2026-07-16T21:16:15Z,2026-07-16T21:16:55Z,40.0,7b9583381c485030106f2ce292a101288c8c8d1c,main,2026-07-16T21:13:24Z,898,1309,0,1309,24,1,1
github_actions,pallets/flask,29535400680,591,pull_request,completed,failure,2026-07-16T21:16:14Z,2026-07-16T21:16:14Z,2026-07-16T21:16:33Z,19.0,7b9583381c485030106f2ce292a101288c8c8d1c,main,2026-07-16T21:13:24Z,898,1309,0,1309,24,1,1
github_actions,pallets/flask,29461270545,2140,schedule,completed,failure,2026-07-16T00:22:47Z,2026-07-16T00:22:47Z,2026-07-16T00:22:52Z,5.0,36e4a824f340fdee7ed50937ba8e7f6bc7d17f81,main,2026-05-31T14:42:46Z,27,1,1,2,1,1,1
github_actions,pallets/flask,29378718677,2139,schedule,completed,failure,2026-07-15T00:19:32Z,2026-07-15T00:19:32Z,2026-07-15T00:19:37Z,5.0,36e4a824f340fdee7ed50937ba8e7f6bc7d17f81,main,2026-05-31T14:42:46Z,27,1,1,2,1,1,1
github_actions,pallets/flask,29345657578,590,pull_request,completed,success,2026-07-14T15:30:52Z,2026-07-14T15:30:52Z,2026-07-14T15:31:20Z,28.0,67d2e8f7e018dc7c64f6fccc1fb420b7f7dd0164,fix-partition-usage,2026-07-14T15:07:30Z,28,8,4,12,2,1,0
github_actions,pallets/flask,29345657576,2457,pull_request,completed,failure,2026-07-14T15:30:52Z,2026-07-14T15:30:52Z,2026-07-14T15:31:44Z,52.0,67d2e8f7e018dc7c64f6fccc1fb420b7f7dd0164,fix-partition-usage,2026-07-14T15:07:30Z,28,8,4,12,2,1,1
github_actions,pallets/flask,29325059710,589,pull_request,completed,success,2026-07-14T10:21:36Z,2026-07-14T10:21:36Z,2026-07-14T10:22:03Z,27.0,bcad8d2a467919c21b99eda27d862d1fd8db3b3a,flask-delenv,2026-07-14T10:21:06Z,1137,18,34,52,3,1,0
github_actions,pallets/flask,29325059717,2456,pull_request,completed,failure,2026-07-14T10:21:36Z,2026-07-14T10:21:36Z,2026-07-14T10:22:11Z,35.0,bcad8d2a467919c21b99eda27d862d1fd8db3b3a,flask-delenv,2026-07-14T10:21:06Z,1137,18,34,52,3,1,1
github_actions,pallets/flask,29306596730,588,pull_request,completed,failure,2026-07-14T04:41:37Z,2026-07-14T04:41:37Z,2026-07-14T04:41:55Z,18.0,b582518f5d275af891709fb5dce9af180ee95c6a,fix/ipv6-host-parsing,2026-07-14T04:41:18Z,385,8,2,10,2,1,1
github_actions,pallets/flask,29306596732,2455,pull_request,completed,failure,2026-07-14T04:41:37Z,2026-07-14T04:41:37Z,2026-07-14T04:42:16Z,39.0,b582518f5d275af891709fb5dce9af180ee95c6a,fix/ipv6-host-parsing,2026-07-14T04:41:18Z,385,8,2,10,2,1,1
github_actions,pallets/flask,29295693995,2138,schedule,completed,failure,2026-07-14T00:21:28Z,2026-07-14T00:21:28Z,2026-07-14T00:21:36Z,8.0,36e4a824f340fdee7ed50937ba8e7f6bc7d17f81,main,2026-05-31T14:42:46Z,27,1,1,2,1,1,1
github_actions,pallets/flask,29215261868,2137,schedule,completed,failure,2026-07-13T00:24:06Z,2026-07-13T00:24:06Z,2026-07-13T00:24:11Z,5.0,36e4a824f340fdee7ed50937ba8e7f6bc7d17f81,main,2026-05-31T14:42:46Z,27,1,1,2,1,1,1
github_actions,pallets/flask,29173648437,2136,schedule,completed,failure,2026-07-12T00:24:01Z,2026-07-12T00:24:01Z,2026-07-12T00:24:09Z,8.0,36e4a824f340fdee7ed50937ba8e7f6bc7d17f81,main,2026-05-31T14:42:46Z,27,1,1,2,1,1,1
github_actions,pallets/flask,29134187092,587,pull_request,completed,success,2026-07-11T01:11:55Z,2026-07-11T01:11:55Z,2026-07-11T01:12:14Z,19.0,049d1e8e3290e871700a5fd4de4a088533e05d80,fix/pytest-9.1-compat-6071,2026-07-11T01:11:27Z,810,33,24,57,3,1,0
github_actions,pallets/flask,29134187066,2454,pull_request,completed,failure,2026-07-11T01:11:55Z,2026-07-11T01:11:55Z,2026-07-11T01:12:35Z,40.0,049d1e8e3290e871700a5fd4de4a088533e05d80,fix/pytest-9.1-compat-6071,2026-07-11T01:11:27Z,810,33,24,57,3,1,1
github_actions,pallets/flask,29132493479,2135,schedule,completed,failure,2026-07-11T00:22:57Z,2026-07-11T00:22:57Z,2026-07-11T00:23:05Z,8.0,36e4a824f340fdee7ed50937ba8e7f6bc7d17f81,main,2026-05-31T14:42:46Z,27,1,1,2,1,1,1
github_actions,pallets/flask,29090241605,586,pull_request,completed,success,2026-07-10T11:42:07Z,2026-07-10T11:42:07Z,2026-07-10T11:42:30Z,23.0,a43b0e460fc268a569db3363792a5a1c191d3382,codex/http-query-support,2026-07-10T11:41:31Z,105,31,4,35,5,1,0
github_actions,pallets/flask,29090241611,2453,pull_request,completed,failure,2026-07-10T11:42:07Z,2026-07-10T11:42:07Z,2026-07-10T11:43:02Z,55.0,a43b0e460fc268a569db3363792a5a1c191d3382,codex/http-query-support,2026-07-10T11:41:31Z,105,31,4,35,5,1,1
github_actions,pallets/flask,29060056282,2134,schedule,completed,failure,2026-07-10T00:28:51Z,2026-07-10T00:28:51Z,2026-07-10T00:29:00Z,9.0,36e4a824f340fdee7ed50937ba8e7f6bc7d17f81,main,2026-05-31T14:42:46Z,27,1,1,2,1,1,1
github_actions,pallets/flask,29053114059,585,pull_request,completed,success,2026-07-09T21:58:32Z,2026-07-09T21:58:32Z,2026-07-09T21:58:57Z,25.0,17cadf7e1d683a91e35d4d3c92b45cd848563c4f,security/secret-key-fallback-type-check,2026-07-09T21:57:43Z,34,36,0,36,3,1,0
github_actions,pallets/flask,29053114274,2452,pull_request,completed,failure,2026-07-09T21:58:32Z,2026-07-09T21:58:32Z,2026-07-09T21:59:11Z,39.0,17cadf7e1d683a91e35d4d3c92b45cd848563c4f,security/secret-key-fallback-type-check,2026-07-09T21:57:43Z,34,36,0,36,3,1,1
github_actions,pallets/flask,29050162061,584,pull_request,completed,success,2026-07-09T21:05:02Z,2026-07-09T21:05:02Z,2026-07-09T21:05:23Z,21.0,c0c2bc26ded542b40a479487a9272c1ced66f2e0,codex/flask-pytest-9-monkeypatch-compat,2026-07-09T21:04:18Z,42,27,43,70,2,1,0
github_actions,pallets/flask,29050162110,2451,pull_request,completed,failure,2026-07-09T21:05:02Z,2026-07-09T21:05:02Z,2026-07-09T21:05:40Z,38.0,c0c2bc26ded542b40a479487a9272c1ced66f2e0,codex/flask-pytest-9-monkeypatch-compat,2026-07-09T21:04:18Z,42,27,43,70,2,1,1
github_actions,pallets/flask,28985274787,2133,schedule,completed,failure,2026-07-09T00:27:43Z,2026-07-09T00:27:43Z,2026-07-09T00:27:49Z,6.0,36e4a824f340fdee7ed50937ba8e7f6bc7d17f81,main,2026-05-31T14:42:46Z,27,1,1,2,1,1,1
github_actions,pallets/flask,28919713030,580,pull_request,completed,failure,2026-07-08T05:25:35Z,2026-07-08T05:25:35Z,2026-07-08T05:26:00Z,25.0,02b143f2da3960bdf26766afeaf3ca76f080eb3a,koppularoshitha-patch-1,2026-07-08T04:47:17Z,34,1,0,1,1,1,1
github_actions,pallets/flask,28919712984,2447,pull_request,completed,failure,2026-07-08T05:25:34Z,2026-07-08T05:25:34Z,2026-07-08T05:26:07Z,33.0,02b143f2da3960bdf26766afeaf3ca76f080eb3a,koppularoshitha-patch-1,2026-07-08T04:47:17Z,34,1,0,1,1,1,1
github_actions,pallets/flask,28908247062,2132,schedule,completed,failure,2026-07-08T00:24:10Z,2026-07-08T00:24:10Z,2026-07-08T00:24:16Z,6.0,36e4a824f340fdee7ed50937ba8e7f6bc7d17f81,main,2026-05-31T14:42:46Z,27,1,1,2,1,1,1
github_actions,pallets/flask,28882148964,579,pull_request,completed,success,2026-07-07T16:29:24Z,2026-07-07T16:29:24Z,2026-07-07T16:29:44Z,20.0,8816f161cfe40e782a322f68821ff919e3faf695,fix-pytest-compatibility,2026-07-07T16:22:26Z,73,14,29,43,2,1,0
github_actions,pallets/flask,28882149155,2446,pull_request,completed,failure,2026-07-07T16:29:24Z,2026-07-07T16:29:24Z,2026-07-07T16:30:08Z,44.0,8816f161cfe40e782a322f68821ff919e3faf695,fix-pytest-compatibility,2026-07-07T16:22:26Z,73,14,29,43,2,1,1
github_actions,pallets/flask,28867943127,577,pull_request,completed,failure,2026-07-07T12:58:18Z,2026-07-07T12:58:18Z,2026-07-07T12:58:43Z,25.0,ae0392cbdd9c1fdf0f42a5c73080db25212d2959,fix/6071-pytest-9-1-notset-collection-crash,2026-07-07T12:57:41Z,442,14,7,21,2,1,1
github_actions,pallets/flask,28867943154,2445,pull_request,completed,failure,2026-07-07T12:58:18Z,2026-07-07T12:58:18Z,2026-07-07T13:00:07Z,109.0,ae0392cbdd9c1fdf0f42a5c73080db25212d2959,fix/6071-pytest-9-1-notset-collection-crash,2026-07-07T12:57:41Z,442,14,7,21,2,1,1
github_actions,pallets/flask,28832814595,2131,schedule,completed,failure,2026-07-07T00:29:40Z,2026-07-07T00:29:40Z,2026-07-07T00:29:48Z,8.0,36e4a824f340fdee7ed50937ba8e7f6bc7d17f81,main,2026-05-31T14:42:46Z,27,1,1,2,1,1,1
github_actions,pallets/flask,28760262889,2130,schedule,completed,failure,2026-07-06T00:28:43Z,2026-07-06T00:28:43Z,2026-07-06T00:28:50Z,7.0,36e4a824f340fdee7ed50937ba8e7f6bc7d17f81,main,2026-05-31T14:42:46Z,27,1,1,2,1,1,1
github_actions,pallets/flask,28724371864,2129,schedule,completed,failure,2026-07-05T00:28:02Z,2026-07-05T00:28:02Z,2026-07-05T00:28:07Z,5.0,36e4a824f340fdee7ed50937ba8e7f6bc7d17f81,main,2026-05-31T14:42:46Z,27,1,1,2,1,1,1
github_actions,pallets/flask,28695644614,576,pull_request,completed,success,2026-07-04T05:01:30Z,2026-07-04T05:01:30Z,2026-07-04T05:01:52Z,22.0,60ec3ed3d7a573a8bfb39fb8d053b424bfcfee49,fix/jinja-options-mutable-default,2026-07-04T05:01:25Z,65,1,1,2,1,1,0
github_actions,pallets/flask,28695644620,2444,pull_request,completed,failure,2026-07-04T05:01:30Z,2026-07-04T05:01:30Z,2026-07-04T05:02:11Z,41.0,60ec3ed3d7a573a8bfb39fb8d053b424bfcfee49,fix/jinja-options-mutable-default,2026-07-04T05:01:25Z,65,1,1,2,1,1,1
github_actions,pallets/flask,28695563921,575,pull_request,completed,success,2026-07-04T04:58:02Z,2026-07-04T04:58:02Z,2026-07-04T04:58:28Z,26.0,460364fd42b401676c52cc6f276b0bf901aa9738,fix/jinja-options-mutable-default,2026-07-04T04:53:42Z,328,3,0,3,1,1,0
github_actions,pallets/flask,28695563916,2443,pull_request,completed,failure,2026-07-04T04:58:02Z,2026-07-04T04:58:02Z,2026-07-04T04:58:42Z,40.0,460364fd42b401676c52cc6f276b0bf901aa9738,fix/jinja-options-mutable-default,2026-07-04T04:53:42Z,328,3,0,3,1,1,1
github_actions,pallets/flask,28689261273,2128,schedule,completed,failure,2026-07-04T00:27:28Z,2026-07-04T00:27:28Z,2026-07-04T00:27:36Z,8.0,36e4a824f340fdee7ed50937ba8e7f6bc7d17f81,main,2026-05-31T14:42:46Z,27,1,1,2,1,1,1
github_actions,pallets/flask,28640068500,574,pull_request,completed,success,2026-07-03T05:16:23Z,2026-07-03T05:16:23Z,2026-07-03T05:16:42Z,19.0,1c317d21475ee82e56ae4813fb8a7c2c3f3c60b6,patch-1,2026-07-03T05:15:52Z,54,5,5,10,1,1,0
github_actions,pallets/flask,28630279102,2127,schedule,completed,failure,2026-07-03T00:28:19Z,2026-07-03T00:28:19Z,2026-07-03T00:28:28Z,9.0,36e4a824f340fdee7ed50937ba8e7f6bc7d17f81,main,2026-05-31T14:42:46Z,27,1,1,2,1,1,1
github_actions,pallets/flask,28604968174,573,pull_request,completed,success,2026-07-02T16:17:25Z,2026-07-02T16:17:25Z,2026-07-02T16:17:50Z,25.0,29cc2a3e8ecdfbf9b8546a589e3a9acfbda08095,fix-pytest-91-notset,2026-07-02T16:17:05Z,43,42,12,54,5,1,0
github_actions,pallets/flask,28604968127,2442,pull_request,completed,success,2026-07-02T16:17:24Z,2026-07-02T16:17:24Z,2026-07-02T16:18:42Z,78.0,29cc2a3e8ecdfbf9b8546a589e3a9acfbda08095,fix-pytest-91-notset,2026-07-02T16:17:05Z,43,42,12,54,5,1,0
github_actions,pallets/flask,28604851866,572,pull_request,completed,success,2026-07-02T16:15:29Z,2026-07-02T16:15:29Z,2026-07-02T16:15:51Z,22.0,36679652c130c4f3ea6590e9f216639eb981f7a6,fix-pytest-91-notset,2026-07-02T16:14:59Z,43,30,11,41,4,1,0
github_actions,pallets/flask,28604851874,2441,pull_request,completed,failure,2026-07-02T16:15:29Z,2026-07-02T16:15:29Z,2026-07-02T16:16:08Z,39.0,36679652c130c4f3ea6590e9f216639eb981f7a6,fix-pytest-91-notset,2026-07-02T16:14:59Z,43,30,11,41,4,1,1
github_actions,pallets/flask,28604659222,571,pull_request,completed,success,2026-07-02T16:12:26Z,2026-07-02T16:12:26Z,2026-07-02T16:12:54Z,28.0,b77ac14eb9247f8ec8d5644b5ee57c180692134c,fix-pytest-91-notset,2026-07-02T16:12:07Z,43,31,12,43,5,1,0
github_actions,pallets/flask,28604659385,2440,pull_request,completed,failure,2026-07-02T16:12:26Z,2026-07-02T16:12:26Z,2026-07-02T16:13:53Z,87.0,b77ac14eb9247f8ec8d5644b5ee57c180692134c,fix-pytest-91-notset,2026-07-02T16:12:07Z,43,31,12,43,5,1,1
github_actions,pallets/flask,28604076868,2439,pull_request,completed,failure,2026-07-02T16:03:11Z,2026-07-02T16:03:11Z,2026-07-02T16:04:11Z,60.0,459fa5450bcae76637a250ea7ee5a50171572253,fix-pytest-91-notset,2026-07-02T16:02:57Z,43,18,9,27,2,1,1
github_actions,pallets/flask,28604075121,570,pull_request,completed,success,2026-07-02T16:03:09Z,2026-07-02T16:03:09Z,2026-07-02T16:03:32Z,23.0,459fa5450bcae76637a250ea7ee5a50171572253,fix-pytest-91-notset,2026-07-02T16:02:57Z,43,18,9,27,2,1,0
github_actions,pallets/flask,28604016967,569,pull_request,completed,success,2026-07-02T16:02:16Z,2026-07-02T16:02:16Z,2026-07-02T16:02:50Z,34.0,91f71db708276e6e882ab9a90f22b19c57c88e7f,fix-pytest-91-notset,2026-07-02T16:01:50Z,43,10,9,19,2,1,0
github_actions,pallets/flask,28603575354,568,pull_request,completed,success,2026-07-02T15:55:25Z,2026-07-02T15:55:25Z,2026-07-02T15:55:53Z,28.0,ec082fa72816c856ee287e68c934487fc23c01c4,fix-pytest-91-notset,2026-07-02T15:54:08Z,43,10,9,19,2,1,0
github_actions,pallets/flask,28603575184,2437,pull_request,completed,failure,2026-07-02T15:55:25Z,2026-07-02T15:55:25Z,2026-07-02T15:57:25Z,120.0,ec082fa72816c856ee287e68c934487fc23c01c4,fix-pytest-91-notset,2026-07-02T15:54:08Z,43,10,9,19,2,1,1
github_actions,pallets/flask,28600431321,567,pull_request,completed,success,2026-07-02T15:06:52Z,2026-07-02T15:06:52Z,2026-07-02T15:07:11Z,19.0,3d7aa8089d8bc5c0e7f15fdd40cde05182c3a6cf,feature/dockerize,2026-07-02T14:33:49Z,36,34,0,34,2,1,0
github_actions,pallets/flask,28600431478,2436,pull_request,completed,failure,2026-07-02T15:06:52Z,2026-07-02T15:06:52Z,2026-07-02T15:07:32Z,40.0,3d7aa8089d8bc5c0e7f15fdd40cde05182c3a6cf,feature/dockerize,2026-07-02T14:33:49Z,36,34,0,34,2,1,1
github_actions,pallets/flask,28585735235,2435,pull_request,completed,failure,2026-07-02T11:13:43Z,2026-07-02T11:13:43Z,2026-07-02T11:14:24Z,41.0,ba46b01888b838545e4d84d2baf9deaebe1ba865,feature/dockerize,2026-07-02T08:17:28Z,67,0,0,0,4,1,1
github_actions,pallets/flask,28585735287,566,pull_request,completed,failure,2026-07-02T11:13:43Z,2026-07-02T11:13:43Z,2026-07-02T11:14:00Z,17.0,ba46b01888b838545e4d84d2baf9deaebe1ba865,feature/dockerize,2026-07-02T08:17:28Z,67,0,0,0,4,1,1
github_actions,pallets/flask,28585322825,565,pull_request,completed,failure,2026-07-02T11:06:08Z,2026-07-02T11:06:08Z,2026-07-02T11:06:29Z,21.0,ba46b01888b838545e4d84d2baf9deaebe1ba865,feature/dockerize,2026-07-02T08:17:28Z,67,0,0,0,4,1,1
github_actions,pallets/flask,28585322942,2434,pull_request,completed,failure,2026-07-02T11:06:08Z,2026-07-02T11:06:08Z,2026-07-02T11:06:49Z,41.0,ba46b01888b838545e4d84d2baf9deaebe1ba865,feature/dockerize,2026-07-02T08:17:28Z,67,0,0,0,4,1,1
github_actions,pallets/flask,28582748535,2433,pull_request,completed,failure,2026-07-02T10:19:19Z,2026-07-02T10:19:19Z,2026-07-02T10:19:56Z,37.0,b9f56e1bda47918f914cb2f025fbb0bab681beff,feature/dockerize,2026-07-02T10:16:06Z,26,0,0,0,3,1,1
github_actions,pallets/flask,28582748539,564,pull_request,completed,failure,2026-07-02T10:19:19Z,2026-07-02T10:19:19Z,2026-07-02T10:19:41Z,22.0,b9f56e1bda47918f914cb2f025fbb0bab681beff,feature/dockerize,2026-07-02T10:16:06Z,26,0,0,0,3,1,1
github_actions,pallets/flask,28574598521,563,pull_request,completed,failure,2026-07-02T07:56:56Z,2026-07-02T07:56:56Z,2026-07-02T07:57:22Z,26.0,cd3abc736a34ae9ca2781c688a675d836b417e71,feature/dockerize,2026-07-02T07:12:45Z,33,5,4,9,2,1,1
github_actions,pallets/flask,28574597914,2432,pull_request,completed,failure,2026-07-02T07:56:55Z,2026-07-02T07:56:55Z,2026-07-02T07:57:39Z,44.0,cd3abc736a34ae9ca2781c688a675d836b417e71,feature/dockerize,2026-07-02T07:12:45Z,33,5,4,9,2,1,1
github_actions,pallets/flask,28574121670,2431,pull_request,completed,failure,2026-07-02T07:47:53Z,2026-07-02T07:47:53Z,2026-07-02T07:48:34Z,41.0,a564e00f9a15341cdb3b8779cb80ba3eb0dc0879,patch-2,2026-07-02T07:47:40Z,232,16,7,23,2,1,1
github_actions,pallets/flask,28574121646,562,pull_request,completed,success,2026-07-02T07:47:52Z,2026-07-02T07:47:52Z,2026-07-02T07:48:13Z,21.0,a564e00f9a15341cdb3b8779cb80ba3eb0dc0879,patch-2,2026-07-02T07:47:40Z,232,16,7,23,2,1,0
github_actions,pallets/flask,28573697466,561,pull_request,completed,failure,2026-07-02T07:39:52Z,2026-07-02T07:39:52Z,2026-07-02T07:40:21Z,29.0,498f13135acdf045c40bad193ec44c94277f32fb,patch-2,2026-07-02T07:38:14Z,232,15,7,22,2,1,1
github_actions,pallets/flask,28573697479,2430,pull_request,completed,failure,2026-07-02T07:39:52Z,2026-07-02T07:39:52Z,2026-07-02T07:40:38Z,46.0,498f13135acdf045c40bad193ec44c94277f32fb,patch-2,2026-07-02T07:38:14Z,232,15,7,22,2,1,1
github_actions,pallets/flask,28571482506,560,pull_request,completed,success,2026-07-02T06:56:19Z,2026-07-02T06:56:19Z,2026-07-02T06:56:38Z,19.0,1fb7bf3ee606fa1be33b19593bab7e0117d03a6e,feature/dockerize,2026-07-02T06:32:29Z,44,161,0,161,4,1,0
github_actions,pallets/flask,28571482533,2429,pull_request,completed,failure,2026-07-02T06:56:19Z,2026-07-02T06:56:19Z,2026-07-02T06:56:57Z,38.0,1fb7bf3ee606fa1be33b19593bab7e0117d03a6e,feature/dockerize,2026-07-02T06:32:29Z,44,161,0,161,4,1,1
github_actions,psf/requests,32913551879,7960,schedule,completed,success,2026-08-26T00:04:36Z,2026-08-26T00:04:36Z,2026-08-26T00:05:42Z,66.0,5460f467b02e49471c0fd6cfc9ca0adab6351f98,main,2026-08-25T00:45:57Z,53,1,1,2,1,1,0
github_actions,psf/requests,32794206150,1690,pull_request,completed,success,2026-08-25T00:34:53Z,2026-08-25T00:34:53Z,2026-08-25T00:35:20Z,27.0,5eb28753421fe1d32fa5482f9320e78bf9dfb064,fix-gh-token,2026-08-25T00:33:04Z,45,1,1,2,1,1,0
github_actions,psf/requests,32794206179,308,pull_request,completed,success,2026-08-25T00:34:53Z,2026-08-25T00:34:53Z,2026-08-25T00:35:21Z,28.0,5eb28753421fe1d32fa5482f9320e78bf9dfb064,fix-gh-token,2026-08-25T00:33:04Z,45,1,1,2,1,1,0
github_actions,psf/requests,32794206175,2208,pull_request,completed,success,2026-08-25T00:34:53Z,2026-08-25T00:34:53Z,2026-08-25T00:35:44Z,51.0,5eb28753421fe1d32fa5482f9320e78bf9dfb064,fix-gh-token,2026-08-25T00:33:04Z,45,1,1,2,1,1,0
github_actions,psf/requests,32794206178,2164,pull_request,completed,success,2026-08-25T00:34:53Z,2026-08-25T00:34:53Z,2026-08-25T00:39:04Z,251.0,5eb28753421fe1d32fa5482f9320e78bf9dfb064,fix-gh-token,2026-08-25T00:33:04Z,45,1,1,2,1,1,0
github_actions,psf/requests,32794206140,367,pull_request,completed,success,2026-08-25T00:34:53Z,2026-08-25T00:34:53Z,2026-08-25T00:35:16Z,23.0,5eb28753421fe1d32fa5482f9320e78bf9dfb064,fix-gh-token,2026-08-25T00:33:04Z,45,1,1,2,1,1,0
github_actions,psf/requests,32794087703,2163,push,completed,success,2026-08-25T00:33:07Z,2026-08-25T00:33:07Z,2026-08-25T00:37:27Z,260.0,5eb28753421fe1d32fa5482f9320e78bf9dfb064,fix-gh-token,2026-08-25T00:33:04Z,45,1,1,2,1,1,0
github_actions,psf/requests,32794087694,307,push,completed,success,2026-08-25T00:33:07Z,2026-08-25T00:33:07Z,2026-08-25T00:33:24Z,17.0,5eb28753421fe1d32fa5482f9320e78bf9dfb064,fix-gh-token,2026-08-25T00:33:04Z,45,1,1,2,1,1,0
github_actions,psf/requests,32794087722,1689,push,completed,success,2026-08-25T00:33:07Z,2026-08-25T00:33:07Z,2026-08-25T00:33:31Z,24.0,5eb28753421fe1d32fa5482f9320e78bf9dfb064,fix-gh-token,2026-08-25T00:33:04Z,45,1,1,2,1,1,0
github_actions,psf/requests,32792099048,7959,schedule,completed,failure,2026-08-25T00:04:16Z,2026-08-25T00:04:16Z,2026-08-25T00:04:23Z,7.0,6af0b94158bbe10c45e754e85f9701f401e6aa9c,main,2026-08-24T17:33:15Z,760,1,1,2,1,1,1
github_actions,psf/requests,32757293924,2162,push,completed,success,2026-08-24T17:33:18Z,2026-08-24T17:33:18Z,2026-08-24T17:38:18Z,300.0,6af0b94158bbe10c45e754e85f9701f401e6aa9c,main,2026-08-24T17:33:15Z,760,1,1,2,1,1,0
github_actions,psf/requests,32757293937,306,push,completed,success,2026-08-24T17:33:18Z,2026-08-24T17:33:18Z,2026-08-24T17:33:54Z,36.0,6af0b94158bbe10c45e754e85f9701f401e6aa9c,main,2026-08-24T17:33:15Z,760,1,1,2,1,1,0
github_actions,psf/requests,32757293933,366,push,completed,success,2026-08-24T17:33:18Z,2026-08-24T17:33:18Z,2026-08-24T17:33:50Z,32.0,6af0b94158bbe10c45e754e85f9701f401e6aa9c,main,2026-08-24T17:33:15Z,760,1,1,2,1,1,0
github_actions,psf/requests,32757293934,1688,push,completed,success,2026-08-24T17:33:18Z,2026-08-24T17:33:18Z,2026-08-24T17:33:44Z,26.0,6af0b94158bbe10c45e754e85f9701f401e6aa9c,main,2026-08-24T17:33:15Z,760,1,1,2,1,1,0
github_actions,psf/requests,32757294005,2207,push,completed,success,2026-08-24T17:33:18Z,2026-08-24T17:33:18Z,2026-08-24T17:34:34Z,76.0,6af0b94158bbe10c45e754e85f9701f401e6aa9c,main,2026-08-24T17:33:15Z,760,1,1,2,1,1,0
github_actions,psf/requests,32753548636,2161,pull_request,completed,success,2026-08-24T16:54:33Z,2026-08-24T16:54:33Z,2026-08-24T16:59:05Z,272.0,a42344e766bcbc27ae1296f4c564cafdd3bfd66a,dependabot/pre_commit/pre-commit-40da8d85bd,2026-08-24T16:54:27Z,668,1,1,2,1,1,0
github_actions,psf/requests,32753548481,305,pull_request,completed,success,2026-08-24T16:54:33Z,2026-08-24T16:54:33Z,2026-08-24T16:54:57Z,24.0,a42344e766bcbc27ae1296f4c564cafdd3bfd66a,dependabot/pre_commit/pre-commit-40da8d85bd,2026-08-24T16:54:27Z,668,1,1,2,1,1,0
github_actions,psf/requests,32753548647,2206,pull_request,completed,success,2026-08-24T16:54:33Z,2026-08-24T16:54:33Z,2026-08-24T16:55:20Z,47.0,a42344e766bcbc27ae1296f4c564cafdd3bfd66a,dependabot/pre_commit/pre-commit-40da8d85bd,2026-08-24T16:54:27Z,668,1,1,2,1,1,0
github_actions,psf/requests,32753548839,365,pull_request,completed,success,2026-08-24T16:54:33Z,2026-08-24T16:54:33Z,2026-08-24T16:54:55Z,22.0,a42344e766bcbc27ae1296f4c564cafdd3bfd66a,dependabot/pre_commit/pre-commit-40da8d85bd,2026-08-24T16:54:27Z,668,1,1,2,1,1,0
github_actions,psf/requests,32753548468,1687,pull_request,completed,success,2026-08-24T16:54:33Z,2026-08-24T16:54:33Z,2026-08-24T16:54:57Z,24.0,a42344e766bcbc27ae1296f4c564cafdd3bfd66a,dependabot/pre_commit/pre-commit-40da8d85bd,2026-08-24T16:54:27Z,668,1,1,2,1,1,0
github_actions,psf/requests,32753542785,304,push,completed,success,2026-08-24T16:54:30Z,2026-08-24T16:54:30Z,2026-08-24T16:54:50Z,20.0,a42344e766bcbc27ae1296f4c564cafdd3bfd66a,dependabot/pre_commit/pre-commit-40da8d85bd,2026-08-24T16:54:27Z,668,1,1,2,1,1,0
github_actions,psf/requests,32753542800,1686,push,completed,success,2026-08-24T16:54:30Z,2026-08-24T16:54:30Z,2026-08-24T16:54:51Z,21.0,a42344e766bcbc27ae1296f4c564cafdd3bfd66a,dependabot/pre_commit/pre-commit-40da8d85bd,2026-08-24T16:54:27Z,668,1,1,2,1,1,0
github_actions,psf/requests,32753542817,2160,push,completed,success,2026-08-24T16:54:30Z,2026-08-24T17:17:02Z,2026-08-24T17:20:45Z,223.0,a42344e766bcbc27ae1296f4c564cafdd3bfd66a,dependabot/pre_commit/pre-commit-40da8d85bd,2026-08-24T16:54:27Z,668,1,1,2,1,2,0
github_actions,psf/requests,32753459310,126,dynamic,completed,success,2026-08-24T16:53:39Z,2026-08-24T16:53:39Z,2026-08-24T16:54:32Z,53.0,8f8b212de8c2129d7954c6cd373762880375620a,main,2026-08-17T19:03:13Z,760,1,1,2,1,1,0
github_actions,psf/requests,32753311237,125,dynamic,completed,success,2026-08-24T16:52:08Z,2026-08-24T16:52:08Z,2026-08-24T16:53:09Z,61.0,8f8b212de8c2129d7954c6cd373762880375620a,main,2026-08-17T19:03:13Z,760,1,1,2,1,1,0
github_actions,psf/requests,32675467241,7958,schedule,completed,failure,2026-08-24T00:03:57Z,2026-08-24T00:03:57Z,2026-08-24T00:04:06Z,9.0,8f8b212de8c2129d7954c6cd373762880375620a,main,2026-08-17T19:03:13Z,760,1,1,2,1,1,1
github_actions,psf/requests,32672373958,2205,schedule,completed,success,2026-08-23T23:01:36Z,2026-08-23T23:01:36Z,2026-08-23T23:02:49Z,73.0,8f8b212de8c2129d7954c6cd373762880375620a,main,2026-08-17T19:03:13Z,760,1,1,2,1,1,0
github_actions,psf/requests,32606896215,7957,schedule,completed,failure,2026-08-23T00:04:07Z,2026-08-23T00:04:07Z,2026-08-23T00:04:15Z,8.0,8f8b212de8c2129d7954c6cd373762880375620a,main,2026-08-17T19:03:13Z,760,1,1,2,1,1,1
github_actions,psf/requests,32539111078,7956,schedule,completed,failure,2026-08-22T00:04:20Z,2026-08-22T00:04:20Z,2026-08-22T00:04:26Z,6.0,8f8b212de8c2129d7954c6cd373762880375620a,main,2026-08-17T19:03:13Z,760,1,1,2,1,1,1
github_actions,psf/requests,30055816294,7927,schedule,completed,failure,2026-07-24T00:18:39Z,2026-07-24T00:18:39Z,2026-07-24T00:18:49Z,10.0,69f84847045bef7a849cc994a26fe7ba8a169e95,main,2026-07-20T18:41:16Z,2088,3,3,6,1,1,1
github_actions,psf/requests,29968796785,7926,schedule,completed,failure,2026-07-23T00:20:29Z,2026-07-23T00:20:29Z,2026-07-23T00:20:36Z,7.0,69f84847045bef7a849cc994a26fe7ba8a169e95,main,2026-07-20T18:41:16Z,2088,3,3,6,1,1,1
github_actions,psf/requests,29879843772,7925,schedule,completed,failure,2026-07-22T00:18:19Z,2026-07-22T00:18:19Z,2026-07-22T00:18:26Z,7.0,69f84847045bef7a849cc994a26fe7ba8a169e95,main,2026-07-20T18:41:16Z,2088,3,3,6,1,1,1
github_actions,psf/requests,29789975834,7924,schedule,completed,failure,2026-07-21T00:20:02Z,2026-07-21T00:20:02Z,2026-07-21T00:20:07Z,5.0,69f84847045bef7a849cc994a26fe7ba8a169e95,main,2026-07-20T18:41:16Z,2088,3,3,6,1,1,1
github_actions,psf/requests,29768811608,352,push,completed,success,2026-07-20T18:41:20Z,2026-07-20T18:41:20Z,2026-07-20T18:41:37Z,17.0,69f84847045bef7a849cc994a26fe7ba8a169e95,main,2026-07-20T18:41:16Z,2088,3,3,6,1,1,0
github_actions,psf/requests,29768811396,1668,push,completed,success,2026-07-20T18:41:20Z,2026-07-20T18:41:20Z,2026-07-20T18:41:42Z,22.0,69f84847045bef7a849cc994a26fe7ba8a169e95,main,2026-07-20T18:41:16Z,2088,3,3,6,1,1,0
github_actions,psf/requests,29768811411,286,push,completed,success,2026-07-20T18:41:20Z,2026-07-20T18:41:20Z,2026-07-20T18:41:52Z,32.0,69f84847045bef7a849cc994a26fe7ba8a169e95,main,2026-07-20T18:41:16Z,2088,3,3,6,1,1,0
github_actions,psf/requests,29768811564,2188,push,completed,success,2026-07-20T18:41:20Z,2026-07-20T18:41:20Z,2026-07-20T18:42:29Z,69.0,69f84847045bef7a849cc994a26fe7ba8a169e95,main,2026-07-20T18:41:16Z,2088,3,3,6,1,1,0
github_actions,psf/requests,29768811452,2142,push,completed,success,2026-07-20T18:41:20Z,2026-07-20T18:41:20Z,2026-07-20T18:45:45Z,265.0,69f84847045bef7a849cc994a26fe7ba8a169e95,main,2026-07-20T18:41:16Z,2088,3,3,6,1,1,0
github_actions,psf/requests,29765540905,1667,push,completed,success,2026-07-20T17:55:30Z,2026-07-20T17:55:30Z,2026-07-20T17:55:53Z,23.0,b17c61b618b1824f1f5d9edcacaf16801343a295,main,2026-07-20T17:55:26Z,765,1,1,2,1,1,0
github_actions,psf/requests,29765540856,351,push,completed,success,2026-07-20T17:55:29Z,2026-07-20T17:55:29Z,2026-07-20T17:55:48Z,19.0,b17c61b618b1824f1f5d9edcacaf16801343a295,main,2026-07-20T17:55:26Z,765,1,1,2,1,1,0
github_actions,psf/requests,29765540838,285,push,completed,success,2026-07-20T17:55:29Z,2026-07-20T17:55:29Z,2026-07-20T17:55:52Z,23.0,b17c61b618b1824f1f5d9edcacaf16801343a295,main,2026-07-20T17:55:26Z,765,1,1,2,1,1,0
github_actions,psf/requests,29765540847,2187,push,completed,success,2026-07-20T17:55:29Z,2026-07-20T17:55:29Z,2026-07-20T17:56:30Z,61.0,b17c61b618b1824f1f5d9edcacaf16801343a295,main,2026-07-20T17:55:26Z,765,1,1,2,1,1,0
github_actions,psf/requests,29765540818,2141,push,completed,failure,2026-07-20T17:55:29Z,2026-07-20T17:55:29Z,2026-07-20T18:00:21Z,292.0,b17c61b618b1824f1f5d9edcacaf16801343a295,main,2026-07-20T17:55:26Z,765,1,1,2,1,1,1
github_actions,psf/requests,29761741573,2140,push,completed,success,2026-07-20T16:56:56Z,2026-07-20T17:55:45Z,2026-07-20T17:59:33Z,228.0,b4b5aa4d264c78dcf4b4d95ddba880f164842f00,dependabot/github_actions/actions-e021b9f00e,2026-07-20T16:56:48Z,1996,3,3,6,1,2,0
github_actions,psf/requests,29761740185,2139,pull_request,completed,success,2026-07-20T16:56:55Z,2026-07-20T17:56:01Z,2026-07-20T17:59:57Z,236.0,b4b5aa4d264c78dcf4b4d95ddba880f164842f00,dependabot/github_actions/actions-e021b9f00e,2026-07-20T16:56:48Z,1996,3,3,6,1,2,0
github_actions,psf/requests,29761740054,2186,pull_request,completed,success,2026-07-20T16:56:55Z,2026-07-20T16:56:55Z,2026-07-20T16:57:53Z,58.0,b4b5aa4d264c78dcf4b4d95ddba880f164842f00,dependabot/github_actions/actions-e021b9f00e,2026-07-20T16:56:48Z,1996,3,3,6,1,1,0
github_actions,psf/requests,29761740109,350,pull_request,completed,success,2026-07-20T16:56:55Z,2026-07-20T16:56:55Z,2026-07-20T16:57:13Z,18.0,b4b5aa4d264c78dcf4b4d95ddba880f164842f00,dependabot/github_actions/actions-e021b9f00e,2026-07-20T16:56:48Z,1996,3,3,6,1,1,0
github_actions,psf/requests,29761740041,1666,pull_request,completed,success,2026-07-20T16:56:55Z,2026-07-20T16:56:55Z,2026-07-20T16:57:14Z,19.0,b4b5aa4d264c78dcf4b4d95ddba880f164842f00,dependabot/github_actions/actions-e021b9f00e,2026-07-20T16:56:48Z,1996,3,3,6,1,1,0
github_actions,psf/requests,29761740389,284,pull_request,completed,success,2026-07-20T16:56:55Z,2026-07-20T16:56:55Z,2026-07-20T16:57:19Z,24.0,b4b5aa4d264c78dcf4b4d95ddba880f164842f00,dependabot/github_actions/actions-e021b9f00e,2026-07-20T16:56:48Z,1996,3,3,6,1,1,0
github_actions,psf/requests,29761737716,1665,push,completed,success,2026-07-20T16:56:53Z,2026-07-20T16:56:53Z,2026-07-20T16:57:13Z,20.0,b4b5aa4d264c78dcf4b4d95ddba880f164842f00,dependabot/github_actions/actions-e021b9f00e,2026-07-20T16:56:48Z,1996,3,3,6,1,1,0
github_actions,psf/requests,29761737663,283,push,completed,success,2026-07-20T16:56:52Z,2026-07-20T16:56:52Z,2026-07-20T16:57:19Z,27.0,b4b5aa4d264c78dcf4b4d95ddba880f164842f00,dependabot/github_actions/actions-e021b9f00e,2026-07-20T16:56:48Z,1996,3,3,6,1,1,0
github_actions,psf/requests,29761633045,2138,pull_request,completed,success,2026-07-20T16:55:21Z,2026-07-20T16:55:21Z,2026-07-20T16:59:56Z,275.0,6a515ba03efe2fc21355ef1201a9db862f454a30,dependabot/pre_commit/pre-commit-606ed9fe1a,2026-07-20T16:55:12Z,673,1,1,2,1,1,0
github_actions,psf/requests,29761632970,1664,pull_request,completed,success,2026-07-20T16:55:21Z,2026-07-20T16:55:21Z,2026-07-20T16:55:44Z,23.0,6a515ba03efe2fc21355ef1201a9db862f454a30,dependabot/pre_commit/pre-commit-606ed9fe1a,2026-07-20T16:55:12Z,673,1,1,2,1,1,0
github_actions,psf/requests,29761630358,349,pull_request,completed,success,2026-07-20T16:55:19Z,2026-07-20T16:55:19Z,2026-07-20T16:55:40Z,21.0,6a515ba03efe2fc21355ef1201a9db862f454a30,dependabot/pre_commit/pre-commit-606ed9fe1a,2026-07-20T16:55:12Z,673,1,1,2,1,1,0
github_actions,psf/requests,29761629335,2185,pull_request,completed,success,2026-07-20T16:55:18Z,2026-07-20T16:55:18Z,2026-07-20T16:56:25Z,67.0,6a515ba03efe2fc21355ef1201a9db862f454a30,dependabot/pre_commit/pre-commit-606ed9fe1a,2026-07-20T16:55:12Z,673,1,1,2,1,1,0
github_actions,psf/requests,29761629298,282,pull_request,completed,success,2026-07-20T16:55:18Z,2026-07-20T16:55:18Z,2026-07-20T16:55:42Z,24.0,6a515ba03efe2fc21355ef1201a9db862f454a30,dependabot/pre_commit/pre-commit-606ed9fe1a,2026-07-20T16:55:12Z,673,1,1,2,1,1,0
github_actions,psf/requests,29761625170,2137,push,completed,success,2026-07-20T16:55:15Z,2026-07-20T16:55:15Z,2026-07-20T16:59:48Z,273.0,6a515ba03efe2fc21355ef1201a9db862f454a30,dependabot/pre_commit/pre-commit-606ed9fe1a,2026-07-20T16:55:12Z,673,1,1,2,1,1,0
github_actions,psf/requests,29761625181,281,push,completed,success,2026-07-20T16:55:15Z,2026-07-20T16:55:15Z,2026-07-20T16:55:39Z,24.0,6a515ba03efe2fc21355ef1201a9db862f454a30,dependabot/pre_commit/pre-commit-606ed9fe1a,2026-07-20T16:55:12Z,673,1,1,2,1,1,0
github_actions,psf/requests,29761625153,1663,push,completed,success,2026-07-20T16:55:15Z,2026-07-20T16:55:15Z,2026-07-20T16:55:37Z,22.0,6a515ba03efe2fc21355ef1201a9db862f454a30,dependabot/pre_commit/pre-commit-606ed9fe1a,2026-07-20T16:55:12Z,673,1,1,2,1,1,0
github_actions,psf/requests,29761567749,116,dynamic,completed,success,2026-07-20T16:54:26Z,2026-07-20T16:54:26Z,2026-07-20T16:55:15Z,49.0,f361ead047be5cb873174218582f7d8b9fcd9f49,main,2026-07-09T15:12:40Z,765,1,1,2,1,1,0
github_actions,psf/requests,29761418023,115,dynamic,completed,success,2026-07-20T16:52:15Z,2026-07-20T16:52:15Z,2026-07-20T16:56:53Z,278.0,f361ead047be5cb873174218582f7d8b9fcd9f49,main,2026-07-09T15:12:40Z,765,1,1,2,1,1,0
github_actions,psf/requests,29709368680,7923,schedule,completed,failure,2026-07-20T00:20:51Z,2026-07-20T00:20:51Z,2026-07-20T00:20:57Z,6.0,f361ead047be5cb873174218582f7d8b9fcd9f49,main,2026-07-09T15:12:40Z,765,1,1,2,1,1,1
github_actions,psf/requests,29707605811,2183,schedule,completed,success,2026-07-19T23:15:00Z,2026-07-19T23:15:00Z,2026-07-19T23:16:05Z,65.0,f361ead047be5cb873174218582f7d8b9fcd9f49,main,2026-07-09T15:12:40Z,765,1,1,2,1,1,0
github_actions,psf/requests,29666747042,7922,schedule,completed,failure,2026-07-19T00:19:01Z,2026-07-19T00:19:01Z,2026-07-19T00:19:06Z,5.0,f361ead047be5cb873174218582f7d8b9fcd9f49,main,2026-07-09T15:12:40Z,765,1,1,2,1,1,1
github_actions,psf/requests,28066337171,7897,schedule,completed,failure,2026-06-24T00:23:02Z,2026-06-24T00:23:02Z,2026-06-24T00:23:10Z,8.0,d64b9ad4bf1c14e21e0df3f0f4320fec81180e91,main,2026-06-15T18:12:28Z,765,1,1,2,1,1,1
github_actions,psf/requests,27993532828,7896,schedule,completed,failure,2026-06-23T00:28:05Z,2026-06-23T00:28:05Z,2026-06-23T00:28:11Z,6.0,d64b9ad4bf1c14e21e0df3f0f4320fec81180e91,main,2026-06-15T18:12:28Z,765,1,1,2,1,1,1
github_actions,psf/requests,27969478806,1597,pull_request,completed,failure,2026-06-22T16:54:48Z,2026-06-22T16:54:48Z,2026-06-22T16:54:56Z,8.0,062993574e48e1ca0bb8dfb6123ae66ac5389bbb,dependabot/pre_commit/pre-commit-7ce54c4e99,2026-06-22T16:54:41Z,673,1,1,2,1,1,1
github_actions,psf/requests,27969478298,288,pull_request,completed,success,2026-06-22T16:54:48Z,2026-06-22T16:54:48Z,2026-06-22T16:55:07Z,19.0,062993574e48e1ca0bb8dfb6123ae66ac5389bbb,dependabot/pre_commit/pre-commit-7ce54c4e99,2026-06-22T16:54:41Z,673,1,1,2,1,1,0
github_actions,psf/requests,27969478539,2120,pull_request,completed,success,2026-06-22T16:54:48Z,2026-06-22T16:54:48Z,2026-06-22T16:55:50Z,62.0,062993574e48e1ca0bb8dfb6123ae66ac5389bbb,dependabot/pre_commit/pre-commit-7ce54c4e99,2026-06-22T16:54:41Z,673,1,1,2,1,1,0
github_actions,psf/requests,27969478372,215,pull_request,completed,success,2026-06-22T16:54:48Z,2026-06-22T16:54:48Z,2026-06-22T16:55:15Z,27.0,062993574e48e1ca0bb8dfb6123ae66ac5389bbb,dependabot/pre_commit/pre-commit-7ce54c4e99,2026-06-22T16:54:41Z,673,1,1,2,1,1,0
github_actions,psf/requests,27969478231,2071,pull_request,completed,success,2026-06-22T16:54:48Z,2026-06-22T16:54:48Z,2026-06-22T16:59:28Z,280.0,062993574e48e1ca0bb8dfb6123ae66ac5389bbb,dependabot/pre_commit/pre-commit-7ce54c4e99,2026-06-22T16:54:41Z,673,1,1,2,1,1,0
github_actions,psf/requests,27969474354,214,push,completed,success,2026-06-22T16:54:44Z,2026-06-22T16:54:44Z,2026-06-22T16:55:08Z,24.0,062993574e48e1ca0bb8dfb6123ae66ac5389bbb,dependabot/pre_commit/pre-commit-7ce54c4e99,2026-06-22T16:54:41Z,673,1,1,2,1,1,0
github_actions,psf/requests,27969474339,1596,push,completed,failure,2026-06-22T16:54:44Z,2026-06-22T17:47:16Z,2026-06-22T17:47:29Z,13.0,062993574e48e1ca0bb8dfb6123ae66ac5389bbb,dependabot/pre_commit/pre-commit-7ce54c4e99,2026-06-22T16:54:41Z,673,1,1,2,1,2,1
github_actions,psf/requests,27969474352,2070,push,completed,success,2026-06-22T16:54:44Z,2026-06-22T16:54:44Z,2026-06-22T16:59:27Z,283.0,062993574e48e1ca0bb8dfb6123ae66ac5389bbb,dependabot/pre_commit/pre-commit-7ce54c4e99,2026-06-22T16:54:41Z,673,1,1,2,1,1,0
github_actions,psf/requests,27969431597,105,dynamic,completed,success,2026-06-22T16:54:03Z,2026-06-22T16:54:03Z,2026-06-22T16:54:43Z,40.0,d64b9ad4bf1c14e21e0df3f0f4320fec81180e91,main,2026-06-15T18:12:28Z,765,1,1,2,1,1,0
github_actions,psf/requests,27969316646,104,dynamic,completed,success,2026-06-22T16:52:09Z,2026-06-22T16:52:09Z,2026-06-22T16:53:00Z,51.0,d64b9ad4bf1c14e21e0df3f0f4320fec81180e91,main,2026-06-15T18:12:28Z,765,1,1,2,1,1,0
github_actions,psf/requests,27922518714,7895,schedule,completed,failure,2026-06-22T00:29:39Z,2026-06-22T00:29:39Z,2026-06-22T00:29:44Z,5.0,d64b9ad4bf1c14e21e0df3f0f4320fec81180e91,main,2026-06-15T18:12:28Z,765,1,1,2,1,1,1
github_actions,psf/requests,27920834098,2115,schedule,completed,success,2026-06-21T23:25:07Z,2026-06-21T23:25:07Z,2026-06-21T23:26:08Z,61.0,d64b9ad4bf1c14e21e0df3f0f4320fec81180e91,main,2026-06-15T18:12:28Z,765,1,1,2,1,1,0
github_actions,psf/requests,27888462596,7894,schedule,completed,failure,2026-06-21T00:29:19Z,2026-06-21T00:29:19Z,2026-06-21T00:29:26Z,7.0,d64b9ad4bf1c14e21e0df3f0f4320fec81180e91,main,2026-06-15T18:12:28Z,765,1,1,2,1,1,1
github_actions,psf/requests,27854623439,7893,schedule,completed,failure,2026-06-20T00:27:18Z,2026-06-20T00:27:18Z,2026-06-20T00:27:23Z,5.0,d64b9ad4bf1c14e21e0df3f0f4320fec81180e91,main,2026-06-15T18:12:28Z,765,1,1,2,1,1,1
github_actions,psf/requests,27798049244,7892,schedule,completed,failure,2026-06-19T00:35:29Z,2026-06-19T00:35:29Z,2026-06-19T00:35:36Z,7.0,d64b9ad4bf1c14e21e0df3f0f4320fec81180e91,main,2026-06-15T18:12:28Z,765,1,1,2,1,1,1
github_actions,psf/requests,27728754037,7891,schedule,completed,failure,2026-06-18T00:32:20Z,2026-06-18T00:32:20Z,2026-06-18T00:32:28Z,8.0,d64b9ad4bf1c14e21e0df3f0f4320fec81180e91,main,2026-06-15T18:12:28Z,765,1,1,2,1,1,1
github_actions,psf/requests,27657481187,7890,schedule,completed,failure,2026-06-17T00:31:18Z,2026-06-17T00:31:18Z,2026-06-17T00:31:26Z,8.0,d64b9ad4bf1c14e21e0df3f0f4320fec81180e91,main,2026-06-15T18:12:28Z,765,1,1,2,1,1,1
github_actions,psf/requests,27585914499,7889,schedule,completed,failure,2026-06-16T00:36:03Z,2026-06-16T00:36:03Z,2026-06-16T00:36:10Z,7.0,d64b9ad4bf1c14e21e0df3f0f4320fec81180e91,main,2026-06-15T18:12:28Z,765,1,1,2,1,1,1
github_actions,psf/requests,27566616424,192,push,completed,success,2026-06-15T18:12:36Z,2026-06-15T18:12:36Z,2026-06-15T18:13:03Z,27.0,d64b9ad4bf1c14e21e0df3f0f4320fec81180e91,main,2026-06-15T18:12:28Z,765,1,1,2,1,1,0
github_actions,psf/requests,27566616001,1574,push,completed,success,2026-06-15T18:12:35Z,2026-06-15T18:12:35Z,2026-06-15T18:13:07Z,32.0,d64b9ad4bf1c14e21e0df3f0f4320fec81180e91,main,2026-06-15T18:12:28Z,765,1,1,2,1,1,0
github_actions,psf/requests,27566615780,266,push,completed,success,2026-06-15T18:12:35Z,2026-06-15T18:12:35Z,2026-06-15T18:12:59Z,24.0,d64b9ad4bf1c14e21e0df3f0f4320fec81180e91,main,2026-06-15T18:12:28Z,765,1,1,2,1,1,0
github_actions,psf/requests,27566615777,2097,push,completed,success,2026-06-15T18:12:35Z,2026-06-15T18:12:35Z,2026-06-15T18:13:57Z,82.0,d64b9ad4bf1c14e21e0df3f0f4320fec81180e91,main,2026-06-15T18:12:28Z,765,1,1,2,1,1,0
github_actions,psf/requests,27566615752,2048,push,completed,success,2026-06-15T18:12:35Z,2026-06-15T18:12:35Z,2026-06-15T18:18:02Z,327.0,d64b9ad4bf1c14e21e0df3f0f4320fec81180e91,main,2026-06-15T18:12:28Z,765,1,1,2,1,1,0
github_actions,psf/requests,27562352096,1573,pull_request,completed,success,2026-06-15T16:56:02Z,2026-06-15T16:56:02Z,2026-06-15T16:56:31Z,29.0,cb28bfeeed4862344530ed99d64e5b9588a7fb4d,dependabot/pre_commit/pre-commit-b4d5183fd0,2026-06-15T16:55:50Z,673,1,1,2,1,1,0
github_actions,psf/requests,27562350664,191,pull_request,completed,success,2026-06-15T16:56:01Z,2026-06-15T16:56:01Z,2026-06-15T16:56:39Z,38.0,cb28bfeeed4862344530ed99d64e5b9588a7fb4d,dependabot/pre_commit/pre-commit-b4d5183fd0,2026-06-15T16:55:50Z,673,1,1,2,1,1,0
github_actions,psf/requests,27562350671,2096,pull_request,completed,success,2026-06-15T16:56:01Z,2026-06-15T16:56:01Z,2026-06-15T16:57:01Z,60.0,cb28bfeeed4862344530ed99d64e5b9588a7fb4d,dependabot/pre_commit/pre-commit-b4d5183fd0,2026-06-15T16:55:50Z,673,1,1,2,1,1,0
github_actions,psf/requests,27562349731,265,pull_request,completed,success,2026-06-15T16:56:00Z,2026-06-15T16:56:00Z,2026-06-15T16:56:21Z,21.0,cb28bfeeed4862344530ed99d64e5b9588a7fb4d,dependabot/pre_commit/pre-commit-b4d5183fd0,2026-06-15T16:55:50Z,673,1,1,2,1,1,0
github_actions,psf/requests,27562349646,2047,pull_request,completed,success,2026-06-15T16:56:00Z,2026-06-15T16:56:00Z,2026-06-15T17:00:34Z,274.0,cb28bfeeed4862344530ed99d64e5b9588a7fb4d,dependabot/pre_commit/pre-commit-b4d5183fd0,2026-06-15T16:55:50Z,673,1,1,2,1,1,0
github_actions,psf/requests,27562344201,1572,push,completed,success,2026-06-15T16:55:54Z,2026-06-15T16:55:54Z,2026-06-15T16:56:28Z,34.0,cb28bfeeed4862344530ed99d64e5b9588a7fb4d,dependabot/pre_commit/pre-commit-b4d5183fd0,2026-06-15T16:55:50Z,673,1,1,2,1,1,0
github_actions,psf/requests,27562344095,190,push,completed,success,2026-06-15T16:55:54Z,2026-06-15T16:55:54Z,2026-06-15T16:56:23Z,29.0,cb28bfeeed4862344530ed99d64e5b9588a7fb4d,dependabot/pre_commit/pre-commit-b4d5183fd0,2026-06-15T16:55:50Z,673,1,1,2,1,1,0
github_actions,psf/requests,27562344154,2046,push,completed,success,2026-06-15T16:55:54Z,2026-06-15T16:55:54Z,2026-06-15T17:01:08Z,314.0,cb28bfeeed4862344530ed99d64e5b9588a7fb4d,dependabot/pre_commit/pre-commit-b4d5183fd0,2026-06-15T16:55:50Z,673,1,1,2,1,1,0
github_actions,psf/requests,27562289575,103,dynamic,completed,success,2026-06-15T16:54:58Z,2026-06-15T16:54:58Z,2026-06-15T16:55:54Z,56.0,6f66281a1d6326b1b9c4ac09ca30de0fc4e6ef43,main,2026-06-09T15:45:59Z,67,24,7,31,3,1,0
github_actions,psf/requests,27562138390,102,dynamic,completed,success,2026-06-15T16:52:17Z,2026-06-15T16:52:17Z,2026-06-15T16:53:14Z,57.0,6f66281a1d6326b1b9c4ac09ca30de0fc4e6ef43,main,2026-06-09T15:45:59Z,67,24,7,31,3,1,0
github_actions,psf/requests,27517093941,7888,schedule,completed,failure,2026-06-15T00:30:33Z,2026-06-15T00:30:33Z,2026-06-15T00:30:38Z,5.0,6f66281a1d6326b1b9c4ac09ca30de0fc4e6ef43,main,2026-06-09T15:45:59Z,67,24,7,31,3,1,1
github_actions,psf/requests,30834342860,2197,pull_request,completed,success,2026-08-03T16:55:02Z,2026-08-03T16:55:02Z,2026-08-03T16:56:13Z,71.0,61cd0e68fa9255e9a6f73da00f83a8af36118b03,dependabot/pre_commit/pre-commit-278290806f,2026-08-03T16:54:56Z,670,1,1,2,1,1,0
github_actions,psf/requests,30834268242,120,dynamic,completed,success,2026-08-03T16:54:06Z,2026-08-03T16:54:06Z,2026-08-03T16:55:01Z,55.0,414f0513c33883adf6f2b46901d4f0b38a455851,main,2026-07-27T17:25:09Z,1294,7,7,14,5,1,0
github_actions,psf/requests,30834118241,119,dynamic,completed,success,2026-08-03T16:52:09Z,2026-08-03T16:52:09Z,2026-08-03T16:53:17Z,68.0,414f0513c33883adf6f2b46901d4f0b38a455851,main,2026-07-27T17:25:09Z,1294,7,7,14,5,1,0
github_actions,psf/requests,30774300488,7937,schedule,completed,failure,2026-08-03T00:21:34Z,2026-08-03T00:21:34Z,2026-08-03T00:21:45Z,11.0,414f0513c33883adf6f2b46901d4f0b38a455851,main,2026-07-27T17:25:09Z,1294,7,7,14,5,1,1
github_actions,psf/requests,30771900842,2196,schedule,completed,success,2026-08-02T23:16:06Z,2026-08-02T23:16:06Z,2026-08-02T23:17:22Z,76.0,414f0513c33883adf6f2b46901d4f0b38a455851,main,2026-07-27T17:25:09Z,1294,7,7,14,5,1,0
github_actions,psf/requests,30725061460,7936,schedule,completed,failure,2026-08-02T00:21:24Z,2026-08-02T00:21:24Z,2026-08-02T00:21:32Z,8.0,414f0513c33883adf6f2b46901d4f0b38a455851,main,2026-07-27T17:25:09Z,1294,7,7,14,5,1,1
github_actions,psf/requests,30675271122,7935,schedule,completed,failure,2026-08-01T00:20:01Z,2026-08-01T00:20:01Z,2026-08-01T00:20:10Z,9.0,414f0513c33883adf6f2b46901d4f0b38a455851,main,2026-07-27T17:25:09Z,1294,7,7,14,5,1,1
github_actions,psf/requests,30593314284,7934,schedule,completed,failure,2026-07-31T00:21:38Z,2026-07-31T00:21:38Z,2026-07-31T00:21:47Z,9.0,414f0513c33883adf6f2b46901d4f0b38a455851,main,2026-07-27T17:25:09Z,1294,7,7,14,5,1,1
github_actions,psf/requests,30502322241,7933,schedule,completed,failure,2026-07-30T00:19:31Z,2026-07-30T00:19:31Z,2026-07-30T00:19:39Z,8.0,414f0513c33883adf6f2b46901d4f0b38a455851,main,2026-07-27T17:25:09Z,1294,7,7,14,5,1,1
github_actions,psf/requests,30410739763,7932,schedule,completed,failure,2026-07-29T00:18:15Z,2026-07-29T00:18:15Z,2026-07-29T00:18:24Z,9.0,414f0513c33883adf6f2b46901d4f0b38a455851,main,2026-07-27T17:25:09Z,1294,7,7,14,5,1,1
github_actions,psf/requests,30316960492,7931,schedule,completed,failure,2026-07-28T00:19:23Z,2026-07-28T00:19:23Z,2026-07-28T00:19:34Z,11.0,414f0513c33883adf6f2b46901d4f0b38a455851,main,2026-07-27T17:25:09Z,1294,7,7,14,5,1,1
github_actions,psf/requests,30289152821,1676,push,completed,success,2026-07-27T17:25:12Z,2026-07-27T17:25:12Z,2026-07-27T17:25:39Z,27.0,414f0513c33883adf6f2b46901d4f0b38a455851,main,2026-07-27T17:25:09Z,1294,7,7,14,5,1,0
github_actions,psf/requests,30289152736,294,push,completed,success,2026-07-27T17:25:12Z,2026-07-27T17:25:12Z,2026-07-27T17:25:36Z,24.0,414f0513c33883adf6f2b46901d4f0b38a455851,main,2026-07-27T17:25:09Z,1294,7,7,14,5,1,0
github_actions,psf/requests,30289152780,358,push,completed,success,2026-07-27T17:25:12Z,2026-07-27T17:25:12Z,2026-07-27T17:25:36Z,24.0,414f0513c33883adf6f2b46901d4f0b38a455851,main,2026-07-27T17:25:09Z,1294,7,7,14,5,1,0
github_actions,psf/requests,30289152811,2195,push,completed,success,2026-07-27T17:25:12Z,2026-07-27T17:25:12Z,2026-07-27T17:26:20Z,68.0,414f0513c33883adf6f2b46901d4f0b38a455851,main,2026-07-27T17:25:09Z,1294,7,7,14,5,1,0
github_actions,psf/requests,30289152839,2150,push,completed,success,2026-07-27T17:25:12Z,2026-07-27T18:06:55Z,2026-07-27T18:10:38Z,223.0,414f0513c33883adf6f2b46901d4f0b38a455851,main,2026-07-27T17:25:09Z,1294,7,7,14,5,3,0
github_actions,psf/requests,30288649173,357,push,completed,success,2026-07-27T17:18:21Z,2026-07-27T17:18:21Z,2026-07-27T17:18:42Z,21.0,ded32878c0090f6b7b32a008176df6cecf36481f,main,2026-07-27T17:18:18Z,765,1,1,2,1,1,0
github_actions,psf/requests,30288649121,1675,push,completed,success,2026-07-27T17:18:21Z,2026-07-27T17:18:21Z,2026-07-27T17:18:47Z,26.0,ded32878c0090f6b7b32a008176df6cecf36481f,main,2026-07-27T17:18:18Z,765,1,1,2,1,1,0
github_actions,psf/requests,30288649100,293,push,completed,success,2026-07-27T17:18:21Z,2026-07-27T17:18:21Z,2026-07-27T17:18:50Z,29.0,ded32878c0090f6b7b32a008176df6cecf36481f,main,2026-07-27T17:18:18Z,765,1,1,2,1,1,0
github_actions,psf/requests,30288649128,2194,push,completed,success,2026-07-27T17:18:21Z,2026-07-27T17:18:21Z,2026-07-27T17:19:28Z,67.0,ded32878c0090f6b7b32a008176df6cecf36481f,main,2026-07-27T17:18:18Z,765,1,1,2,1,1,0
github_actions,psf/requests,30288649098,2149,push,completed,success,2026-07-27T17:18:21Z,2026-07-27T17:18:21Z,2026-07-27T17:23:17Z,296.0,ded32878c0090f6b7b32a008176df6cecf36481f,main,2026-07-27T17:18:18Z,765,1,1,2,1,1,0
github_actions,psf/requests,30286908109,292,pull_request,completed,success,2026-07-27T16:55:17Z,2026-07-27T16:55:17Z,2026-07-27T16:55:37Z,20.0,01576fe18d99eb9a9874a13ca61f4ddd93c6998a,dependabot/pre_commit/pre-commit-db56d43c31,2026-07-27T16:55:12Z,673,1,1,2,1,1,0
github_actions,psf/requests,30286907969,356,pull_request,completed,success,2026-07-27T16:55:17Z,2026-07-27T16:55:17Z,2026-07-27T16:55:45Z,28.0,01576fe18d99eb9a9874a13ca61f4ddd93c6998a,dependabot/pre_commit/pre-commit-db56d43c31,2026-07-27T16:55:12Z,673,1,1,2,1,1,0
github_actions,psf/requests,30286907946,1674,pull_request,completed,success,2026-07-27T16:55:17Z,2026-07-27T16:55:17Z,2026-07-27T16:55:45Z,28.0,01576fe18d99eb9a9874a13ca61f4ddd93c6998a,dependabot/pre_commit/pre-commit-db56d43c31,2026-07-27T16:55:12Z,673,1,1,2,1,1,0
github_actions,psf/requests,30286907966,2193,pull_request,completed,success,2026-07-27T16:55:17Z,2026-07-27T16:55:17Z,2026-07-27T16:56:26Z,69.0,01576fe18d99eb9a9874a13ca61f4ddd93c6998a,dependabot/pre_commit/pre-commit-db56d43c31,2026-07-27T16:55:12Z,673,1,1,2,1,1,0
github_actions,psf/requests,30286907962,2148,pull_request,completed,success,2026-07-27T16:55:17Z,2026-07-27T16:55:17Z,2026-07-27T17:00:24Z,307.0,01576fe18d99eb9a9874a13ca61f4ddd93c6998a,dependabot/pre_commit/pre-commit-db56d43c31,2026-07-27T16:55:12Z,673,1,1,2,1,1,0
github_actions,psf/requests,30286904146,291,push,completed,success,2026-07-27T16:55:14Z,2026-07-27T16:55:14Z,2026-07-27T16:55:35Z,21.0,01576fe18d99eb9a9874a13ca61f4ddd93c6998a,dependabot/pre_commit/pre-commit-db56d43c31,2026-07-27T16:55:12Z,673,1,1,2,1,1,0
github_actions,psf/requests,30286904233,1673,push,completed,success,2026-07-27T16:55:14Z,2026-07-27T16:55:14Z,2026-07-27T16:55:40Z,26.0,01576fe18d99eb9a9874a13ca61f4ddd93c6998a,dependabot/pre_commit/pre-commit-db56d43c31,2026-07-27T16:55:12Z,673,1,1,2,1,1,0
github_actions,psf/requests,30286904098,2147,push,completed,success,2026-07-27T16:55:14Z,2026-07-27T16:55:14Z,2026-07-27T17:00:05Z,291.0,01576fe18d99eb9a9874a13ca61f4ddd93c6998a,dependabot/pre_commit/pre-commit-db56d43c31,2026-07-27T16:55:12Z,673,1,1,2,1,1,0
github_actions,psf/requests,30286839441,118,dynamic,completed,success,2026-07-27T16:54:25Z,2026-07-27T16:54:25Z,2026-07-27T16:55:18Z,53.0,69f84847045bef7a849cc994a26fe7ba8a169e95,main,2026-07-20T18:41:16Z,2088,3,3,6,1,1,0
github_actions,psf/requests,30286748650,355,pull_request,completed,success,2026-07-27T16:53:15Z,2026-07-27T16:53:15Z,2026-07-27T16:53:48Z,33.0,a0c50324646dea4efd509f0e85a05e37a1ad5ee5,dependabot/github_actions/actions-aa615053dc,2026-07-27T16:53:08Z,1202,7,7,14,5,1,0
github_actions,psf/requests,30286748280,1672,pull_request,completed,success,2026-07-27T16:53:15Z,2026-07-27T16:53:15Z,2026-07-27T16:53:42Z,27.0,a0c50324646dea4efd509f0e85a05e37a1ad5ee5,dependabot/github_actions/actions-aa615053dc,2026-07-27T16:53:08Z,1202,7,7,14,5,1,0
github_actions,psf/requests,30286748299,290,pull_request,completed,success,2026-07-27T16:53:15Z,2026-07-27T16:53:15Z,2026-07-27T16:53:39Z,24.0,a0c50324646dea4efd509f0e85a05e37a1ad5ee5,dependabot/github_actions/actions-aa615053dc,2026-07-27T16:53:08Z,1202,7,7,14,5,1,0
github_actions,psf/requests,30286748366,2146,pull_request,completed,success,2026-07-27T16:53:15Z,2026-07-27T16:53:15Z,2026-07-27T16:58:07Z,292.0,a0c50324646dea4efd509f0e85a05e37a1ad5ee5,dependabot/github_actions/actions-aa615053dc,2026-07-27T16:53:08Z,1202,7,7,14,5,1,0
github_actions,psf/requests,30286747026,2192,pull_request,completed,success,2026-07-27T16:53:14Z,2026-07-27T16:53:14Z,2026-07-27T16:54:11Z,57.0,a0c50324646dea4efd509f0e85a05e37a1ad5ee5,dependabot/github_actions/actions-aa615053dc,2026-07-27T16:53:08Z,1202,7,7,14,5,1,0
github_actions,psf/requests,30286742904,289,push,completed,success,2026-07-27T16:53:11Z,2026-07-27T16:53:11Z,2026-07-27T16:53:33Z,22.0,a0c50324646dea4efd509f0e85a05e37a1ad5ee5,dependabot/github_actions/actions-aa615053dc,2026-07-27T16:53:08Z,1202,7,7,14,5,1,0
github_actions,psf/requests,30286742809,1671,push,completed,success,2026-07-27T16:53:11Z,2026-07-27T16:53:11Z,2026-07-27T16:53:54Z,43.0,a0c50324646dea4efd509f0e85a05e37a1ad5ee5,dependabot/github_actions/actions-aa615053dc,2026-07-27T16:53:08Z,1202,7,7,14,5,1,0
github_actions,psf/requests,30286742905,2145,push,completed,success,2026-07-27T16:53:11Z,2026-07-27T16:53:11Z,2026-07-27T16:57:47Z,276.0,a0c50324646dea4efd509f0e85a05e37a1ad5ee5,dependabot/github_actions/actions-aa615053dc,2026-07-27T16:53:08Z,1202,7,7,14,5,1,0
github_actions,psf/requests,30286668448,117,dynamic,completed,success,2026-07-27T16:52:13Z,2026-07-27T16:52:13Z,2026-07-27T16:53:16Z,63.0,69f84847045bef7a849cc994a26fe7ba8a169e95,main,2026-07-20T18:41:16Z,2088,3,3,6,1,1,0
github_actions,psf/requests,30227264146,7930,schedule,completed,failure,2026-07-27T00:21:36Z,2026-07-27T00:21:36Z,2026-07-27T00:21:43Z,7.0,69f84847045bef7a849cc994a26fe7ba8a169e95,main,2026-07-20T18:41:16Z,2088,3,3,6,1,1,1
github_actions,psf/requests,30224892446,2191,schedule,completed,success,2026-07-26T23:16:23Z,2026-07-26T23:16:23Z,2026-07-26T23:17:33Z,70.0,69f84847045bef7a849cc994a26fe7ba8a169e95,main,2026-07-20T18:41:16Z,2088,3,3,6,1,1,0
github_actions,psf/requests,30181029677,7929,schedule,completed,failure,2026-07-26T00:21:52Z,2026-07-26T00:21:52Z,2026-07-26T00:21:57Z,5.0,69f84847045bef7a849cc994a26fe7ba8a169e95,main,2026-07-20T18:41:16Z,2088,3,3,6,1,1,1
github_actions,psf/requests,30136102829,7928,schedule,completed,failure,2026-07-25T00:21:47Z,2026-07-25T00:21:47Z,2026-07-25T00:21:55Z,8.0,69f84847045bef7a849cc994a26fe7ba8a169e95,main,2026-07-20T18:41:16Z,2088,3,3,6,1,1,1
github_actions,psf/requests,30055816294,7927,schedule,completed,failure,2026-07-24T00:18:39Z,2026-07-24T00:18:39Z,2026-07-24T00:18:49Z,10.0,69f84847045bef7a849cc994a26fe7ba8a169e95,main,2026-07-20T18:41:16Z,2088,3,3,6,1,1,1
github_actions,psf/requests,29968796785,7926,schedule,completed,failure,2026-07-23T00:20:29Z,2026-07-23T00:20:29Z,2026-07-23T00:20:36Z,7.0,69f84847045bef7a849cc994a26fe7ba8a169e95,main,2026-07-20T18:41:16Z,2088,3,3,6,1,1,1
github_actions,psf/requests,29879843772,7925,schedule,completed,failure,2026-07-22T00:18:19Z,2026-07-22T00:18:19Z,2026-07-22T00:18:26Z,7.0,69f84847045bef7a849cc994a26fe7ba8a169e95,main,2026-07-20T18:41:16Z,2088,3,3,6,1,1,1
github_actions,psf/requests,29789975834,7924,schedule,completed,failure,2026-07-21T00:20:02Z,2026-07-21T00:20:02Z,2026-07-21T00:20:07Z,5.0,69f84847045bef7a849cc994a26fe7ba8a169e95,main,2026-07-20T18:41:16Z,2088,3,3,6,1,1,1
github_actions,psf/requests,29768811608,352,push,completed,success,2026-07-20T18:41:20Z,2026-07-20T18:41:20Z,2026-07-20T18:41:37Z,17.0,69f84847045bef7a849cc994a26fe7ba8a169e95,main,2026-07-20T18:41:16Z,2088,3,3,6,1,1,0
github_actions,psf/requests,29768811396,1668,push,completed,success,2026-07-20T18:41:20Z,2026-07-20T18:41:20Z,2026-07-20T18:41:42Z,22.0,69f84847045bef7a849cc994a26fe7ba8a169e95,main,2026-07-20T18:41:16Z,2088,3,3,6,1,1,0
github_actions,psf/requests,29768811411,286,push,completed,success,2026-07-20T18:41:20Z,2026-07-20T18:41:20Z,2026-07-20T18:41:52Z,32.0,69f84847045bef7a849cc994a26fe7ba8a169e95,main,2026-07-20T18:41:16Z,2088,3,3,6,1,1,0
github_actions,psf/requests,29768811564,2188,push,completed,success,2026-07-20T18:41:20Z,2026-07-20T18:41:20Z,2026-07-20T18:42:29Z,69.0,69f84847045bef7a849cc994a26fe7ba8a169e95,main,2026-07-20T18:41:16Z,2088,3,3,6,1,1,0
github_actions,psf/requests,29768811452,2142,push,completed,success,2026-07-20T18:41:20Z,2026-07-20T18:41:20Z,2026-07-20T18:45:45Z,265.0,69f84847045bef7a849cc994a26fe7ba8a169e95,main,2026-07-20T18:41:16Z,2088,3,3,6,1,1,0
github_actions,psf/requests,29765540905,1667,push,completed,success,2026-07-20T17:55:30Z,2026-07-20T17:55:30Z,2026-07-20T17:55:53Z,23.0,b17c61b618b1824f1f5d9edcacaf16801343a295,main,2026-07-20T17:55:26Z,765,1,1,2,1,1,0
github_actions,psf/requests,29765540856,351,push,completed,success,2026-07-20T17:55:29Z,2026-07-20T17:55:29Z,2026-07-20T17:55:48Z,19.0,b17c61b618b1824f1f5d9edcacaf16801343a295,main,2026-07-20T17:55:26Z,765,1,1,2,1,1,0
github_actions,psf/requests,29765540838,285,push,completed,success,2026-07-20T17:55:29Z,2026-07-20T17:55:29Z,2026-07-20T17:55:52Z,23.0,b17c61b618b1824f1f5d9edcacaf16801343a295,main,2026-07-20T17:55:26Z,765,1,1,2,1,1,0
github_actions,psf/requests,29765540847,2187,push,completed,success,2026-07-20T17:55:29Z,2026-07-20T17:55:29Z,2026-07-20T17:56:30Z,61.0,b17c61b618b1824f1f5d9edcacaf16801343a295,main,2026-07-20T17:55:26Z,765,1,1,2,1,1,0
github_actions,psf/requests,29765540818,2141,push,completed,failure,2026-07-20T17:55:29Z,2026-07-20T17:55:29Z,2026-07-20T18:00:21Z,292.0,b17c61b618b1824f1f5d9edcacaf16801343a295,main,2026-07-20T17:55:26Z,765,1,1,2,1,1,1
github_actions,psf/requests,29761741573,2140,push,completed,success,2026-07-20T16:56:56Z,2026-07-20T17:55:45Z,2026-07-20T17:59:33Z,228.0,b4b5aa4d264c78dcf4b4d95ddba880f164842f00,dependabot/github_actions/actions-e021b9f00e,2026-07-20T16:56:48Z,1996,3,3,6,1,2,0
github_actions,psf/requests,29761740185,2139,pull_request,completed,success,2026-07-20T16:56:55Z,2026-07-20T17:56:01Z,2026-07-20T17:59:57Z,236.0,b4b5aa4d264c78dcf4b4d95ddba880f164842f00,dependabot/github_actions/actions-e021b9f00e,2026-07-20T16:56:48Z,1996,3,3,6,1,2,0
github_actions,psf/requests,29761740054,2186,pull_request,completed,success,2026-07-20T16:56:55Z,2026-07-20T16:56:55Z,2026-07-20T16:57:53Z,58.0,b4b5aa4d264c78dcf4b4d95ddba880f164842f00,dependabot/github_actions/actions-e021b9f00e,2026-07-20T16:56:48Z,1996,3,3,6,1,1,0
github_actions,psf/requests,29761740109,350,pull_request,completed,success,2026-07-20T16:56:55Z,2026-07-20T16:56:55Z,2026-07-20T16:57:13Z,18.0,b4b5aa4d264c78dcf4b4d95ddba880f164842f00,dependabot/github_actions/actions-e021b9f00e,2026-07-20T16:56:48Z,1996,3,3,6,1,1,0
github_actions,psf/requests,29761740041,1666,pull_request,completed,success,2026-07-20T16:56:55Z,2026-07-20T16:56:55Z,2026-07-20T16:57:14Z,19.0,b4b5aa4d264c78dcf4b4d95ddba880f164842f00,dependabot/github_actions/actions-e021b9f00e,2026-07-20T16:56:48Z,1996,3,3,6,1,1,0
github_actions,psf/requests,29761740389,284,pull_request,completed,success,2026-07-20T16:56:55Z,2026-07-20T16:56:55Z,2026-07-20T16:57:19Z,24.0,b4b5aa4d264c78dcf4b4d95ddba880f164842f00,dependabot/github_actions/actions-e021b9f00e,2026-07-20T16:56:48Z,1996,3,3,6,1,1,0
github_actions,psf/requests,29761737716,1665,push,completed,success,2026-07-20T16:56:53Z,2026-07-20T16:56:53Z,2026-07-20T16:57:13Z,20.0,b4b5aa4d264c78dcf4b4d95ddba880f164842f00,dependabot/github_actions/actions-e021b9f00e,2026-07-20T16:56:48Z,1996,3,3,6,1,1,0
github_actions,psf/requests,29761737663,283,push,completed,success,2026-07-20T16:56:52Z,2026-07-20T16:56:52Z,2026-07-20T16:57:19Z,27.0,b4b5aa4d264c78dcf4b4d95ddba880f164842f00,dependabot/github_actions/actions-e021b9f00e,2026-07-20T16:56:48Z,1996,3,3,6,1,1,0
github_actions,psf/requests,29761633045,2138,pull_request,completed,success,2026-07-20T16:55:21Z,2026-07-20T16:55:21Z,2026-07-20T16:59:56Z,275.0,6a515ba03efe2fc21355ef1201a9db862f454a30,dependabot/pre_commit/pre-commit-606ed9fe1a,2026-07-20T16:55:12Z,673,1,1,2,1,1,0
github_actions,psf/requests,29761632970,1664,pull_request,completed,success,2026-07-20T16:55:21Z,2026-07-20T16:55:21Z,2026-07-20T16:55:44Z,23.0,6a515ba03efe2fc21355ef1201a9db862f454a30,dependabot/pre_commit/pre-commit-606ed9fe1a,2026-07-20T16:55:12Z,673,1,1,2,1,1,0
github_actions,psf/requests,29761630358,349,pull_request,completed,success,2026-07-20T16:55:19Z,2026-07-20T16:55:19Z,2026-07-20T16:55:40Z,21.0,6a515ba03efe2fc21355ef1201a9db862f454a30,dependabot/pre_commit/pre-commit-606ed9fe1a,2026-07-20T16:55:12Z,673,1,1,2,1,1,0
github_actions,psf/requests,29761629335,2185,pull_request,completed,success,2026-07-20T16:55:18Z,2026-07-20T16:55:18Z,2026-07-20T16:56:25Z,67.0,6a515ba03efe2fc21355ef1201a9db862f454a30,dependabot/pre_commit/pre-commit-606ed9fe1a,2026-07-20T16:55:12Z,673,1,1,2,1,1,0
github_actions,psf/requests,29761629298,282,pull_request,completed,success,2026-07-20T16:55:18Z,2026-07-20T16:55:18Z,2026-07-20T16:55:42Z,24.0,6a515ba03efe2fc21355ef1201a9db862f454a30,dependabot/pre_commit/pre-commit-606ed9fe1a,2026-07-20T16:55:12Z,673,1,1,2,1,1,0
github_actions,psf/requests,29761625170,2137,push,completed,success,2026-07-20T16:55:15Z,2026-07-20T16:55:15Z,2026-07-20T16:59:48Z,273.0,6a515ba03efe2fc21355ef1201a9db862f454a30,dependabot/pre_commit/pre-commit-606ed9fe1a,2026-07-20T16:55:12Z,673,1,1,2,1,1,0
github_actions,psf/requests,29761625181,281,push,completed,success,2026-07-20T16:55:15Z,2026-07-20T16:55:15Z,2026-07-20T16:55:39Z,24.0,6a515ba03efe2fc21355ef1201a9db862f454a30,dependabot/pre_commit/pre-commit-606ed9fe1a,2026-07-20T16:55:12Z,673,1,1,2,1,1,0
github_actions,psf/requests,29761625153,1663,push,completed,success,2026-07-20T16:55:15Z,2026-07-20T16:55:15Z,2026-07-20T16:55:37Z,22.0,6a515ba03efe2fc21355ef1201a9db862f454a30,dependabot/pre_commit/pre-commit-606ed9fe1a,2026-07-20T16:55:12Z,673,1,1,2,1,1,0
github_actions,psf/requests,29761567749,116,dynamic,completed,success,2026-07-20T16:54:26Z,2026-07-20T16:54:26Z,2026-07-20T16:55:15Z,49.0,f361ead047be5cb873174218582f7d8b9fcd9f49,main,2026-07-09T15:12:40Z,765,1,1,2,1,1,0
github_actions,psf/requests,29761418023,115,dynamic,completed,success,2026-07-20T16:52:15Z,2026-07-20T16:52:15Z,2026-07-20T16:56:53Z,278.0,f361ead047be5cb873174218582f7d8b9fcd9f49,main,2026-07-09T15:12:40Z,765,1,1,2,1,1,0
github_actions,psf/requests,29709368680,7923,schedule,completed,failure,2026-07-20T00:20:51Z,2026-07-20T00:20:51Z,2026-07-20T00:20:57Z,6.0,f361ead047be5cb873174218582f7d8b9fcd9f49,main,2026-07-09T15:12:40Z,765,1,1,2,1,1,1
github_actions,psf/requests,29707605811,2183,schedule,completed,success,2026-07-19T23:15:00Z,2026-07-19T23:15:00Z,2026-07-19T23:16:05Z,65.0,f361ead047be5cb873174218582f7d8b9fcd9f49,main,2026-07-09T15:12:40Z,765,1,1,2,1,1,0
github_actions,psf/requests,29666747042,7922,schedule,completed,failure,2026-07-19T00:19:01Z,2026-07-19T00:19:01Z,2026-07-19T00:19:06Z,5.0,f361ead047be5cb873174218582f7d8b9fcd9f49,main,2026-07-09T15:12:40Z,765,1,1,2,1,1,1
github_actions,psf/requests,29622784086,7921,schedule,completed,failure,2026-07-18T00:18:09Z,2026-07-18T00:18:09Z,2026-07-18T00:18:16Z,7.0,f361ead047be5cb873174218582f7d8b9fcd9f49,main,2026-07-09T15:12:40Z,765,1,1,2,1,1,1
github_actions,psf/requests,29544501109,7920,schedule,completed,failure,2026-07-17T00:20:24Z,2026-07-17T00:20:24Z,2026-07-17T00:20:31Z,7.0,f361ead047be5cb873174218582f7d8b9fcd9f49,main,2026-07-09T15:12:40Z,765,1,1,2,1,1,1
github_actions,psf/requests,29461103113,7919,schedule,completed,failure,2026-07-16T00:19:04Z,2026-07-16T00:19:04Z,2026-07-16T00:19:09Z,5.0,f361ead047be5cb873174218582f7d8b9fcd9f49,main,2026-07-09T15:12:40Z,765,1,1,2,1,1,1
github_actions,psf/requests,29378585718,7918,schedule,completed,failure,2026-07-15T00:16:36Z,2026-07-15T00:16:36Z,2026-07-15T00:16:41Z,5.0,f361ead047be5cb873174218582f7d8b9fcd9f49,main,2026-07-09T15:12:40Z,765,1,1,2,1,1,1
github_actions,psf/requests,29295524780,7917,schedule,completed,failure,2026-07-14T00:17:38Z,2026-07-14T00:17:38Z,2026-07-14T00:17:43Z,5.0,f361ead047be5cb873174218582f7d8b9fcd9f49,main,2026-07-09T15:12:40Z,765,1,1,2,1,1,1
github_actions,psf/requests,29268293496,114,dynamic,completed,success,2026-07-13T16:54:06Z,2026-07-13T16:54:06Z,2026-07-13T16:55:07Z,61.0,f361ead047be5cb873174218582f7d8b9fcd9f49,main,2026-07-09T15:12:40Z,765,1,1,2,1,1,0
github_actions,psf/requests,29268164966,113,dynamic,completed,success,2026-07-13T16:52:12Z,2026-07-13T16:52:12Z,2026-07-13T16:56:16Z,244.0,f361ead047be5cb873174218582f7d8b9fcd9f49,main,2026-07-09T15:12:40Z,765,1,1,2,1,1,0
github_actions,psf/requests,29215122245,7916,schedule,completed,failure,2026-07-13T00:19:57Z,2026-07-13T00:19:57Z,2026-07-13T00:20:02Z,5.0,f361ead047be5cb873174218582f7d8b9fcd9f49,main,2026-07-09T15:12:40Z,765,1,1,2,1,1,1
github_actions,psf/requests,29213041041,2174,schedule,completed,success,2026-07-12T23:14:29Z,2026-07-12T23:14:29Z,2026-07-12T23:15:41Z,72.0,f361ead047be5cb873174218582f7d8b9fcd9f49,main,2026-07-09T15:12:40Z,765,1,1,2,1,1,0
github_actions,psf/requests,29173534822,7915,schedule,completed,failure,2026-07-12T00:19:40Z,2026-07-12T00:19:40Z,2026-07-12T00:19:45Z,5.0,f361ead047be5cb873174218582f7d8b9fcd9f49,main,2026-07-09T15:12:40Z,765,1,1,2,1,1,1
github_actions,psf/requests,29132353292,7914,schedule,completed,failure,2026-07-11T00:19:04Z,2026-07-11T00:19:04Z,2026-07-11T00:19:12Z,8.0,f361ead047be5cb873174218582f7d8b9fcd9f49,main,2026-07-09T15:12:40Z,765,1,1,2,1,1,1
github_actions,psf/requests,29059891011,7913,schedule,completed,failure,2026-07-10T00:24:39Z,2026-07-10T00:24:39Z,2026-07-10T00:24:44Z,5.0,f361ead047be5cb873174218582f7d8b9fcd9f49,main,2026-07-09T15:12:40Z,765,1,1,2,1,1,1
github_actions,psf/requests,29028564159,265,push,completed,success,2026-07-09T15:12:45Z,2026-07-09T15:12:45Z,2026-07-09T15:13:08Z,23.0,f361ead047be5cb873174218582f7d8b9fcd9f49,main,2026-07-09T15:12:40Z,765,1,1,2,1,1,0
github_actions,psf/requests,29028564615,2167,push,completed,success,2026-07-09T15:12:45Z,2026-07-09T15:12:45Z,2026-07-09T15:13:54Z,69.0,f361ead047be5cb873174218582f7d8b9fcd9f49,main,2026-07-09T15:12:40Z,765,1,1,2,1,1,0
github_actions,psf/requests,29028563844,1647,push,completed,success,2026-07-09T15:12:44Z,2026-07-09T15:12:44Z,2026-07-09T15:13:10Z,26.0,f361ead047be5cb873174218582f7d8b9fcd9f49,main,2026-07-09T15:12:40Z,765,1,1,2,1,1,0
github_actions,psf/requests,29028563870,333,push,completed,success,2026-07-09T15:12:44Z,2026-07-09T15:12:44Z,2026-07-09T15:13:04Z,20.0,f361ead047be5cb873174218582f7d8b9fcd9f49,main,2026-07-09T15:12:40Z,765,1,1,2,1,1,0
github_actions,psf/requests,29028563519,2121,push,completed,success,2026-07-09T15:12:44Z,2026-07-09T15:12:44Z,2026-07-09T15:17:18Z,274.0,f361ead047be5cb873174218582f7d8b9fcd9f49,main,2026-07-09T15:12:40Z,765,1,1,2,1,1,0
github_actions,psf/requests,29028434034,264,push,completed,success,2026-07-09T15:10:46Z,2026-07-09T15:10:46Z,2026-07-09T15:11:16Z,30.0,d38495c90653496c3c81f31e8f9bef162b400b44,main,2026-07-09T15:10:39Z,48,1,1,2,1,1,0
github_actions,psf/requests,29028431943,1646,push,completed,success,2026-07-09T15:10:44Z,2026-07-09T15:10:44Z,2026-07-09T15:11:37Z,53.0,d38495c90653496c3c81f31e8f9bef162b400b44,main,2026-07-09T15:10:39Z,48,1,1,2,1,1,0
github_actions,psf/requests,29028431953,332,push,completed,success,2026-07-09T15:10:44Z,2026-07-09T15:10:44Z,2026-07-09T15:11:09Z,25.0,d38495c90653496c3c81f31e8f9bef162b400b44,main,2026-07-09T15:10:39Z,48,1,1,2,1,1,0
github_actions,psf/requests,29028431902,2166,push,completed,success,2026-07-09T15:10:44Z,2026-07-09T15:10:44Z,2026-07-09T15:11:52Z,68.0,d38495c90653496c3c81f31e8f9bef162b400b44,main,2026-07-09T15:10:39Z,48,1,1,2,1,1,0
github_actions,psf/requests,29028429971,2120,push,completed,success,2026-07-09T15:10:42Z,2026-07-09T15:10:42Z,2026-07-09T15:15:10Z,268.0,d38495c90653496c3c81f31e8f9bef162b400b44,main,2026-07-09T15:10:39Z,48,1,1,2,1,1,0
github_actions,numpy/numpy,33175874569,279610,status,completed,success,2026-08-28T13:32:44Z,2026-08-28T13:32:44Z,2026-08-28T13:32:53Z,9.0,4747e0f4640adaf8cd1b24a3a8b1e919393192b3,main,2026-08-27T23:56:50Z,96,1,0,1,1,1,0
github_actions,numpy/numpy,33175874160,279609,status,completed,success,2026-08-28T13:32:44Z,2026-08-28T13:32:44Z,2026-08-28T13:32:55Z,11.0,4747e0f4640adaf8cd1b24a3a8b1e919393192b3,main,2026-08-27T23:56:50Z,96,1,0,1,1,1,0
github_actions,numpy/numpy,33174442929,279607,status,completed,success,2026-08-28T13:13:38Z,2026-08-28T13:13:38Z,2026-08-28T13:13:46Z,8.0,4747e0f4640adaf8cd1b24a3a8b1e919393192b3,main,2026-08-27T23:56:50Z,96,1,0,1,1,1,0
github_actions,numpy/numpy,33174442943,279608,status,completed,success,2026-08-28T13:13:38Z,2026-08-28T13:13:38Z,2026-08-28T13:13:49Z,11.0,4747e0f4640adaf8cd1b24a3a8b1e919393192b3,main,2026-08-27T23:56:50Z,96,1,0,1,1,1,0
github_actions,numpy/numpy,33174439797,17356,pull_request,completed,success,2026-08-28T13:13:35Z,2026-08-28T13:13:35Z,2026-08-28T13:13:52Z,17.0,619f9f68aacdf0c753de6a5a2387b044b7e23bbe,rational_tests_multiphase_init,2026-08-28T12:41:36Z,59,93,54,147,1,1,0
github_actions,numpy/numpy,33174439796,987,pull_request,completed,success,2026-08-28T13:13:35Z,2026-08-28T13:13:35Z,2026-08-28T13:14:15Z,40.0,619f9f68aacdf0c753de6a5a2387b044b7e23bbe,rational_tests_multiphase_init,2026-08-28T12:41:36Z,59,93,54,147,1,1,0
github_actions,numpy/numpy,33174439643,20429,pull_request,completed,success,2026-08-28T13:13:35Z,2026-08-28T13:13:35Z,2026-08-28T13:14:52Z,77.0,619f9f68aacdf0c753de6a5a2387b044b7e23bbe,rational_tests_multiphase_init,2026-08-28T12:41:36Z,59,93,54,147,1,1,0
github_actions,numpy/numpy,33174439617,2839,pull_request,completed,success,2026-08-28T13:13:35Z,2026-08-28T13:13:35Z,2026-08-28T13:18:03Z,268.0,619f9f68aacdf0c753de6a5a2387b044b7e23bbe,rational_tests_multiphase_init,2026-08-28T12:41:36Z,59,93,54,147,1,1,0
github_actions,numpy/numpy,33174439758,3763,pull_request,completed,success,2026-08-28T13:13:35Z,2026-08-28T13:13:35Z,2026-08-28T13:19:15Z,340.0,619f9f68aacdf0c753de6a5a2387b044b7e23bbe,rational_tests_multiphase_init,2026-08-28T12:41:36Z,59,93,54,147,1,1,0
github_actions,numpy/numpy,33174439814,14632,pull_request,completed,success,2026-08-28T13:13:35Z,2026-08-28T13:13:35Z,2026-08-28T13:19:52Z,377.0,619f9f68aacdf0c753de6a5a2387b044b7e23bbe,rational_tests_multiphase_init,2026-08-28T12:41:36Z,59,93,54,147,1,1,0
github_actions,numpy/numpy,33174439827,18562,pull_request,completed,success,2026-08-28T13:13:35Z,2026-08-28T13:13:35Z,2026-08-28T13:20:52Z,437.0,619f9f68aacdf0c753de6a5a2387b044b7e23bbe,rational_tests_multiphase_init,2026-08-28T12:41:36Z,59,93,54,147,1,1,0
github_actions,numpy/numpy,33174439652,2131,pull_request,completed,success,2026-08-28T13:13:35Z,2026-08-28T13:13:35Z,2026-08-28T13:21:50Z,495.0,619f9f68aacdf0c753de6a5a2387b044b7e23bbe,rational_tests_multiphase_init,2026-08-28T12:41:36Z,59,93,54,147,1,1,0
github_actions,numpy/numpy,33174439783,14661,pull_request,completed,success,2026-08-28T13:13:35Z,2026-08-28T13:13:35Z,2026-08-28T13:23:36Z,601.0,619f9f68aacdf0c753de6a5a2387b044b7e23bbe,rational_tests_multiphase_init,2026-08-28T12:41:36Z,59,93,54,147,1,1,0
github_actions,numpy/numpy,33174439723,18234,pull_request,completed,success,2026-08-28T13:13:35Z,2026-08-28T13:13:35Z,2026-08-28T13:33:37Z,1202.0,619f9f68aacdf0c753de6a5a2387b044b7e23bbe,rational_tests_multiphase_init,2026-08-28T12:41:36Z,59,93,54,147,1,1,0
github_actions,numpy/numpy,33174439776,3329,pull_request,completed,success,2026-08-28T13:13:35Z,2026-08-28T13:13:35Z,2026-08-28T13:35:08Z,1293.0,619f9f68aacdf0c753de6a5a2387b044b7e23bbe,rational_tests_multiphase_init,2026-08-28T12:41:36Z,59,93,54,147,1,1,0
github_actions,numpy/numpy,33174439619,14607,pull_request,completed,success,2026-08-28T13:13:35Z,2026-08-28T13:13:35Z,2026-08-28T13:37:27Z,1432.0,619f9f68aacdf0c753de6a5a2387b044b7e23bbe,rational_tests_multiphase_init,2026-08-28T12:41:36Z,59,93,54,147,1,1,0
github_actions,numpy/numpy,33174439739,28076,pull_request,completed,success,2026-08-28T13:13:35Z,2026-08-28T13:13:35Z,2026-08-28T13:39:10Z,1535.0,619f9f68aacdf0c753de6a5a2387b044b7e23bbe,rational_tests_multiphase_init,2026-08-28T12:41:36Z,59,93,54,147,1,1,0
github_actions,numpy/numpy,33174439686,9958,pull_request,completed,success,2026-08-28T13:13:35Z,2026-08-28T13:13:35Z,2026-08-28T13:55:56Z,2541.0,619f9f68aacdf0c753de6a5a2387b044b7e23bbe,rational_tests_multiphase_init,2026-08-28T12:41:36Z,59,93,54,147,1,1,0
github_actions,numpy/numpy,33174439747,14632,pull_request,completed,success,2026-08-28T13:13:35Z,2026-08-28T13:13:35Z,2026-08-28T13:41:36Z,1681.0,619f9f68aacdf0c753de6a5a2387b044b7e23bbe,rational_tests_multiphase_init,2026-08-28T12:41:36Z,59,93,54,147,1,1,0
github_actions,numpy/numpy,33174439655,1908,pull_request,completed,success,2026-08-28T13:13:35Z,2026-08-28T13:13:35Z,2026-08-28T13:43:30Z,1795.0,619f9f68aacdf0c753de6a5a2387b044b7e23bbe,rational_tests_multiphase_init,2026-08-28T12:41:36Z,59,93,54,147,1,1,0
github_actions,numpy/numpy,33174439671,14612,pull_request,completed,success,2026-08-28T13:13:35Z,2026-08-28T13:13:35Z,2026-08-28T14:00:23Z,2808.0,619f9f68aacdf0c753de6a5a2387b044b7e23bbe,rational_tests_multiphase_init,2026-08-28T12:41:36Z,59,93,54,147,1,1,0
github_actions,numpy/numpy,33174437726,19478,pull_request_target,completed,success,2026-08-28T13:13:34Z,2026-08-28T13:13:34Z,2026-08-28T13:13:45Z,11.0,619f9f68aacdf0c753de6a5a2387b044b7e23bbe,rational_tests_multiphase_init,2026-08-28T12:41:36Z,59,93,54,147,1,1,0
github_actions,numpy/numpy,33164996477,279605,status,completed,success,2026-08-28T10:52:19Z,2026-08-28T10:52:19Z,2026-08-28T10:52:29Z,10.0,4747e0f4640adaf8cd1b24a3a8b1e919393192b3,main,2026-08-27T23:56:50Z,96,1,0,1,1,1,0
github_actions,numpy/numpy,33164996482,279606,status,completed,success,2026-08-28T10:52:19Z,2026-08-28T10:52:19Z,2026-08-28T10:52:29Z,10.0,4747e0f4640adaf8cd1b24a3a8b1e919393192b3,main,2026-08-27T23:56:50Z,96,1,0,1,1,1,0
github_actions,numpy/numpy,33163752918,279604,status,completed,success,2026-08-28T10:32:36Z,2026-08-28T10:32:36Z,2026-08-28T10:32:46Z,10.0,4747e0f4640adaf8cd1b24a3a8b1e919393192b3,main,2026-08-27T23:56:50Z,96,1,0,1,1,1,0
github_actions,numpy/numpy,33163752492,279603,status,completed,success,2026-08-28T10:32:36Z,2026-08-28T10:32:36Z,2026-08-28T10:32:46Z,10.0,4747e0f4640adaf8cd1b24a3a8b1e919393192b3,main,2026-08-27T23:56:50Z,96,1,0,1,1,1,0
github_actions,numpy/numpy,33161528978,2102,workflow_run,completed,success,2026-08-28T09:58:22Z,2026-08-28T09:58:22Z,2026-08-28T09:58:31Z,9.0,4747e0f4640adaf8cd1b24a3a8b1e919393192b3,main,2026-08-27T23:56:50Z,96,1,0,1,1,1,0
github_actions,numpy/numpy,33161148838,279602,status,completed,success,2026-08-28T09:52:34Z,2026-08-28T09:52:34Z,2026-08-28T09:52:44Z,10.0,4747e0f4640adaf8cd1b24a3a8b1e919393192b3,main,2026-08-27T23:56:50Z,96,1,0,1,1,1,0
github_actions,numpy/numpy,33161148636,279601,status,completed,success,2026-08-28T09:52:34Z,2026-08-28T09:52:34Z,2026-08-28T09:52:42Z,8.0,4747e0f4640adaf8cd1b24a3a8b1e919393192b3,main,2026-08-27T23:56:50Z,96,1,0,1,1,1,0
github_actions,numpy/numpy,33159980956,279600,status,completed,success,2026-08-28T09:35:13Z,2026-08-28T09:35:13Z,2026-08-28T09:35:20Z,7.0,4747e0f4640adaf8cd1b24a3a8b1e919393192b3,main,2026-08-27T23:56:50Z,96,1,0,1,1,1,0
github_actions,numpy/numpy,33159980132,279599,status,completed,success,2026-08-28T09:35:12Z,2026-08-28T09:35:12Z,2026-08-28T09:35:22Z,10.0,4747e0f4640adaf8cd1b24a3a8b1e919393192b3,main,2026-08-27T23:56:50Z,96,1,0,1,1,1,0
github_actions,numpy/numpy,33159975686,3327,pull_request,completed,success,2026-08-28T09:35:09Z,2026-08-28T09:35:09Z,2026-08-28T10:02:31Z,1642.0,61eb2ee54205c50c08dd78c37be5931ab8b31d9b,np-minmax,2026-08-28T09:34:58Z,77,5,2,7,1,1,0
github_actions,numpy/numpy,33159975581,14610,pull_request,completed,success,2026-08-28T09:35:09Z,2026-08-28T09:35:09Z,2026-08-28T10:06:05Z,1856.0,61eb2ee54205c50c08dd78c37be5931ab8b31d9b,np-minmax,2026-08-28T09:34:58Z,77,5,2,7,1,1,0
github_actions,numpy/numpy,33159975590,1906,pull_request,completed,success,2026-08-28T09:35:09Z,2026-08-28T09:35:09Z,2026-08-28T10:07:19Z,1930.0,61eb2ee54205c50c08dd78c37be5931ab8b31d9b,np-minmax,2026-08-28T09:34:58Z,77,5,2,7,1,1,0
github_actions,numpy/numpy,33159975543,17354,pull_request,completed,success,2026-08-28T09:35:09Z,2026-08-28T09:35:09Z,2026-08-28T09:35:21Z,12.0,61eb2ee54205c50c08dd78c37be5931ab8b31d9b,np-minmax,2026-08-28T09:34:58Z,77,5,2,7,1,1,0
github_actions,numpy/numpy,33159975586,985,pull_request,completed,success,2026-08-28T09:35:09Z,2026-08-28T09:35:09Z,2026-08-28T09:35:52Z,43.0,61eb2ee54205c50c08dd78c37be5931ab8b31d9b,np-minmax,2026-08-28T09:34:58Z,77,5,2,7,1,1,0
github_actions,numpy/numpy,33159975664,20427,pull_request,completed,success,2026-08-28T09:35:09Z,2026-08-28T09:35:09Z,2026-08-28T09:37:00Z,111.0,61eb2ee54205c50c08dd78c37be5931ab8b31d9b,np-minmax,2026-08-28T09:34:58Z,77,5,2,7,1,1,0
github_actions,numpy/numpy,33159975655,3761,pull_request,completed,success,2026-08-28T09:35:09Z,2026-08-28T09:35:09Z,2026-08-28T09:40:42Z,333.0,61eb2ee54205c50c08dd78c37be5931ab8b31d9b,np-minmax,2026-08-28T09:34:58Z,77,5,2,7,1,1,0
github_actions,numpy/numpy,33159975735,18232,pull_request,completed,success,2026-08-28T09:35:09Z,2026-08-28T09:35:09Z,2026-08-28T09:54:59Z,1190.0,61eb2ee54205c50c08dd78c37be5931ab8b31d9b,np-minmax,2026-08-28T09:34:58Z,77,5,2,7,1,1,0
github_actions,numpy/numpy,33159975677,14630,pull_request,completed,success,2026-08-28T09:35:09Z,2026-08-28T09:35:09Z,2026-08-28T09:57:43Z,1354.0,61eb2ee54205c50c08dd78c37be5931ab8b31d9b,np-minmax,2026-08-28T09:34:58Z,77,5,2,7,1,1,0
github_actions,numpy/numpy,33159975616,2217,pull_request,completed,success,2026-08-28T09:35:09Z,2026-08-28T09:35:09Z,2026-08-28T09:58:20Z,1391.0,61eb2ee54205c50c08dd78c37be5931ab8b31d9b,np-minmax,2026-08-28T09:34:58Z,77,5,2,7,1,1,0
github_actions,numpy/numpy,33159975637,14605,pull_request,completed,success,2026-08-28T09:35:09Z,2026-08-28T09:35:09Z,2026-08-28T09:59:34Z,1465.0,61eb2ee54205c50c08dd78c37be5931ab8b31d9b,np-minmax,2026-08-28T09:34:58Z,77,5,2,7,1,1,0
github_actions,numpy/numpy,33159975454,28074,pull_request,completed,success,2026-08-28T09:35:09Z,2026-08-28T09:35:09Z,2026-08-28T09:59:45Z,1476.0,61eb2ee54205c50c08dd78c37be5931ab8b31d9b,np-minmax,2026-08-28T09:34:58Z,77,5,2,7,1,1,0
github_actions,numpy/numpy,33159975650,14630,pull_request,completed,success,2026-08-28T09:35:09Z,2026-08-28T09:35:09Z,2026-08-28T09:41:57Z,408.0,61eb2ee54205c50c08dd78c37be5931ab8b31d9b,np-minmax,2026-08-28T09:34:58Z,77,5,2,7,1,1,0
github_actions,numpy/numpy,33159975568,18560,pull_request,completed,success,2026-08-28T09:35:09Z,2026-08-28T09:35:09Z,2026-08-28T09:42:34Z,445.0,61eb2ee54205c50c08dd78c37be5931ab8b31d9b,np-minmax,2026-08-28T09:34:58Z,77,5,2,7,1,1,0
github_actions,numpy/numpy,33159975570,14659,pull_request,completed,success,2026-08-28T09:35:09Z,2026-08-28T09:35:09Z,2026-08-28T09:44:15Z,546.0,61eb2ee54205c50c08dd78c37be5931ab8b31d9b,np-minmax,2026-08-28T09:34:58Z,77,5,2,7,1,1,0
github_actions,numpy/numpy,33159975633,2129,pull_request,completed,success,2026-08-28T09:35:09Z,2026-08-28T09:35:09Z,2026-08-28T09:47:47Z,758.0,61eb2ee54205c50c08dd78c37be5931ab8b31d9b,np-minmax,2026-08-28T09:34:58Z,77,5,2,7,1,1,0
github_actions,numpy/numpy,33159975579,2837,pull_request,completed,success,2026-08-28T09:35:09Z,2026-08-28T09:35:09Z,2026-08-28T09:48:31Z,802.0,61eb2ee54205c50c08dd78c37be5931ab8b31d9b,np-minmax,2026-08-28T09:34:58Z,77,5,2,7,1,1,0
github_actions,numpy/numpy,33159975620,9956,pull_request,completed,success,2026-08-28T09:35:09Z,2026-08-28T09:35:09Z,2026-08-28T09:52:25Z,1036.0,61eb2ee54205c50c08dd78c37be5931ab8b31d9b,np-minmax,2026-08-28T09:34:58Z,77,5,2,7,1,1,0
github_actions,numpy/numpy,33146124807,279598,status,completed,success,2026-08-28T05:53:16Z,2026-08-28T05:53:16Z,2026-08-28T05:53:25Z,9.0,4747e0f4640adaf8cd1b24a3a8b1e919393192b3,main,2026-08-27T23:56:50Z,96,1,0,1,1,1,0
github_actions,numpy/numpy,33146124452,279597,status,completed,success,2026-08-28T05:53:16Z,2026-08-28T05:53:16Z,2026-08-28T05:53:26Z,10.0,4747e0f4640adaf8cd1b24a3a8b1e919393192b3,main,2026-08-27T23:56:50Z,96,1,0,1,1,1,0
github_actions,numpy/numpy,33145207333,279596,status,completed,success,2026-08-28T05:35:09Z,2026-08-28T05:35:09Z,2026-08-28T05:35:19Z,10.0,4747e0f4640adaf8cd1b24a3a8b1e919393192b3,main,2026-08-27T23:56:50Z,96,1,0,1,1,1,0
github_actions,numpy/numpy,33145207077,279595,status,completed,success,2026-08-28T05:35:09Z,2026-08-28T05:35:09Z,2026-08-28T05:35:17Z,8.0,4747e0f4640adaf8cd1b24a3a8b1e919393192b3,main,2026-08-27T23:56:50Z,96,1,0,1,1,1,0
github_actions,numpy/numpy,33145204621,14629,pull_request,completed,success,2026-08-28T05:35:07Z,2026-08-28T05:35:07Z,2026-08-28T06:01:28Z,1581.0,61e6da9a6d96f44690ea9b2a18d35a732b89ec24,simd-timedelta-divide,2026-08-28T05:33:16Z,74,33,0,33,1,1,0
github_actions,numpy/numpy,33145204613,18559,pull_request,completed,success,2026-08-28T05:35:07Z,2026-08-28T05:35:07Z,2026-08-28T05:40:11Z,304.0,61e6da9a6d96f44690ea9b2a18d35a732b89ec24,simd-timedelta-divide,2026-08-28T05:33:16Z,74,33,0,33,1,1,0
github_actions,numpy/numpy,33145204547,17353,pull_request,completed,success,2026-08-28T05:35:06Z,2026-08-28T05:35:06Z,2026-08-28T05:35:16Z,10.0,61e6da9a6d96f44690ea9b2a18d35a732b89ec24,simd-timedelta-divide,2026-08-28T05:33:16Z,74,33,0,33,1,1,0
github_actions,numpy/numpy,33145204567,984,pull_request,completed,success,2026-08-28T05:35:06Z,2026-08-28T05:35:06Z,2026-08-28T05:35:46Z,40.0,61e6da9a6d96f44690ea9b2a18d35a732b89ec24,simd-timedelta-divide,2026-08-28T05:33:16Z,74,33,0,33,1,1,0
github_actions,numpy/numpy,33145204551,20426,pull_request,completed,success,2026-08-28T05:35:06Z,2026-08-28T05:35:06Z,2026-08-28T05:36:17Z,71.0,61e6da9a6d96f44690ea9b2a18d35a732b89ec24,simd-timedelta-divide,2026-08-28T05:33:16Z,74,33,0,33,1,1,0
github_actions,numpy/numpy,33145204546,18231,pull_request,completed,success,2026-08-28T05:35:06Z,2026-08-28T05:35:06Z,2026-08-28T05:55:10Z,1204.0,61e6da9a6d96f44690ea9b2a18d35a732b89ec24,simd-timedelta-divide,2026-08-28T05:33:16Z,74,33,0,33,1,1,0
github_actions,numpy/numpy,33145204588,9955,pull_request,completed,success,2026-08-28T05:35:06Z,2026-08-28T05:35:06Z,2026-08-28T05:57:45Z,1359.0,61e6da9a6d96f44690ea9b2a18d35a732b89ec24,simd-timedelta-divide,2026-08-28T05:33:16Z,74,33,0,33,1,1,0
github_actions,numpy/numpy,33145204552,28073,pull_request,completed,success,2026-08-28T05:35:06Z,2026-08-28T05:35:06Z,2026-08-28T05:59:02Z,1436.0,61e6da9a6d96f44690ea9b2a18d35a732b89ec24,simd-timedelta-divide,2026-08-28T05:33:16Z,74,33,0,33,1,1,0
github_actions,numpy/numpy,33145204562,14604,pull_request,completed,success,2026-08-28T05:35:06Z,2026-08-28T05:35:06Z,2026-08-28T05:59:08Z,1442.0,61e6da9a6d96f44690ea9b2a18d35a732b89ec24,simd-timedelta-divide,2026-08-28T05:33:16Z,74,33,0,33,1,1,0
github_actions,numpy/numpy,33145204550,2836,pull_request,completed,success,2026-08-28T05:35:06Z,2026-08-28T05:35:06Z,2026-08-28T05:39:13Z,247.0,61e6da9a6d96f44690ea9b2a18d35a732b89ec24,simd-timedelta-divide,2026-08-28T05:33:16Z,74,33,0,33,1,1,0
github_actions,numpy/numpy,33145204587,3760,pull_request,completed,success,2026-08-28T05:35:06Z,2026-08-28T05:35:06Z,2026-08-28T05:40:36Z,330.0,61e6da9a6d96f44690ea9b2a18d35a732b89ec24,simd-timedelta-divide,2026-08-28T05:33:16Z,74,33,0,33,1,1,0
github_actions,numpy/numpy,33145204554,14629,pull_request,completed,success,2026-08-28T05:35:06Z,2026-08-28T05:35:06Z,2026-08-28T05:41:38Z,392.0,61e6da9a6d96f44690ea9b2a18d35a732b89ec24,simd-timedelta-divide,2026-08-28T05:33:16Z,74,33,0,33,1,1,0
github_actions,numpy/numpy,33145204607,2128,pull_request,completed,success,2026-08-28T05:35:06Z,2026-08-28T05:35:06Z,2026-08-28T05:42:55Z,469.0,61e6da9a6d96f44690ea9b2a18d35a732b89ec24,simd-timedelta-divide,2026-08-28T05:33:16Z,74,33,0,33,1,1,0
github_actions,numpy/numpy,33145204583,14658,pull_request,completed,success,2026-08-28T05:35:06Z,2026-08-28T05:35:06Z,2026-08-28T05:44:05Z,539.0,61e6da9a6d96f44690ea9b2a18d35a732b89ec24,simd-timedelta-divide,2026-08-28T05:33:16Z,74,33,0,33,1,1,0
github_actions,numpy/numpy,33145204561,3326,pull_request,completed,success,2026-08-28T05:35:06Z,2026-08-28T05:35:06Z,2026-08-28T05:48:50Z,824.0,61e6da9a6d96f44690ea9b2a18d35a732b89ec24,simd-timedelta-divide,2026-08-28T05:33:16Z,74,33,0,33,1,1,0
github_actions,numpy/numpy,33145204566,1905,pull_request,completed,success,2026-08-28T05:35:06Z,2026-08-28T05:35:06Z,2026-08-28T06:08:08Z,1982.0,61e6da9a6d96f44690ea9b2a18d35a732b89ec24,simd-timedelta-divide,2026-08-28T05:33:16Z,74,33,0,33,1,1,0
github_actions,numpy/numpy,33145204556,14609,pull_request,completed,success,2026-08-28T05:35:06Z,2026-08-28T05:35:06Z,2026-08-28T06:17:55Z,2569.0,61e6da9a6d96f44690ea9b2a18d35a732b89ec24,simd-timedelta-divide,2026-08-28T05:33:16Z,74,33,0,33,1,1,0
github_actions,numpy/numpy,33144767902,279594,status,completed,success,2026-08-28T05:26:26Z,2026-08-28T05:26:26Z,2026-08-28T05:26:34Z,8.0,4747e0f4640adaf8cd1b24a3a8b1e919393192b3,main,2026-08-27T23:56:50Z,96,1,0,1,1,1,0
github_actions,numpy/numpy,33144767634,279593,status,completed,success,2026-08-28T05:26:26Z,2026-08-28T05:26:26Z,2026-08-28T05:26:37Z,11.0,4747e0f4640adaf8cd1b24a3a8b1e919393192b3,main,2026-08-27T23:56:50Z,96,1,0,1,1,1,0
github_actions,numpy/numpy,33143744451,279591,status,completed,success,2026-08-28T05:06:12Z,2026-08-28T05:06:12Z,2026-08-28T05:06:21Z,9.0,4747e0f4640adaf8cd1b24a3a8b1e919393192b3,main,2026-08-27T23:56:50Z,96,1,0,1,1,1,0
github_actions,numpy/numpy,33143744499,279592,status,completed,success,2026-08-28T05:06:12Z,2026-08-28T05:06:12Z,2026-08-28T05:06:35Z,23.0,4747e0f4640adaf8cd1b24a3a8b1e919393192b3,main,2026-08-27T23:56:50Z,96,1,0,1,1,1,0
github_actions,numpy/numpy,33143743166,28072,pull_request,completed,success,2026-08-28T05:06:11Z,2026-08-28T05:06:11Z,2026-08-28T05:21:57Z,946.0,d0834839e68947a78cd903135039455d5964ad5d,simd-timedelta-divide,2026-08-28T05:05:22Z,189,308,225,533,5,1,0
github_actions,numpy/numpy,33143743164,14603,pull_request,completed,success,2026-08-28T05:06:11Z,2026-08-28T05:06:11Z,2026-08-28T05:24:22Z,1091.0,d0834839e68947a78cd903135039455d5964ad5d,simd-timedelta-divide,2026-08-28T05:05:22Z,189,308,225,533,5,1,0
github_actions,numpy/numpy,33143743141,9954,pull_request,completed,success,2026-08-28T05:06:11Z,2026-08-28T05:06:11Z,2026-08-28T05:24:26Z,1095.0,d0834839e68947a78cd903135039455d5964ad5d,simd-timedelta-divide,2026-08-28T05:05:22Z,189,308,225,533,5,1,0
github_actions,numpy/numpy,33143743212,18230,pull_request,completed,success,2026-08-28T05:06:11Z,2026-08-28T05:06:11Z,2026-08-28T05:24:47Z,1116.0,d0834839e68947a78cd903135039455d5964ad5d,simd-timedelta-divide,2026-08-28T05:05:22Z,189,308,225,533,5,1,0
github_actions,numpy/numpy,33143743129,14628,pull_request,completed,success,2026-08-28T05:06:11Z,2026-08-28T05:06:11Z,2026-08-28T05:30:46Z,1475.0,d0834839e68947a78cd903135039455d5964ad5d,simd-timedelta-divide,2026-08-28T05:05:22Z,189,308,225,533,5,1,0
github_actions,numpy/numpy,33143743160,2127,pull_request,completed,success,2026-08-28T05:06:11Z,2026-08-28T05:06:11Z,2026-08-28T05:14:08Z,477.0,d0834839e68947a78cd903135039455d5964ad5d,simd-timedelta-divide,2026-08-28T05:05:22Z,189,308,225,533,5,1,0
github_actions,numpy/numpy,33143743286,14657,pull_request,completed,success,2026-08-28T05:06:11Z,2026-08-28T05:06:11Z,2026-08-28T05:15:36Z,565.0,d0834839e68947a78cd903135039455d5964ad5d,simd-timedelta-divide,2026-08-28T05:05:22Z,189,308,225,533,5,1,0
github_actions,numpy/numpy,33143743130,3325,pull_request,completed,success,2026-08-28T05:06:11Z,2026-08-28T05:06:11Z,2026-08-28T05:18:32Z,741.0,d0834839e68947a78cd903135039455d5964ad5d,simd-timedelta-divide,2026-08-28T05:05:22Z,189,308,225,533,5,1,0
github_actions,numpy/numpy,33143743138,17352,pull_request,completed,success,2026-08-28T05:06:11Z,2026-08-28T05:06:11Z,2026-08-28T05:06:22Z,11.0,d0834839e68947a78cd903135039455d5964ad5d,simd-timedelta-divide,2026-08-28T05:05:22Z,189,308,225,533,5,1,0
github_actions,numpy/numpy,33143743148,983,pull_request,completed,success,2026-08-28T05:06:11Z,2026-08-28T05:06:11Z,2026-08-28T05:06:50Z,39.0,d0834839e68947a78cd903135039455d5964ad5d,simd-timedelta-divide,2026-08-28T05:05:22Z,189,308,225,533,5,1,0
github_actions,numpy/numpy,33143743125,20425,pull_request,completed,success,2026-08-28T05:06:11Z,2026-08-28T05:06:11Z,2026-08-28T05:07:23Z,72.0,d0834839e68947a78cd903135039455d5964ad5d,simd-timedelta-divide,2026-08-28T05:05:22Z,189,308,225,533,5,1,0
github_actions,numpy/numpy,33143743123,2835,pull_request,completed,success,2026-08-28T05:06:11Z,2026-08-28T05:06:11Z,2026-08-28T05:10:14Z,243.0,d0834839e68947a78cd903135039455d5964ad5d,simd-timedelta-divide,2026-08-28T05:05:22Z,189,308,225,533,5,1,0
github_actions,numpy/numpy,33143743156,3759,pull_request,completed,success,2026-08-28T05:06:11Z,2026-08-28T05:06:11Z,2026-08-28T05:11:25Z,314.0,d0834839e68947a78cd903135039455d5964ad5d,simd-timedelta-divide,2026-08-28T05:05:22Z,189,308,225,533,5,1,0
github_actions,numpy/numpy,33143743124,14628,pull_request,completed,success,2026-08-28T05:06:11Z,2026-08-28T05:06:11Z,2026-08-28T05:12:40Z,389.0,d0834839e68947a78cd903135039455d5964ad5d,simd-timedelta-divide,2026-08-28T05:05:22Z,189,308,225,533,5,1,0
github_actions,numpy/numpy,33143743127,18558,pull_request,completed,success,2026-08-28T05:06:11Z,2026-08-28T05:06:11Z,2026-08-28T05:13:06Z,415.0,d0834839e68947a78cd903135039455d5964ad5d,simd-timedelta-divide,2026-08-28T05:05:22Z,189,308,225,533,5,1,0
github_actions,numpy/numpy,33142366887,279589,status,completed,success,2026-08-28T04:37:54Z,2026-08-28T04:37:54Z,2026-08-28T04:38:05Z,11.0,4747e0f4640adaf8cd1b24a3a8b1e919393192b3,main,2026-08-27T23:56:50Z,96,1,0,1,1,1,0
github_actions,numpy/numpy,33142367012,279590,status,completed,success,2026-08-28T04:37:54Z,2026-08-28T04:37:54Z,2026-08-28T04:38:03Z,9.0,4747e0f4640adaf8cd1b24a3a8b1e919393192b3,main,2026-08-27T23:56:50Z,96,1,0,1,1,1,0
github_actions,numpy/numpy,33142293660,279588,status,completed,success,2026-08-28T04:36:20Z,2026-08-28T04:36:20Z,2026-08-28T04:36:31Z,11.0,4747e0f4640adaf8cd1b24a3a8b1e919393192b3,main,2026-08-27T23:56:50Z,96,1,0,1,1,1,0
github_actions,numpy/numpy,33142293620,279587,status,completed,success,2026-08-28T04:36:20Z,2026-08-28T04:36:20Z,2026-08-28T04:36:29Z,9.0,4747e0f4640adaf8cd1b24a3a8b1e919393192b3,main,2026-08-27T23:56:50Z,96,1,0,1,1,1,0
github_actions,numpy/numpy,33141480962,279585,status,completed,success,2026-08-28T04:19:26Z,2026-08-28T04:19:26Z,2026-08-28T04:21:58Z,152.0,4747e0f4640adaf8cd1b24a3a8b1e919393192b3,main,2026-08-27T23:56:50Z,96,1,0,1,1,1,0
github_actions,numpy/numpy,33141481011,279586,status,completed,success,2026-08-28T04:19:26Z,2026-08-28T04:19:26Z,2026-08-28T04:22:00Z,154.0,4747e0f4640adaf8cd1b24a3a8b1e919393192b3,main,2026-08-27T23:56:50Z,96,1,0,1,1,1,0
github_actions,numpy/numpy,33141478586,17351,pull_request,completed,success,2026-08-28T04:19:23Z,2026-08-28T04:19:23Z,2026-08-28T04:19:34Z,11.0,9289c6d2c3c580f217c5cc63fde1372cb185c10c,simd-timedelta-divide,2026-08-28T04:18:56Z,861,329,224,553,5,1,0
github_actions,numpy/numpy,33141478601,982,pull_request,completed,success,2026-08-28T04:19:23Z,2026-08-28T04:19:23Z,2026-08-28T04:20:01Z,38.0,9289c6d2c3c580f217c5cc63fde1372cb185c10c,simd-timedelta-divide,2026-08-28T04:18:56Z,861,329,224,553,5,1,0
github_actions,numpy/numpy,33141478574,20424,pull_request,completed,success,2026-08-28T04:19:23Z,2026-08-28T04:19:23Z,2026-08-28T04:20:43Z,80.0,9289c6d2c3c580f217c5cc63fde1372cb185c10c,simd-timedelta-divide,2026-08-28T04:18:56Z,861,329,224,553,5,1,0
github_actions,numpy/numpy,33141478562,2834,pull_request,completed,success,2026-08-28T04:19:23Z,2026-08-28T04:19:23Z,2026-08-28T04:23:51Z,268.0,9289c6d2c3c580f217c5cc63fde1372cb185c10c,simd-timedelta-divide,2026-08-28T04:18:56Z,861,329,224,553,5,1,0
github_actions,numpy/numpy,33141478648,3758,pull_request,completed,success,2026-08-28T04:19:23Z,2026-08-28T04:19:23Z,2026-08-28T04:25:27Z,364.0,9289c6d2c3c580f217c5cc63fde1372cb185c10c,simd-timedelta-divide,2026-08-28T04:18:56Z,861,329,224,553,5,1,0
github_actions,numpy/numpy,33141478565,2126,pull_request,completed,failure,2026-08-28T04:19:23Z,2026-08-28T04:19:23Z,2026-08-28T04:25:39Z,376.0,9289c6d2c3c580f217c5cc63fde1372cb185c10c,simd-timedelta-divide,2026-08-28T04:18:56Z,861,329,224,553,5,1,1
github_actions,numpy/numpy,33141478591,14627,pull_request,completed,success,2026-08-28T04:19:23Z,2026-08-28T04:19:23Z,2026-08-28T04:26:24Z,421.0,9289c6d2c3c580f217c5cc63fde1372cb185c10c,simd-timedelta-divide,2026-08-28T04:18:56Z,861,329,224,553,5,1,0
github_actions,numpy/numpy,33141478559,18557,pull_request,completed,success,2026-08-28T04:19:23Z,2026-08-28T04:19:23Z,2026-08-28T04:27:01Z,458.0,9289c6d2c3c580f217c5cc63fde1372cb185c10c,simd-timedelta-divide,2026-08-28T04:18:56Z,861,329,224,553,5,1,0
github_actions,numpy/numpy,33141478605,14656,pull_request,completed,success,2026-08-28T04:19:23Z,2026-08-28T04:19:23Z,2026-08-28T04:28:23Z,540.0,9289c6d2c3c580f217c5cc63fde1372cb185c10c,simd-timedelta-divide,2026-08-28T04:18:56Z,861,329,224,553,5,1,0
github_actions,numpy/numpy,33141478577,3324,pull_request,completed,success,2026-08-28T04:19:23Z,2026-08-28T04:19:23Z,2026-08-28T04:58:23Z,2340.0,9289c6d2c3c580f217c5cc63fde1372cb185c10c,simd-timedelta-divide,2026-08-28T04:18:56Z,861,329,224,553,5,1,0
github_actions,numpy/numpy,33141478556,28071,pull_request,completed,success,2026-08-28T04:19:23Z,2026-08-28T04:19:23Z,2026-08-28T04:51:46Z,1943.0,9289c6d2c3c580f217c5cc63fde1372cb185c10c,simd-timedelta-divide,2026-08-28T04:18:56Z,861,329,224,553,5,1,0
github_actions,numpy/numpy,33141478568,14602,pull_request,completed,success,2026-08-28T04:19:23Z,2026-08-28T04:19:23Z,2026-08-28T04:52:56Z,2013.0,9289c6d2c3c580f217c5cc63fde1372cb185c10c,simd-timedelta-divide,2026-08-28T04:18:56Z,861,329,224,553,5,1,0
github_actions,numpy/numpy,33141478609,9953,pull_request,completed,success,2026-08-28T04:19:23Z,2026-08-28T04:19:23Z,2026-08-28T04:52:51Z,2008.0,9289c6d2c3c580f217c5cc63fde1372cb185c10c,simd-timedelta-divide,2026-08-28T04:18:56Z,861,329,224,553,5,1,0
github_actions,numpy/numpy,33141478573,14627,pull_request,completed,success,2026-08-28T04:19:23Z,2026-08-28T04:19:23Z,2026-08-28T04:44:09Z,1486.0,9289c6d2c3c580f217c5cc63fde1372cb185c10c,simd-timedelta-divide,2026-08-28T04:18:56Z,861,329,224,553,5,1,0
github_actions,numpy/numpy,33141478646,1903,pull_request,completed,success,2026-08-28T04:19:23Z,2026-08-28T04:19:23Z,2026-08-28T04:49:29Z,1806.0,9289c6d2c3c580f217c5cc63fde1372cb185c10c,simd-timedelta-divide,2026-08-28T04:18:56Z,861,329,224,553,5,1,0
github_actions,numpy/numpy,33141478567,18229,pull_request,completed,success,2026-08-28T04:19:23Z,2026-08-28T04:19:23Z,2026-08-28T04:40:20Z,1257.0,9289c6d2c3c580f217c5cc63fde1372cb185c10c,simd-timedelta-divide,2026-08-28T04:18:56Z,861,329,224,553,5,1,0
github_actions,numpy/numpy,33141219294,279584,status,completed,success,2026-08-28T04:14:04Z,2026-08-28T04:14:04Z,2026-08-28T04:14:19Z,15.0,4747e0f4640adaf8cd1b24a3a8b1e919393192b3,main,2026-08-27T23:56:50Z,96,1,0,1,1,1,0
github_actions,numpy/numpy,33141219272,279583,status,completed,success,2026-08-28T04:14:04Z,2026-08-28T04:14:04Z,2026-08-28T04:14:15Z,11.0,4747e0f4640adaf8cd1b24a3a8b1e919393192b3,main,2026-08-27T23:56:50Z,96,1,0,1,1,1,0
github_actions,numpy/numpy,33141217305,17350,pull_request,completed,success,2026-08-28T04:14:02Z,2026-08-28T04:14:02Z,2026-08-28T04:14:13Z,11.0,b2e72ec1376ad8602c7541a79c0c8ea279fae5f1,encoding-warning-cleanup,2026-08-28T03:55:13Z,688,6,3,9,3,1,0
github_actions,numpy/numpy,33141217406,981,pull_request,completed,success,2026-08-28T04:14:02Z,2026-08-28T04:14:02Z,2026-08-28T04:14:43Z,41.0,b2e72ec1376ad8602c7541a79c0c8ea279fae5f1,encoding-warning-cleanup,2026-08-28T03:55:13Z,688,6,3,9,3,1,0
github_actions,numpy/numpy,33141217346,20423,pull_request,completed,success,2026-08-28T04:14:02Z,2026-08-28T04:14:02Z,2026-08-28T04:15:15Z,73.0,b2e72ec1376ad8602c7541a79c0c8ea279fae5f1,encoding-warning-cleanup,2026-08-28T03:55:13Z,688,6,3,9,3,1,0
github_actions,numpy/numpy,33141217358,14626,pull_request,completed,success,2026-08-28T04:14:02Z,2026-08-28T04:14:02Z,2026-08-28T04:20:39Z,397.0,b2e72ec1376ad8602c7541a79c0c8ea279fae5f1,encoding-warning-cleanup,2026-08-28T03:55:13Z,688,6,3,9,3,1,0
github_actions,numpy/numpy,33141217351,18556,pull_request,completed,success,2026-08-28T04:14:02Z,2026-08-28T04:14:02Z,2026-08-28T04:21:17Z,435.0,b2e72ec1376ad8602c7541a79c0c8ea279fae5f1,encoding-warning-cleanup,2026-08-28T03:55:13Z,688,6,3,9,3,1,0
github_actions,numpy/numpy,33141217310,2125,pull_request,completed,success,2026-08-28T04:14:02Z,2026-08-28T04:14:02Z,2026-08-28T04:21:39Z,457.0,b2e72ec1376ad8602c7541a79c0c8ea279fae5f1,encoding-warning-cleanup,2026-08-28T03:55:13Z,688,6,3,9,3,1,0
github_actions,numpy/numpy,33141217360,14655,pull_request,completed,success,2026-08-28T04:14:02Z,2026-08-28T04:14:02Z,2026-08-28T04:23:08Z,546.0,b2e72ec1376ad8602c7541a79c0c8ea279fae5f1,encoding-warning-cleanup,2026-08-28T03:55:13Z,688,6,3,9,3,1,0
github_actions,numpy/numpy,33141217400,2833,pull_request,completed,success,2026-08-28T04:14:02Z,2026-08-28T04:14:02Z,2026-08-28T04:26:05Z,723.0,b2e72ec1376ad8602c7541a79c0c8ea279fae5f1,encoding-warning-cleanup,2026-08-28T03:55:13Z,688,6,3,9,3,1,0
github_actions,numpy/numpy,33141217354,3323,pull_request,completed,success,2026-08-28T04:14:02Z,2026-08-28T04:14:02Z,2026-08-28T04:27:05Z,783.0,b2e72ec1376ad8602c7541a79c0c8ea279fae5f1,encoding-warning-cleanup,2026-08-28T03:55:13Z,688,6,3,9,3,1,0
github_actions,numpy/numpy,33141217451,14606,pull_request,completed,success,2026-08-28T04:14:02Z,2026-08-28T04:14:02Z,2026-08-28T05:01:30Z,2848.0,b2e72ec1376ad8602c7541a79c0c8ea279fae5f1,encoding-warning-cleanup,2026-08-28T03:55:13Z,688,6,3,9,3,1,0
github_actions,numpy/numpy,33141217328,28070,pull_request,completed,success,2026-08-28T04:14:02Z,2026-08-28T04:14:02Z,2026-08-28T04:48:19Z,2057.0,b2e72ec1376ad8602c7541a79c0c8ea279fae5f1,encoding-warning-cleanup,2026-08-28T03:55:13Z,688,6,3,9,3,1,0
github_actions,numpy/numpy,33141217387,9952,pull_request,completed,success,2026-08-28T04:14:02Z,2026-08-28T04:14:02Z,2026-08-28T04:34:50Z,1248.0,b2e72ec1376ad8602c7541a79c0c8ea279fae5f1,encoding-warning-cleanup,2026-08-28T03:55:13Z,688,6,3,9,3,1,0
github_actions,numpy/numpy,33141217344,18228,pull_request,completed,success,2026-08-28T04:14:02Z,2026-08-28T04:14:02Z,2026-08-28T04:37:05Z,1383.0,b2e72ec1376ad8602c7541a79c0c8ea279fae5f1,encoding-warning-cleanup,2026-08-28T03:55:13Z,688,6,3,9,3,1,0
github_actions,numpy/numpy,33141217453,14601,pull_request,completed,success,2026-08-28T04:14:02Z,2026-08-28T04:14:02Z,2026-08-28T04:38:22Z,1460.0,b2e72ec1376ad8602c7541a79c0c8ea279fae5f1,encoding-warning-cleanup,2026-08-28T03:55:13Z,688,6,3,9,3,1,0
github_actions,numpy/numpy,33141217372,14626,pull_request,completed,success,2026-08-28T04:14:02Z,2026-08-28T04:14:02Z,2026-08-28T04:38:56Z,1494.0,b2e72ec1376ad8602c7541a79c0c8ea279fae5f1,encoding-warning-cleanup,2026-08-28T03:55:13Z,688,6,3,9,3,1,0
github_actions,numpy/numpy,33141217405,1902,pull_request,completed,success,2026-08-28T04:14:02Z,2026-08-28T04:14:02Z,2026-08-28T04:41:23Z,1641.0,b2e72ec1376ad8602c7541a79c0c8ea279fae5f1,encoding-warning-cleanup,2026-08-28T03:55:13Z,688,6,3,9,3,1,0
github_actions,numpy/numpy,33141216309,19477,pull_request_target,completed,success,2026-08-28T04:14:01Z,2026-08-28T04:14:01Z,2026-08-28T04:14:10Z,9.0,b2e72ec1376ad8602c7541a79c0c8ea279fae5f1,encoding-warning-cleanup,2026-08-28T03:55:13Z,688,6,3,9,3,1,0
github_actions,numpy/numpy,33129150646,279580,status,completed,success,2026-08-28T00:15:45Z,2026-08-28T00:15:45Z,2026-08-28T00:15:53Z,8.0,4747e0f4640adaf8cd1b24a3a8b1e919393192b3,main,2026-08-27T23:56:50Z,96,1,0,1,1,1,0
github_actions,numpy/numpy,33128056064,279579,status,completed,success,2026-08-27T23:56:57Z,2026-08-27T23:56:57Z,2026-08-27T23:57:05Z,8.0,4747e0f4640adaf8cd1b24a3a8b1e919393192b3,main,2026-08-27T23:56:50Z,96,1,0,1,1,1,0
github_actions,numpy/numpy,33128052199,4608,push,completed,success,2026-08-27T23:56:53Z,2026-08-27T23:56:53Z,2026-08-27T23:57:37Z,44.0,4747e0f4640adaf8cd1b24a3a8b1e919393192b3,main,2026-08-27T23:56:50Z,96,1,0,1,1,1,0
github_actions,numpy/numpy,33128052208,20422,push,completed,success,2026-08-27T23:56:53Z,2026-08-27T23:56:53Z,2026-08-28T00:00:03Z,190.0,4747e0f4640adaf8cd1b24a3a8b1e919393192b3,main,2026-08-27T23:56:50Z,96,1,0,1,1,1,0
github_actions,numpy/numpy,33128052171,18227,push,completed,success,2026-08-27T23:56:53Z,2026-08-27T23:56:53Z,2026-08-28T00:13:05Z,972.0,4747e0f4640adaf8cd1b24a3a8b1e919393192b3,main,2026-08-27T23:56:50Z,96,1,0,1,1,1,0
github_actions,numpy/numpy,33128052172,9951,push,completed,success,2026-08-27T23:56:53Z,2026-08-27T23:56:53Z,2026-08-28T00:15:43Z,1130.0,4747e0f4640adaf8cd1b24a3a8b1e919393192b3,main,2026-08-27T23:56:50Z,96,1,0,1,1,1,0
github_actions,numpy/numpy,33128052182,1901,push,completed,success,2026-08-27T23:56:53Z,2026-08-27T23:56:53Z,2026-08-28T00:26:37Z,1784.0,4747e0f4640adaf8cd1b24a3a8b1e919393192b3,main,2026-08-27T23:56:50Z,96,1,0,1,1,1,0
github_actions,numpy/numpy,33125540045,279578,status,completed,success,2026-08-27T23:14:10Z,2026-08-27T23:14:10Z,2026-08-27T23:14:21Z,11.0,8d8c637c5a34b4e7d6948dc7d20aad533b0094a1,main,2026-08-27T16:41:58Z,39,27,2,29,2,1,0
github_actions,numpy/numpy,33125540012,279577,status,completed,success,2026-08-27T23:14:10Z,2026-08-27T23:14:10Z,2026-08-27T23:14:22Z,12.0,8d8c637c5a34b4e7d6948dc7d20aad533b0094a1,main,2026-08-27T16:41:58Z,39,27,2,29,2,1,0
github_actions,numpy/numpy,33124404177,279575,status,completed,success,2026-08-27T22:55:54Z,2026-08-27T22:55:54Z,2026-08-27T22:56:04Z,10.0,8d8c637c5a34b4e7d6948dc7d20aad533b0094a1,main,2026-08-27T16:41:58Z,39,27,2,29,2,1,0
github_actions,numpy/numpy,33124404260,279576,status,completed,success,2026-08-27T22:55:54Z,2026-08-27T22:55:54Z,2026-08-27T22:56:01Z,7.0,8d8c637c5a34b4e7d6948dc7d20aad533b0094a1,main,2026-08-27T16:41:58Z,39,27,2,29,2,1,0
github_actions,numpy/numpy,33124398756,14605,pull_request,completed,success,2026-08-27T22:55:49Z,2026-08-27T22:59:17Z,2026-08-27T23:39:30Z,2413.0,c11bc0255356f4fd4dc1a8e55ed808d9158eb017,add-venv-to-gitignore,2026-08-27T22:41:54Z,225,1,0,1,1,2,0
github_actions,numpy/numpy,33124398689,1900,pull_request,completed,success,2026-08-27T22:55:49Z,2026-08-27T22:59:16Z,2026-08-27T23:41:44Z,2548.0,c11bc0255356f4fd4dc1a8e55ed808d9158eb017,add-venv-to-gitignore,2026-08-27T22:41:54Z,225,1,0,1,1,2,0
github_actions,numpy/numpy,33124398749,18555,pull_request,completed,success,2026-08-27T22:55:49Z,2026-08-27T22:59:17Z,2026-08-27T23:06:33Z,436.0,c11bc0255356f4fd4dc1a8e55ed808d9158eb017,add-venv-to-gitignore,2026-08-27T22:41:54Z,225,1,0,1,1,2,0
github_actions,numpy/numpy,33124398776,2832,pull_request,completed,success,2026-08-27T22:55:49Z,2026-08-27T22:59:18Z,2026-08-27T23:06:59Z,461.0,c11bc0255356f4fd4dc1a8e55ed808d9158eb017,add-venv-to-gitignore,2026-08-27T22:41:54Z,225,1,0,1,1,2,0
github_actions,numpy/numpy,33124398754,14654,pull_request,completed,success,2026-08-27T22:55:49Z,2026-08-27T22:59:17Z,2026-08-27T23:08:27Z,550.0,c11bc0255356f4fd4dc1a8e55ed808d9158eb017,add-venv-to-gitignore,2026-08-27T22:41:54Z,225,1,0,1,1,2,0
github_actions,numpy/numpy,33124398773,17349,pull_request,completed,success,2026-08-27T22:55:49Z,2026-08-27T22:59:18Z,2026-08-27T22:59:33Z,15.0,c11bc0255356f4fd4dc1a8e55ed808d9158eb017,add-venv-to-gitignore,2026-08-27T22:41:54Z,225,1,0,1,1,2,0
github_actions,numpy/numpy,33124398707,979,pull_request,completed,success,2026-08-27T22:55:49Z,2026-08-27T22:59:17Z,2026-08-27T23:00:06Z,49.0,c11bc0255356f4fd4dc1a8e55ed808d9158eb017,add-venv-to-gitignore,2026-08-27T22:41:54Z,225,1,0,1,1,2,0
github_actions,numpy/numpy,33124398744,14625,pull_request,completed,success,2026-08-27T22:55:49Z,2026-08-27T22:59:17Z,2026-08-27T23:06:01Z,404.0,c11bc0255356f4fd4dc1a8e55ed808d9158eb017,add-venv-to-gitignore,2026-08-27T22:41:54Z,225,1,0,1,1,2,0
github_actions,numpy/numpy,33124398778,2124,pull_request,completed,success,2026-08-27T22:55:49Z,2026-08-27T22:59:18Z,2026-08-27T23:06:11Z,413.0,c11bc0255356f4fd4dc1a8e55ed808d9158eb017,add-venv-to-gitignore,2026-08-27T22:41:54Z,225,1,0,1,1,2,0
github_actions,numpy/numpy,33124398729,9950,pull_request,completed,success,2026-08-27T22:55:49Z,2026-08-27T22:59:17Z,2026-08-27T23:18:38Z,1161.0,c11bc0255356f4fd4dc1a8e55ed808d9158eb017,add-venv-to-gitignore,2026-08-27T22:41:54Z,225,1,0,1,1,2,0
github_actions,numpy/numpy,33124398855,18226,pull_request,completed,success,2026-08-27T22:55:49Z,2026-08-27T22:59:18Z,2026-08-27T23:18:13Z,1135.0,c11bc0255356f4fd4dc1a8e55ed808d9158eb017,add-venv-to-gitignore,2026-08-27T22:41:54Z,225,1,0,1,1,2,0
github_actions,numpy/numpy,33124398753,28069,pull_request,completed,success,2026-08-27T22:55:49Z,2026-08-27T22:59:17Z,2026-08-27T23:21:00Z,1303.0,c11bc0255356f4fd4dc1a8e55ed808d9158eb017,add-venv-to-gitignore,2026-08-27T22:41:54Z,225,1,0,1,1,2,0
github_actions,numpy/numpy,33124398746,14625,pull_request,completed,success,2026-08-27T22:55:49Z,2026-08-27T22:59:17Z,2026-08-27T23:23:14Z,1437.0,c11bc0255356f4fd4dc1a8e55ed808d9158eb017,add-venv-to-gitignore,2026-08-27T22:41:54Z,225,1,0,1,1,2,0
github_actions,numpy/numpy,33124398692,14600,pull_request,completed,success,2026-08-27T22:55:49Z,2026-08-27T22:59:17Z,2026-08-27T23:23:36Z,1459.0,c11bc0255356f4fd4dc1a8e55ed808d9158eb017,add-venv-to-gitignore,2026-08-27T22:41:54Z,225,1,0,1,1,2,0
github_actions,numpy/numpy,33124398782,3322,pull_request,completed,success,2026-08-27T22:55:49Z,2026-08-27T22:59:18Z,2026-08-27T23:24:10Z,1492.0,c11bc0255356f4fd4dc1a8e55ed808d9158eb017,add-venv-to-gitignore,2026-08-27T22:41:54Z,225,1,0,1,1,2,0
github_actions,numpy/numpy,33124398672,20421,pull_request,completed,success,2026-08-27T22:55:48Z,2026-08-27T22:59:16Z,2026-08-27T23:00:36Z,80.0,c11bc0255356f4fd4dc1a8e55ed808d9158eb017,add-venv-to-gitignore,2026-08-27T22:41:54Z,225,1,0,1,1,2,0
github_actions,numpy/numpy,33124398639,19476,pull_request_target,completed,success,2026-08-27T22:55:48Z,2026-08-27T22:55:48Z,2026-08-27T22:55:56Z,8.0,c11bc0255356f4fd4dc1a8e55ed808d9158eb017,add-venv-to-gitignore,2026-08-27T22:41:54Z,225,1,0,1,1,1,0
github_actions,numpy/numpy,33118636508,279573,status,completed,success,2026-08-27T21:32:47Z,2026-08-27T21:32:47Z,2026-08-27T21:32:57Z,10.0,8d8c637c5a34b4e7d6948dc7d20aad533b0094a1,main,2026-08-27T16:41:58Z,39,27,2,29,2,1,0
github_actions,numpy/numpy,33118636673,279574,status,completed,success,2026-08-27T21:32:47Z,2026-08-27T21:32:47Z,2026-08-27T21:32:55Z,8.0,8d8c637c5a34b4e7d6948dc7d20aad533b0094a1,main,2026-08-27T16:41:58Z,39,27,2,29,2,1,0
github_actions,numpy/numpy,33117225067,279571,status,completed,success,2026-08-27T21:14:41Z,2026-08-27T21:14:41Z,2026-08-27T21:14:48Z,7.0,8d8c637c5a34b4e7d6948dc7d20aad533b0094a1,main,2026-08-27T16:41:58Z,39,27,2,29,2,1,0
github_actions,numpy/numpy,33117225222,279572,status,completed,success,2026-08-27T21:14:41Z,2026-08-27T21:14:41Z,2026-08-27T21:14:52Z,11.0,8d8c637c5a34b4e7d6948dc7d20aad533b0094a1,main,2026-08-27T16:41:58Z,39,27,2,29,2,1,0
github_actions,numpy/numpy,33117221954,279569,status,completed,success,2026-08-27T21:14:39Z,2026-08-27T21:14:39Z,2026-08-27T21:14:49Z,10.0,8d8c637c5a34b4e7d6948dc7d20aad533b0094a1,main,2026-08-27T16:41:58Z,39,27,2,29,2,1,0
github_actions,numpy/numpy,33117222478,279570,status,completed,success,2026-08-27T21:14:39Z,2026-08-27T21:14:39Z,2026-08-27T21:14:49Z,10.0,8d8c637c5a34b4e7d6948dc7d20aad533b0094a1,main,2026-08-27T16:41:58Z,39,27,2,29,2,1,0
github_actions,numpy/numpy,33117216959,3321,pull_request,completed,success,2026-08-27T21:14:35Z,2026-08-27T21:14:35Z,2026-08-27T21:32:15Z,1060.0,9130824add02e3e19ac1b905acc9cc2ad0a90be2,stringdtype-na-bug,2026-08-27T21:13:23Z,40,19,29,48,3,1,0
github_actions,numpy/numpy,33117217096,18225,pull_request,completed,success,2026-08-27T21:14:35Z,2026-08-27T21:14:35Z,2026-08-27T21:34:43Z,1208.0,9130824add02e3e19ac1b905acc9cc2ad0a90be2,stringdtype-na-bug,2026-08-27T21:13:23Z,40,19,29,48,3,1,0
github_actions,numpy/numpy,33117216995,2831,pull_request,completed,success,2026-08-27T21:14:35Z,2026-08-27T21:14:35Z,2026-08-27T21:18:44Z,249.0,9130824add02e3e19ac1b905acc9cc2ad0a90be2,stringdtype-na-bug,2026-08-27T21:13:23Z,40,19,29,48,3,1,0
github_actions,numpy/numpy,33117216934,18554,pull_request,completed,success,2026-08-27T21:14:35Z,2026-08-27T21:14:35Z,2026-08-27T21:20:11Z,336.0,9130824add02e3e19ac1b905acc9cc2ad0a90be2,stringdtype-na-bug,2026-08-27T21:13:23Z,40,19,29,48,3,1,0
github_actions,numpy/numpy,33117217006,3757,pull_request,completed,success,2026-08-27T21:14:35Z,2026-08-27T21:14:35Z,2026-08-27T21:20:53Z,378.0,9130824add02e3e19ac1b905acc9cc2ad0a90be2,stringdtype-na-bug,2026-08-27T21:13:23Z,40,19,29,48,3,1,0
github_actions,numpy/numpy,33117217035,14653,pull_request,completed,success,2026-08-27T21:14:35Z,2026-08-27T21:14:35Z,2026-08-27T21:24:27Z,592.0,9130824add02e3e19ac1b905acc9cc2ad0a90be2,stringdtype-na-bug,2026-08-27T21:13:23Z,40,19,29,48,3,1,0
github_actions,numpy/numpy,33117217086,2123,pull_request,completed,success,2026-08-27T21:14:35Z,2026-08-27T21:14:35Z,2026-08-27T21:25:04Z,629.0,9130824add02e3e19ac1b905acc9cc2ad0a90be2,stringdtype-na-bug,2026-08-27T21:13:23Z,40,19,29,48,3,1,0
github_actions,numpy/numpy,33117217040,9949,pull_request,completed,success,2026-08-27T21:14:35Z,2026-08-27T21:14:35Z,2026-08-27T21:37:14Z,1359.0,9130824add02e3e19ac1b905acc9cc2ad0a90be2,stringdtype-na-bug,2026-08-27T21:13:23Z,40,19,29,48,3,1,0
github_actions,numpy/numpy,33117217000,14599,pull_request,completed,success,2026-08-27T21:14:35Z,2026-08-27T21:14:35Z,2026-08-27T21:37:03Z,1348.0,9130824add02e3e19ac1b905acc9cc2ad0a90be2,stringdtype-na-bug,2026-08-27T21:13:23Z,40,19,29,48,3,1,0
github_actions,numpy/numpy,33117217023,14624,pull_request,completed,success,2026-08-27T21:14:35Z,2026-08-27T21:14:35Z,2026-08-27T21:38:36Z,1441.0,9130824add02e3e19ac1b905acc9cc2ad0a90be2,stringdtype-na-bug,2026-08-27T21:13:23Z,40,19,29,48,3,1,0
github_actions,numpy/numpy,33117217004,28068,pull_request,completed,success,2026-08-27T21:14:35Z,2026-08-27T21:14:35Z,2026-08-27T21:41:40Z,1625.0,9130824add02e3e19ac1b905acc9cc2ad0a90be2,stringdtype-na-bug,2026-08-27T21:13:23Z,40,19,29,48,3,1,0
github_actions,numpy/numpy,33117217029,1899,pull_request,completed,success,2026-08-27T21:14:35Z,2026-08-27T21:14:35Z,2026-08-27T21:44:11Z,1776.0,9130824add02e3e19ac1b905acc9cc2ad0a90be2,stringdtype-na-bug,2026-08-27T21:13:23Z,40,19,29,48,3,1,0
github_actions,numpy/numpy,33117217053,17348,pull_request,completed,success,2026-08-27T21:14:35Z,2026-08-27T21:14:35Z,2026-08-27T21:14:47Z,12.0,9130824add02e3e19ac1b905acc9cc2ad0a90be2,stringdtype-na-bug,2026-08-27T21:13:23Z,40,19,29,48,3,1,0
github_actions,numpy/numpy,33117216989,978,pull_request,completed,success,2026-08-27T21:14:35Z,2026-08-27T21:14:35Z,2026-08-27T21:15:19Z,44.0,9130824add02e3e19ac1b905acc9cc2ad0a90be2,stringdtype-na-bug,2026-08-27T21:13:23Z,40,19,29,48,3,1,0
github_actions,numpy/numpy,33117217042,20420,pull_request,completed,success,2026-08-27T21:14:35Z,2026-08-27T21:14:35Z,2026-08-27T21:15:43Z,68.0,9130824add02e3e19ac1b905acc9cc2ad0a90be2,stringdtype-na-bug,2026-08-27T21:13:23Z,40,19,29,48,3,1,0
github_actions,numpy/numpy,33117216991,14604,pull_request,completed,success,2026-08-27T21:14:35Z,2026-08-27T21:14:35Z,2026-08-27T22:03:00Z,2905.0,9130824add02e3e19ac1b905acc9cc2ad0a90be2,stringdtype-na-bug,2026-08-27T21:13:23Z,40,19,29,48,3,1,0
github_actions,numpy/numpy,33117217087,14624,pull_request,completed,success,2026-08-27T21:14:35Z,2026-08-27T22:00:31Z,2026-08-27T22:04:03Z,212.0,9130824add02e3e19ac1b905acc9cc2ad0a90be2,stringdtype-na-bug,2026-08-27T21:13:23Z,40,19,29,48,3,2,0
github_actions,numpy/numpy,33116794440,279568,status,completed,success,2026-08-27T21:09:20Z,2026-08-27T21:09:20Z,2026-08-27T21:09:30Z,10.0,8d8c637c5a34b4e7d6948dc7d20aad533b0094a1,main,2026-08-27T16:41:58Z,39,27,2,29,2,1,0
github_actions,numpy/numpy,33116794375,279567,status,completed,success,2026-08-27T21:09:20Z,2026-08-27T21:09:20Z,2026-08-27T21:09:28Z,8.0,8d8c637c5a34b4e7d6948dc7d20aad533b0094a1,main,2026-08-27T16:41:58Z,39,27,2,29,2,1,0
github_actions,numpy/numpy,33116789094,3320,pull_request,completed,success,2026-08-27T21:09:16Z,2026-08-27T21:09:16Z,2026-08-27T21:21:41Z,745.0,890696136ae8d779060a47a065de29b3a52ee341,stringdtype-na-bug,2026-08-27T21:08:58Z,40,16,29,45,3,1,0
github_actions,numpy/numpy,33116789087,17347,pull_request,completed,success,2026-08-27T21:09:16Z,2026-08-27T21:09:16Z,2026-08-27T21:09:26Z,10.0,890696136ae8d779060a47a065de29b3a52ee341,stringdtype-na-bug,2026-08-27T21:08:58Z,40,16,29,45,3,1,0
github_actions,numpy/numpy,33116789074,977,pull_request,completed,success,2026-08-27T21:09:16Z,2026-08-27T21:09:16Z,2026-08-27T21:10:03Z,47.0,890696136ae8d779060a47a065de29b3a52ee341,stringdtype-na-bug,2026-08-27T21:08:58Z,40,16,29,45,3,1,0
github_actions,numpy/numpy,33116789209,20419,pull_request,completed,success,2026-08-27T21:09:16Z,2026-08-27T21:09:16Z,2026-08-27T21:10:31Z,75.0,890696136ae8d779060a47a065de29b3a52ee341,stringdtype-na-bug,2026-08-27T21:08:58Z,40,16,29,45,3,1,0
github_actions,numpy/numpy,33110104913,279565,status,completed,success,2026-08-27T19:47:00Z,2026-08-27T19:47:00Z,2026-08-27T19:47:09Z,9.0,8d8c637c5a34b4e7d6948dc7d20aad533b0094a1,main,2026-08-27T16:41:58Z,39,27,2,29,2,1,0
github_actions,numpy/numpy,33110105153,279566,status,completed,success,2026-08-27T19:47:00Z,2026-08-27T19:47:00Z,2026-08-27T19:47:12Z,12.0,8d8c637c5a34b4e7d6948dc7d20aad533b0094a1,main,2026-08-27T16:41:58Z,39,27,2,29,2,1,0
github_actions,numpy/numpy,33109847607,2101,workflow_run,completed,success,2026-08-27T19:43:51Z,2026-08-27T19:43:51Z,2026-08-27T19:44:00Z,9.0,8d8c637c5a34b4e7d6948dc7d20aad533b0094a1,main,2026-08-27T16:41:58Z,39,27,2,29,2,1,0
github_actions,numpy/numpy,33108627730,279564,status,completed,success,2026-08-27T19:28:48Z,2026-08-27T19:28:48Z,2026-08-27T19:28:58Z,10.0,8d8c637c5a34b4e7d6948dc7d20aad533b0094a1,main,2026-08-27T16:41:58Z,39,27,2,29,2,1,0
github_actions,numpy/numpy,33108627384,279563,status,completed,success,2026-08-27T19:28:47Z,2026-08-27T19:28:47Z,2026-08-27T19:28:58Z,11.0,8d8c637c5a34b4e7d6948dc7d20aad533b0094a1,main,2026-08-27T16:41:58Z,39,27,2,29,2,1,0
github_actions,numpy/numpy,33108620045,14622,pull_request,completed,success,2026-08-27T19:28:42Z,2026-08-27T19:28:42Z,2026-08-27T19:51:41Z,1379.0,c360a2d2c20756a36415e339acfa6279f9cbc9b5,np-minmax,2026-08-27T19:28:28Z,84,7,28,35,2,1,0
github_actions,numpy/numpy,33108620040,14597,pull_request,completed,success,2026-08-27T19:28:42Z,2026-08-27T19:28:42Z,2026-08-27T19:54:35Z,1553.0,c360a2d2c20756a36415e339acfa6279f9cbc9b5,np-minmax,2026-08-27T19:28:28Z,84,7,28,35,2,1,0
github_actions,numpy/numpy,33108620089,9947,pull_request,completed,success,2026-08-27T19:28:42Z,2026-08-27T19:28:42Z,2026-08-27T19:54:33Z,1551.0,c360a2d2c20756a36415e339acfa6279f9cbc9b5,np-minmax,2026-08-27T19:28:28Z,84,7,28,35,2,1,0
github_actions,numpy/numpy,33108620165,18223,pull_request,completed,success,2026-08-27T19:28:42Z,2026-08-27T19:28:42Z,2026-08-27T19:48:29Z,1187.0,c360a2d2c20756a36415e339acfa6279f9cbc9b5,np-minmax,2026-08-27T19:28:28Z,84,7,28,35,2,1,0
github_actions,numpy/numpy,33108619998,14602,pull_request,completed,success,2026-08-27T19:28:42Z,2026-08-27T19:28:42Z,2026-08-27T20:23:41Z,3299.0,c360a2d2c20756a36415e339acfa6279f9cbc9b5,np-minmax,2026-08-27T19:28:28Z,84,7,28,35,2,1,0
github_actions,numpy/numpy,33108620030,3319,pull_request,completed,success,2026-08-27T19:28:42Z,2026-08-27T19:28:42Z,2026-08-27T19:41:59Z,797.0,c360a2d2c20756a36415e339acfa6279f9cbc9b5,np-minmax,2026-08-27T19:28:28Z,84,7,28,35,2,1,0
github_actions,numpy/numpy,33108620119,2216,pull_request,completed,success,2026-08-27T19:28:42Z,2026-08-27T19:28:42Z,2026-08-27T19:43:49Z,907.0,c360a2d2c20756a36415e339acfa6279f9cbc9b5,np-minmax,2026-08-27T19:28:28Z,84,7,28,35,2,1,0
github_actions,numpy/numpy,33108620019,28066,pull_request,completed,success,2026-08-27T19:28:42Z,2026-08-27T19:28:42Z,2026-08-27T20:04:31Z,2149.0,c360a2d2c20756a36415e339acfa6279f9cbc9b5,np-minmax,2026-08-27T19:28:28Z,84,7,28,35,2,1,0
github_actions,pandas-dev/pandas,33183011722,2764,pull_request,completed,success,2026-08-28T15:00:33Z,2026-08-28T15:00:33Z,2026-08-28T15:00:59Z,26.0,645cdd240c0f827614455d310a7b178415a725a4,ci-pixi-pyarrow-nightly,2026-08-28T15:00:24Z,38,1,1,2,1,1,0
github_actions,pandas-dev/pandas,33182601532,2763,pull_request,completed,success,2026-08-28T14:55:35Z,2026-08-28T14:55:35Z,2026-08-28T14:56:05Z,30.0,794154b099814ccb6016a55776305fbaf50701e1,ci-pixi-pyarrow-nightly,2026-08-28T14:54:07Z,53,12,0,12,2,1,0
github_actions,pandas-dev/pandas,33182599272,201,pull_request_target,completed,success,2026-08-28T14:55:34Z,2026-08-28T14:55:34Z,2026-08-28T14:55:45Z,11.0,794154b099814ccb6016a55776305fbaf50701e1,ci-pixi-pyarrow-nightly,2026-08-28T14:54:07Z,53,12,0,12,2,1,0
github_actions,pandas-dev/pandas,33181580102,2762,pull_request,completed,success,2026-08-28T14:43:16Z,2026-08-28T14:43:16Z,2026-08-28T14:43:42Z,26.0,b6f48cb1add4f7cbfe340b4027bec87a76216913,bug-36575,2026-08-28T14:42:56Z,81,2064,456,2520,91,1,0
github_actions,pandas-dev/pandas,33181580167,66895,pull_request,completed,success,2026-08-28T14:43:16Z,2026-08-28T14:43:16Z,2026-08-28T14:54:24Z,668.0,b6f48cb1add4f7cbfe340b4027bec87a76216913,bug-36575,2026-08-28T14:42:56Z,81,2064,456,2520,91,1,0
github_actions,pandas-dev/pandas,33181235028,7199,push,completed,success,2026-08-28T14:39:04Z,2026-08-28T14:39:04Z,2026-08-28T14:39:13Z,9.0,91ce25acec78e62dd314a338e6f88b4b8bf3c920,main,2026-08-28T14:39:01Z,71,68,4,72,3,1,0
github_actions,pandas-dev/pandas,33181235313,9250,pull_request,completed,success,2026-08-28T14:39:04Z,2026-08-28T14:39:04Z,2026-08-28T14:39:12Z,8.0,9115f0595f22d30d757ff6c5703261c515681060,bugfix-str-split-category-66341,2026-08-28T13:19:02Z,385,68,4,72,3,1,0
github_actions,pandas-dev/pandas,33181235057,2761,push,completed,success,2026-08-28T14:39:04Z,2026-08-28T14:39:04Z,2026-08-28T14:39:32Z,28.0,91ce25acec78e62dd314a338e6f88b4b8bf3c920,main,2026-08-28T14:39:01Z,71,68,4,72,3,1,0
github_actions,pandas-dev/pandas,33181235006,68330,push,completed,success,2026-08-28T14:39:04Z,2026-08-28T14:39:04Z,2026-08-28T14:44:19Z,315.0,91ce25acec78e62dd314a338e6f88b4b8bf3c920,main,2026-08-28T14:39:01Z,71,68,4,72,3,1,0
github_actions,pandas-dev/pandas,33181235025,66894,push,completed,success,2026-08-28T14:39:04Z,2026-08-28T14:39:04Z,2026-08-28T14:52:21Z,797.0,91ce25acec78e62dd314a338e6f88b4b8bf3c920,main,2026-08-28T14:39:01Z,71,68,4,72,3,1,0
github_actions,pandas-dev/pandas,33175152529,2760,pull_request,completed,success,2026-08-28T13:23:14Z,2026-08-28T13:23:14Z,2026-08-28T13:23:38Z,24.0,9115f0595f22d30d757ff6c5703261c515681060,bugfix-str-split-category-66341,2026-08-28T13:19:02Z,385,68,4,72,3,1,0
github_actions,pandas-dev/pandas,33175152548,66893,pull_request,completed,success,2026-08-28T13:23:14Z,2026-08-28T13:23:14Z,2026-08-28T13:35:07Z,713.0,9115f0595f22d30d757ff6c5703261c515681060,bugfix-str-split-category-66341,2026-08-28T13:19:02Z,385,68,4,72,3,1,0
github_actions,pandas-dev/pandas,33175152491,66794,pull_request,completed,success,2026-08-28T13:23:14Z,2026-08-28T13:23:14Z,2026-08-28T13:54:32Z,1878.0,9115f0595f22d30d757ff6c5703261c515681060,bugfix-str-split-category-66341,2026-08-28T13:19:02Z,385,68,4,72,3,1,0
github_actions,pandas-dev/pandas,33175152603,40633,pull_request,completed,failure,2026-08-28T13:23:14Z,2026-08-28T13:23:14Z,2026-08-28T14:07:26Z,2652.0,9115f0595f22d30d757ff6c5703261c515681060,bugfix-str-split-category-66341,2026-08-28T13:19:02Z,385,68,4,72,3,1,1
github_actions,pandas-dev/pandas,33174273739,66892,pull_request,completed,success,2026-08-28T13:11:20Z,2026-08-28T13:11:20Z,2026-08-28T13:23:01Z,701.0,cbb1dbe900afe0a84abedca9d0fa4d949c359f38,63938_bug_fix,2026-08-28T13:11:15Z,38,481,188,669,35,1,0
github_actions,pandas-dev/pandas,33174273716,2759,pull_request,completed,success,2026-08-28T13:11:20Z,2026-08-28T13:11:20Z,2026-08-28T13:11:44Z,24.0,cbb1dbe900afe0a84abedca9d0fa4d949c359f38,63938_bug_fix,2026-08-28T13:11:15Z,38,481,188,669,35,1,0
github_actions,pandas-dev/pandas,33174273710,66793,pull_request,completed,success,2026-08-28T13:11:20Z,2026-08-28T13:11:20Z,2026-08-28T13:42:36Z,1876.0,cbb1dbe900afe0a84abedca9d0fa4d949c359f38,63938_bug_fix,2026-08-28T13:11:15Z,38,481,188,669,35,1,0
github_actions,pandas-dev/pandas,33174273697,40632,pull_request,completed,failure,2026-08-28T13:11:20Z,2026-08-28T13:11:20Z,2026-08-28T14:15:33Z,3853.0,cbb1dbe900afe0a84abedca9d0fa4d949c359f38,63938_bug_fix,2026-08-28T13:11:15Z,38,481,188,669,35,1,1
github_actions,pandas-dev/pandas,33174205886,2758,pull_request,completed,success,2026-08-28T13:10:25Z,2026-08-28T13:10:25Z,2026-08-28T13:10:49Z,24.0,d9d24b378b136d1eebb56ebf3c83e1187bbb070a,65237_bug_fix,2026-08-28T13:10:19Z,38,481,188,669,35,1,0
github_actions,pandas-dev/pandas,33174205890,66891,pull_request,completed,success,2026-08-28T13:10:25Z,2026-08-28T13:10:25Z,2026-08-28T13:22:16Z,711.0,d9d24b378b136d1eebb56ebf3c83e1187bbb070a,65237_bug_fix,2026-08-28T13:10:19Z,38,481,188,669,35,1,0
github_actions,pandas-dev/pandas,33174205914,40631,pull_request,completed,failure,2026-08-28T13:10:25Z,2026-08-28T13:10:25Z,2026-08-28T13:56:03Z,2738.0,d9d24b378b136d1eebb56ebf3c83e1187bbb070a,65237_bug_fix,2026-08-28T13:10:19Z,38,481,188,669,35,1,1
github_actions,pandas-dev/pandas,33174205892,66792,pull_request,completed,success,2026-08-28T13:10:25Z,2026-08-28T13:10:25Z,2026-08-28T13:42:09Z,1904.0,d9d24b378b136d1eebb56ebf3c83e1187bbb070a,65237_bug_fix,2026-08-28T13:10:19Z,38,481,188,669,35,1,0
github_actions,pandas-dev/pandas,33172216822,2757,pull_request,completed,success,2026-08-28T12:42:51Z,2026-08-28T12:42:51Z,2026-08-28T12:43:13Z,22.0,b2d99b9bd5a4c3b791e01fb2479c0c39c0ccc1c8,fix-dropna-axis-docstring,2026-08-28T12:41:40Z,69,1,1,2,1,1,0
github_actions,pandas-dev/pandas,33172216744,66890,pull_request,completed,success,2026-08-28T12:42:51Z,2026-08-28T12:42:51Z,2026-08-28T12:55:04Z,733.0,b2d99b9bd5a4c3b791e01fb2479c0c39c0ccc1c8,fix-dropna-axis-docstring,2026-08-28T12:41:40Z,69,1,1,2,1,1,0
github_actions,pandas-dev/pandas,33172216677,66791,pull_request,completed,success,2026-08-28T12:42:51Z,2026-08-28T12:42:51Z,2026-08-28T13:14:33Z,1902.0,b2d99b9bd5a4c3b791e01fb2479c0c39c0ccc1c8,fix-dropna-axis-docstring,2026-08-28T12:41:40Z,69,1,1,2,1,1,0
github_actions,pandas-dev/pandas,33172216707,40630,pull_request,completed,failure,2026-08-28T12:42:51Z,2026-08-28T12:42:51Z,2026-08-28T13:30:24Z,2853.0,b2d99b9bd5a4c3b791e01fb2479c0c39c0ccc1c8,fix-dropna-axis-docstring,2026-08-28T12:41:40Z,69,1,1,2,1,1,1
github_actions,pandas-dev/pandas,33172214809,200,pull_request_target,completed,success,2026-08-28T12:42:49Z,2026-08-28T12:42:49Z,2026-08-28T12:42:57Z,8.0,b2d99b9bd5a4c3b791e01fb2479c0c39c0ccc1c8,fix-dropna-axis-docstring,2026-08-28T12:41:40Z,69,1,1,2,1,1,0
github_actions,pandas-dev/pandas,33166839105,40629,pull_request,completed,failure,2026-08-28T11:21:27Z,2026-08-28T11:21:27Z,2026-08-28T12:08:00Z,2793.0,e26a337fd86e408bee66c8ab9d2519a5b4bee6b9,BUG-df.dtypes.to_json-OverflowError,2026-08-28T11:20:50Z,44,75,0,75,3,1,1
github_actions,pandas-dev/pandas,33166839086,66790,pull_request,completed,success,2026-08-28T11:21:27Z,2026-08-28T11:21:27Z,2026-08-28T11:53:41Z,1934.0,e26a337fd86e408bee66c8ab9d2519a5b4bee6b9,BUG-df.dtypes.to_json-OverflowError,2026-08-28T11:20:50Z,44,75,0,75,3,1,0
github_actions,pandas-dev/pandas,33166839068,66889,pull_request,completed,success,2026-08-28T11:21:27Z,2026-08-28T11:21:27Z,2026-08-28T11:33:05Z,698.0,e26a337fd86e408bee66c8ab9d2519a5b4bee6b9,BUG-df.dtypes.to_json-OverflowError,2026-08-28T11:20:50Z,44,75,0,75,3,1,0
github_actions,pandas-dev/pandas,33166839093,2756,pull_request,completed,success,2026-08-28T11:21:27Z,2026-08-28T11:21:27Z,2026-08-28T11:21:55Z,28.0,e26a337fd86e408bee66c8ab9d2519a5b4bee6b9,BUG-df.dtypes.to_json-OverflowError,2026-08-28T11:20:50Z,44,75,0,75,3,1,0
github_actions,pandas-dev/pandas,33163313976,66789,pull_request,completed,success,2026-08-28T10:25:40Z,2026-08-28T10:25:40Z,2026-08-28T10:56:33Z,1853.0,e1f65098bb07923ba798a031bee89b539beaea06,doc-plot-kwargs-destination,2026-08-28T10:22:55Z,329,26,1,27,1,1,0
github_actions,pandas-dev/pandas,33163313977,66888,pull_request,completed,success,2026-08-28T10:25:40Z,2026-08-28T10:25:40Z,2026-08-28T10:35:29Z,589.0,e1f65098bb07923ba798a031bee89b539beaea06,doc-plot-kwargs-destination,2026-08-28T10:22:55Z,329,26,1,27,1,1,0
github_actions,pandas-dev/pandas,33163313963,40628,pull_request,completed,failure,2026-08-28T10:25:40Z,2026-08-28T10:25:40Z,2026-08-28T11:12:11Z,2791.0,e1f65098bb07923ba798a031bee89b539beaea06,doc-plot-kwargs-destination,2026-08-28T10:22:55Z,329,26,1,27,1,1,1
github_actions,pandas-dev/pandas,33163313955,199,pull_request_target,completed,success,2026-08-28T10:25:40Z,2026-08-28T10:25:40Z,2026-08-28T10:25:48Z,8.0,e1f65098bb07923ba798a031bee89b539beaea06,doc-plot-kwargs-destination,2026-08-28T10:22:55Z,329,26,1,27,1,1,0
github_actions,pandas-dev/pandas,33163313968,2755,pull_request,completed,success,2026-08-28T10:25:40Z,2026-08-28T10:25:40Z,2026-08-28T10:26:03Z,23.0,e1f65098bb07923ba798a031bee89b539beaea06,doc-plot-kwargs-destination,2026-08-28T10:22:55Z,329,26,1,27,1,1,0
github_actions,pandas-dev/pandas,33160774366,40627,pull_request,completed,failure,2026-08-28T09:46:59Z,2026-08-28T09:46:59Z,2026-08-28T10:35:54Z,2935.0,7ff504c49b848eb3db18ea9c821062e2a578da7b,skew-kurt-bias,2026-08-28T09:46:17Z,308,574,101,675,26,1,1
github_actions,pandas-dev/pandas,33160774381,66788,pull_request,completed,success,2026-08-28T09:46:59Z,2026-08-28T09:46:59Z,2026-08-28T10:16:48Z,1789.0,7ff504c49b848eb3db18ea9c821062e2a578da7b,skew-kurt-bias,2026-08-28T09:46:17Z,308,574,101,675,26,1,0
github_actions,pandas-dev/pandas,33160774375,2754,pull_request,completed,success,2026-08-28T09:46:59Z,2026-08-28T09:46:59Z,2026-08-28T09:47:21Z,22.0,7ff504c49b848eb3db18ea9c821062e2a578da7b,skew-kurt-bias,2026-08-28T09:46:17Z,308,574,101,675,26,1,0
github_actions,pandas-dev/pandas,33160774399,66887,pull_request,completed,success,2026-08-28T09:46:59Z,2026-08-28T09:46:59Z,2026-08-28T09:59:20Z,741.0,7ff504c49b848eb3db18ea9c821062e2a578da7b,skew-kurt-bias,2026-08-28T09:46:17Z,308,574,101,675,26,1,0
github_actions,pandas-dev/pandas,33160003740,40626,pull_request,completed,failure,2026-08-28T09:35:32Z,2026-08-28T09:35:32Z,2026-08-28T10:21:08Z,2736.0,0c9e2adb770a7f636cf24643dfab4ca1268975c7,fix-57944,2026-08-28T09:30:08Z,82,29,1,30,3,1,1
github_actions,pandas-dev/pandas,33160003783,66886,pull_request,completed,success,2026-08-28T09:35:32Z,2026-08-28T09:35:32Z,2026-08-28T09:47:15Z,703.0,0c9e2adb770a7f636cf24643dfab4ca1268975c7,fix-57944,2026-08-28T09:30:08Z,82,29,1,30,3,1,0
github_actions,pandas-dev/pandas,33160003881,2753,pull_request,completed,success,2026-08-28T09:35:32Z,2026-08-28T09:35:32Z,2026-08-28T09:35:57Z,25.0,0c9e2adb770a7f636cf24643dfab4ca1268975c7,fix-57944,2026-08-28T09:30:08Z,82,29,1,30,3,1,0
github_actions,pandas-dev/pandas,33160003715,66787,pull_request,completed,success,2026-08-28T09:35:32Z,2026-08-28T09:35:32Z,2026-08-28T10:10:08Z,2076.0,0c9e2adb770a7f636cf24643dfab4ca1268975c7,fix-57944,2026-08-28T09:30:08Z,82,29,1,30,3,1,0
github_actions,pandas-dev/pandas,33160002272,198,pull_request_target,completed,success,2026-08-28T09:35:30Z,2026-08-28T09:35:30Z,2026-08-28T09:35:41Z,11.0,0c9e2adb770a7f636cf24643dfab4ca1268975c7,fix-57944,2026-08-28T09:30:08Z,82,29,1,30,3,1,0
github_actions,pandas-dev/pandas,33159777885,42584,issue_comment,completed,success,2026-08-28T09:32:17Z,2026-08-28T09:32:17Z,2026-08-28T09:32:25Z,8.0,616767d10ca0fba906ce0cb7ef91baf77e51d920,main,2026-08-28T08:40:45Z,60,6,9,15,5,1,0
github_actions,pandas-dev/pandas,33158830508,66786,pull_request,completed,success,2026-08-28T09:18:36Z,2026-08-28T09:18:36Z,2026-08-28T09:46:34Z,1678.0,71b2fb79ba29ff4b3c1346414957085b28587efc,to_datetime-nullable-int,2026-08-28T09:18:25Z,10,47,5,52,2,1,0
github_actions,pandas-dev/pandas,33158830523,66885,pull_request,completed,success,2026-08-28T09:18:36Z,2026-08-28T09:18:36Z,2026-08-28T09:30:09Z,693.0,71b2fb79ba29ff4b3c1346414957085b28587efc,to_datetime-nullable-int,2026-08-28T09:18:25Z,10,47,5,52,2,1,0
github_actions,pandas-dev/pandas,33158830517,40625,pull_request,completed,failure,2026-08-28T09:18:36Z,2026-08-28T09:18:36Z,2026-08-28T10:04:16Z,2740.0,71b2fb79ba29ff4b3c1346414957085b28587efc,to_datetime-nullable-int,2026-08-28T09:18:25Z,10,47,5,52,2,1,1
github_actions,pandas-dev/pandas,33158830563,2752,pull_request,completed,success,2026-08-28T09:18:36Z,2026-08-28T09:18:36Z,2026-08-28T09:19:05Z,29.0,71b2fb79ba29ff4b3c1346414957085b28587efc,to_datetime-nullable-int,2026-08-28T09:18:25Z,10,47,5,52,2,1,0
github_actions,pandas-dev/pandas,33156716744,66884,pull_request,completed,success,2026-08-28T08:47:09Z,2026-08-28T08:47:09Z,2026-08-28T08:58:54Z,705.0,a38ea3e92466fb4d2a4edf66926b4456091d26ad,skew-kurt-bias,2026-08-28T08:45:44Z,97,12,5,17,1,1,0
github_actions,pandas-dev/pandas,33156716693,2751,pull_request,completed,success,2026-08-28T08:47:09Z,2026-08-28T08:47:09Z,2026-08-28T08:47:34Z,25.0,a38ea3e92466fb4d2a4edf66926b4456091d26ad,skew-kurt-bias,2026-08-28T08:45:44Z,97,12,5,17,1,1,0
github_actions,pandas-dev/pandas,33156716698,40624,pull_request,completed,failure,2026-08-28T08:47:09Z,2026-08-28T08:47:09Z,2026-08-28T09:37:46Z,3037.0,a38ea3e92466fb4d2a4edf66926b4456091d26ad,skew-kurt-bias,2026-08-28T08:45:44Z,97,12,5,17,1,1,1
github_actions,pandas-dev/pandas,33156716715,66785,pull_request,completed,success,2026-08-28T08:47:09Z,2026-08-28T08:47:09Z,2026-08-28T09:18:02Z,1853.0,a38ea3e92466fb4d2a4edf66926b4456091d26ad,skew-kurt-bias,2026-08-28T08:45:44Z,97,12,5,17,1,1,0
github_actions,pandas-dev/pandas,33156297303,66883,push,completed,success,2026-08-28T08:40:48Z,2026-08-28T08:40:48Z,2026-08-28T08:52:58Z,730.0,616767d10ca0fba906ce0cb7ef91baf77e51d920,main,2026-08-28T08:40:45Z,60,6,9,15,5,1,0
github_actions,pandas-dev/pandas,33156297321,68319,push,completed,success,2026-08-28T08:40:48Z,2026-08-28T08:40:48Z,2026-08-28T08:45:43Z,295.0,616767d10ca0fba906ce0cb7ef91baf77e51d920,main,2026-08-28T08:40:45Z,60,6,9,15,5,1,0
github_actions,pandas-dev/pandas,33156297398,9249,pull_request,completed,success,2026-08-28T08:40:48Z,2026-08-28T08:40:48Z,2026-08-28T08:40:56Z,8.0,443b759da38af926db7983469a0b80145416345e,bug-ci-feather,2026-08-27T16:22:42Z,464,3,18,21,6,1,0
github_actions,pandas-dev/pandas,33156297335,7198,push,completed,success,2026-08-28T08:40:48Z,2026-08-28T08:40:48Z,2026-08-28T08:40:58Z,10.0,616767d10ca0fba906ce0cb7ef91baf77e51d920,main,2026-08-28T08:40:45Z,60,6,9,15,5,1,0
github_actions,pandas-dev/pandas,33156297388,2750,push,completed,success,2026-08-28T08:40:48Z,2026-08-28T08:40:48Z,2026-08-28T08:41:17Z,29.0,616767d10ca0fba906ce0cb7ef91baf77e51d920,main,2026-08-28T08:40:45Z,60,6,9,15,5,1,0
github_actions,pandas-dev/pandas,33156297323,66784,push,completed,success,2026-08-28T08:40:48Z,2026-08-28T08:40:48Z,2026-08-28T09:12:35Z,1907.0,616767d10ca0fba906ce0cb7ef91baf77e51d920,main,2026-08-28T08:40:45Z,60,6,9,15,5,1,0
github_actions,pandas-dev/pandas,33156297317,40623,push,completed,failure,2026-08-28T08:40:48Z,2026-08-28T08:40:48Z,2026-08-28T09:28:02Z,2834.0,616767d10ca0fba906ce0cb7ef91baf77e51d920,main,2026-08-28T08:40:45Z,60,6,9,15,5,1,1
github_actions,pandas-dev/pandas,33155126920,42579,issue_comment,completed,success,2026-08-28T08:23:09Z,2026-08-28T08:23:09Z,2026-08-28T08:23:18Z,9.0,929160a968682715005b3d5e5c7c5f9616a38b7d,main,2026-08-28T07:22:45Z,64,81,2,83,3,1,0
github_actions,pandas-dev/pandas,33154305245,66882,pull_request,completed,success,2026-08-28T08:10:36Z,2026-08-28T08:10:36Z,2026-08-28T08:22:15Z,699.0,48b3734d5612ce51d6461e30c9ce10927f366243,skew-kurt-bias,2026-08-28T08:10:26Z,108,0,2,2,1,1,0
github_actions,pandas-dev/pandas,33154305228,2749,pull_request,completed,success,2026-08-28T08:10:36Z,2026-08-28T08:10:36Z,2026-08-28T08:11:05Z,29.0,48b3734d5612ce51d6461e30c9ce10927f366243,skew-kurt-bias,2026-08-28T08:10:26Z,108,0,2,2,1,1,0
github_actions,pandas-dev/pandas,33154305287,40622,pull_request,completed,failure,2026-08-28T08:10:36Z,2026-08-28T08:10:36Z,2026-08-28T08:47:38Z,2222.0,48b3734d5612ce51d6461e30c9ce10927f366243,skew-kurt-bias,2026-08-28T08:10:26Z,108,0,2,2,1,1,1
github_actions,pandas-dev/pandas,33154305122,66783,pull_request,completed,success,2026-08-28T08:10:36Z,2026-08-28T08:10:36Z,2026-08-28T08:39:49Z,1753.0,48b3734d5612ce51d6461e30c9ce10927f366243,skew-kurt-bias,2026-08-28T08:10:26Z,108,0,2,2,1,1,0
github_actions,pandas-dev/pandas,33154060334,2748,pull_request,completed,success,2026-08-28T08:07:00Z,2026-08-28T08:07:00Z,2026-08-28T08:07:21Z,21.0,a027b17c4cd99a752d10cdc17a960d09f3bcc69f,skew-kurt-bias,2026-08-28T08:06:13Z,92,555,96,651,26,1,0
github_actions,pandas-dev/pandas,33151236228,40620,push,completed,failure,2026-08-28T07:22:49Z,2026-08-28T07:22:49Z,2026-08-28T08:48:40Z,5151.0,929160a968682715005b3d5e5c7c5f9616a38b7d,main,2026-08-28T07:22:45Z,64,81,2,83,3,1,1
github_actions,pandas-dev/pandas,33151236348,9248,pull_request,completed,success,2026-08-28T07:22:49Z,2026-08-28T07:22:49Z,2026-08-28T07:22:54Z,5.0,342423158de31fe40c1ff342186a96efc2d91f2e,DOC-offset-constructors,2026-08-27T21:26:23Z,26,8,1,9,1,1,0
github_actions,pandas-dev/pandas,33151236199,68316,push,completed,success,2026-08-28T07:22:48Z,2026-08-28T07:22:48Z,2026-08-28T07:27:52Z,304.0,929160a968682715005b3d5e5c7c5f9616a38b7d,main,2026-08-28T07:22:45Z,64,81,2,83,3,1,0
github_actions,pandas-dev/pandas,33151236167,7197,push,completed,success,2026-08-28T07:22:48Z,2026-08-28T07:22:48Z,2026-08-28T07:22:55Z,7.0,929160a968682715005b3d5e5c7c5f9616a38b7d,main,2026-08-28T07:22:45Z,64,81,2,83,3,1,0
github_actions,pandas-dev/pandas,33151236197,2747,push,completed,success,2026-08-28T07:22:48Z,2026-08-28T07:22:48Z,2026-08-28T07:23:15Z,27.0,929160a968682715005b3d5e5c7c5f9616a38b7d,main,2026-08-28T07:22:45Z,64,81,2,83,3,1,0
github_actions,pandas-dev/pandas,33151236191,66781,push,completed,success,2026-08-28T07:22:48Z,2026-08-28T07:22:48Z,2026-08-28T07:55:20Z,1952.0,929160a968682715005b3d5e5c7c5f9616a38b7d,main,2026-08-28T07:22:45Z,64,81,2,83,3,1,0
github_actions,pandas-dev/pandas,33151236176,66880,push,completed,success,2026-08-28T07:22:48Z,2026-08-28T07:22:48Z,2026-08-28T07:35:18Z,750.0,929160a968682715005b3d5e5c7c5f9616a38b7d,main,2026-08-28T07:22:45Z,64,81,2,83,3,1,0
github_actions,pandas-dev/pandas,33149047307,9247,schedule,completed,success,2026-08-28T06:45:57Z,2026-08-28T06:45:57Z,2026-08-28T06:46:07Z,10.0,20a9eefed7b620a78ff40620328739de272861d3,main,2026-08-28T00:39:31Z,137,125,26,151,9,1,0
github_actions,pandas-dev/pandas,33146740336,71628,schedule,completed,success,2026-08-28T06:04:58Z,2026-08-28T06:04:58Z,2026-08-28T06:29:42Z,1484.0,20a9eefed7b620a78ff40620328739de272861d3,main,2026-08-28T00:39:31Z,137,125,26,151,9,1,0
github_actions,pandas-dev/pandas,33145359247,66780,pull_request,completed,success,2026-08-28T05:38:11Z,2026-08-28T05:38:11Z,2026-08-28T06:06:12Z,1681.0,c911b47d80ce8f8a16adb0a7ca0aa872d2be3430,bugfix-str-split-category-66341,2026-08-28T05:37:30Z,385,71,4,75,3,1,0
github_actions,pandas-dev/pandas,33145359212,66879,pull_request,completed,success,2026-08-28T05:38:11Z,2026-08-28T05:38:11Z,2026-08-28T05:49:49Z,698.0,c911b47d80ce8f8a16adb0a7ca0aa872d2be3430,bugfix-str-split-category-66341,2026-08-28T05:37:30Z,385,71,4,75,3,1,0
github_actions,pandas-dev/pandas,33145359227,2746,pull_request,completed,success,2026-08-28T05:38:11Z,2026-08-28T05:38:11Z,2026-08-28T05:38:39Z,28.0,c911b47d80ce8f8a16adb0a7ca0aa872d2be3430,bugfix-str-split-category-66341,2026-08-28T05:37:30Z,385,71,4,75,3,1,0
github_actions,pandas-dev/pandas,33145359246,40619,pull_request,completed,success,2026-08-28T05:38:11Z,2026-08-28T05:38:11Z,2026-08-28T06:27:59Z,2988.0,c911b47d80ce8f8a16adb0a7ca0aa872d2be3430,bugfix-str-split-category-66341,2026-08-28T05:37:30Z,385,71,4,75,3,1,0
github_actions,pandas-dev/pandas,33141274264,2745,pull_request,completed,success,2026-08-28T04:15:09Z,2026-08-28T04:15:09Z,2026-08-28T04:15:28Z,19.0,6ee98b69dc1a0eeb31fbd722124665d4f282c0ee,GH#46377,2026-08-28T04:14:50Z,47,1,1,2,1,1,0
github_actions,pandas-dev/pandas,33141274260,66878,pull_request,completed,success,2026-08-28T04:15:09Z,2026-08-28T04:15:09Z,2026-08-28T04:26:19Z,670.0,6ee98b69dc1a0eeb31fbd722124665d4f282c0ee,GH#46377,2026-08-28T04:14:50Z,47,1,1,2,1,1,0
github_actions,pandas-dev/pandas,33141274277,66779,pull_request,completed,success,2026-08-28T04:15:09Z,2026-08-28T04:15:09Z,2026-08-28T04:45:24Z,1815.0,6ee98b69dc1a0eeb31fbd722124665d4f282c0ee,GH#46377,2026-08-28T04:14:50Z,47,1,1,2,1,1,0
github_actions,pandas-dev/pandas,33141274229,40618,pull_request,completed,success,2026-08-28T04:15:08Z,2026-08-28T04:15:08Z,2026-08-28T05:03:21Z,2893.0,6ee98b69dc1a0eeb31fbd722124665d4f282c0ee,GH#46377,2026-08-28T04:14:50Z,47,1,1,2,1,1,0
github_actions,pandas-dev/pandas,33139792696,226,schedule,completed,success,2026-08-28T03:44:52Z,2026-08-28T03:44:52Z,2026-08-28T03:46:46Z,114.0,20a9eefed7b620a78ff40620328739de272861d3,main,2026-08-28T00:39:31Z,137,125,26,151,9,1,0
github_actions,pandas-dev/pandas,33138487241,1490,schedule,completed,failure,2026-08-28T03:18:11Z,2026-08-28T03:18:11Z,2026-08-28T03:40:48Z,1357.0,20a9eefed7b620a78ff40620328739de272861d3,main,2026-08-28T00:39:31Z,137,125,26,151,9,1,1
github_actions,pandas-dev/pandas,33138272295,2744,pull_request,completed,success,2026-08-28T03:13:35Z,2026-08-28T03:13:35Z,2026-08-28T03:14:01Z,26.0,8633e05949539694a398e6b4af4d89cddeb0c0d0,GH#46377,2026-08-28T03:13:22Z,86,1,1,2,1,1,0
github_actions,pandas-dev/pandas,33138272297,66778,pull_request,completed,success,2026-08-28T03:13:35Z,2026-08-28T03:13:35Z,2026-08-28T03:40:17Z,1602.0,8633e05949539694a398e6b4af4d89cddeb0c0d0,GH#46377,2026-08-28T03:13:22Z,86,1,1,2,1,1,0
github_actions,pandas-dev/pandas,33138272290,40617,pull_request,completed,success,2026-08-28T03:13:35Z,2026-08-28T03:13:35Z,2026-08-28T04:03:46Z,3011.0,8633e05949539694a398e6b4af4d89cddeb0c0d0,GH#46377,2026-08-28T03:13:22Z,86,1,1,2,1,1,0
github_actions,pandas-dev/pandas,33138272286,66877,pull_request,completed,success,2026-08-28T03:13:35Z,2026-08-28T03:13:35Z,2026-08-28T03:25:03Z,688.0,8633e05949539694a398e6b4af4d89cddeb0c0d0,GH#46377,2026-08-28T03:13:22Z,86,1,1,2,1,1,0
github_actions,pandas-dev/pandas,33137351085,2743,pull_request,completed,success,2026-08-28T02:55:09Z,2026-08-28T02:55:09Z,2026-08-28T02:55:41Z,32.0,5ea9039f3546db2fc71dc2c69ee2d9e049a8daaa,gh21131-header-none,2026-08-28T02:55:01Z,39,1,1,2,1,1,0
github_actions,pandas-dev/pandas,33137351075,66876,pull_request,completed,success,2026-08-28T02:55:09Z,2026-08-28T02:55:09Z,2026-08-28T03:07:06Z,717.0,5ea9039f3546db2fc71dc2c69ee2d9e049a8daaa,gh21131-header-none,2026-08-28T02:55:01Z,39,1,1,2,1,1,0
github_actions,pandas-dev/pandas,33137351149,66777,pull_request,completed,success,2026-08-28T02:55:09Z,2026-08-28T02:55:09Z,2026-08-28T03:26:29Z,1880.0,5ea9039f3546db2fc71dc2c69ee2d9e049a8daaa,gh21131-header-none,2026-08-28T02:55:01Z,39,1,1,2,1,1,0
github_actions,pandas-dev/pandas,33137351048,40616,pull_request,completed,success,2026-08-28T02:55:09Z,2026-08-28T02:55:09Z,2026-08-28T03:46:02Z,3053.0,5ea9039f3546db2fc71dc2c69ee2d9e049a8daaa,gh21131-header-none,2026-08-28T02:55:01Z,39,1,1,2,1,1,0
github_actions,pandas-dev/pandas,33137043357,2742,pull_request,completed,success,2026-08-28T02:48:58Z,2026-08-28T02:48:58Z,2026-08-28T02:49:18Z,20.0,61245c08d28eff9acf6806c66bd568f222525d9b,gh67010-usecols-file-order,2026-08-28T02:32:43Z,77,26,30,56,1,1,0
github_actions,pandas-dev/pandas,33137043358,66875,pull_request,completed,success,2026-08-28T02:48:58Z,2026-08-28T02:48:58Z,2026-08-28T03:00:34Z,696.0,61245c08d28eff9acf6806c66bd568f222525d9b,gh67010-usecols-file-order,2026-08-28T02:32:43Z,77,26,30,56,1,1,0
github_actions,pandas-dev/pandas,33137043362,40615,pull_request,completed,success,2026-08-28T02:48:58Z,2026-08-28T02:48:58Z,2026-08-28T03:40:53Z,3115.0,61245c08d28eff9acf6806c66bd568f222525d9b,gh67010-usecols-file-order,2026-08-28T02:32:43Z,77,26,30,56,1,1,0
github_actions,pandas-dev/pandas,33137043384,66776,pull_request,completed,success,2026-08-28T02:48:58Z,2026-08-28T02:48:58Z,2026-08-28T03:22:08Z,1990.0,61245c08d28eff9acf6806c66bd568f222525d9b,gh67010-usecols-file-order,2026-08-28T02:32:43Z,77,26,30,56,1,1,0
github_actions,pandas-dev/pandas,33137040341,197,pull_request_target,completed,success,2026-08-28T02:48:54Z,2026-08-28T02:48:54Z,2026-08-28T02:49:03Z,9.0,61245c08d28eff9acf6806c66bd568f222525d9b,gh67010-usecols-file-order,2026-08-28T02:32:43Z,77,26,30,56,1,1,0
github_actions,pandas-dev/pandas,33135840117,2741,pull_request,completed,success,2026-08-28T02:24:57Z,2026-08-28T02:24:57Z,2026-08-28T02:25:22Z,25.0,300555e0667539a75ad67e58c626ef5abe47ca0b,gh21131-header-none,2026-08-28T02:24:49Z,84,16,1,17,2,1,0
github_actions,pandas-dev/pandas,33135840103,66874,pull_request,completed,success,2026-08-28T02:24:57Z,2026-08-28T02:24:57Z,2026-08-28T02:36:46Z,709.0,300555e0667539a75ad67e58c626ef5abe47ca0b,gh21131-header-none,2026-08-28T02:24:49Z,84,16,1,17,2,1,0
github_actions,pandas-dev/pandas,33135840110,66775,pull_request,completed,failure,2026-08-28T02:24:57Z,2026-08-28T02:24:57Z,2026-08-28T02:55:27Z,1830.0,300555e0667539a75ad67e58c626ef5abe47ca0b,gh21131-header-none,2026-08-28T02:24:49Z,84,16,1,17,2,1,1
github_actions,pandas-dev/pandas,33135013637,9246,pull_request,completed,success,2026-08-28T02:08:45Z,2026-08-28T02:08:45Z,2026-08-28T02:08:50Z,5.0,16ade20fa3dd2f11001ef66c748b62e2eb0853ce,sql_precision,2026-04-05T02:32:45Z,38,7262,3044,10306,171,1,0
github_actions,pandas-dev/pandas,33134496704,2740,pull_request,completed,success,2026-08-28T01:58:45Z,2026-08-28T01:58:45Z,2026-08-28T01:59:12Z,27.0,f600776f0620bc6200179a551a557b0ef9bdc1be,GH#46377,2026-08-28T01:44:30Z,86,99,12,111,9,1,0
github_actions,pandas-dev/pandas,33134496693,66873,pull_request,completed,success,2026-08-28T01:58:45Z,2026-08-28T01:58:45Z,2026-08-28T02:10:59Z,734.0,f600776f0620bc6200179a551a557b0ef9bdc1be,GH#46377,2026-08-28T01:44:30Z,86,99,12,111,9,1,0
github_actions,pandas-dev/pandas,33134496669,66774,pull_request,completed,failure,2026-08-28T01:58:45Z,2026-08-28T01:58:45Z,2026-08-28T02:29:37Z,1852.0,f600776f0620bc6200179a551a557b0ef9bdc1be,GH#46377,2026-08-28T01:44:30Z,86,99,12,111,9,1,1
github_actions,pandas-dev/pandas,33134496680,40613,pull_request,completed,success,2026-08-28T01:58:45Z,2026-08-28T01:58:45Z,2026-08-28T02:58:30Z,3585.0,f600776f0620bc6200179a551a557b0ef9bdc1be,GH#46377,2026-08-28T01:44:30Z,86,99,12,111,9,1,0
github_actions,pandas-dev/pandas,33134495796,196,pull_request_target,completed,success,2026-08-28T01:58:44Z,2026-08-28T01:58:44Z,2026-08-28T01:59:16Z,32.0,f600776f0620bc6200179a551a557b0ef9bdc1be,GH#46377,2026-08-28T01:44:30Z,86,99,12,111,9,1,0
github_actions,pandas-dev/pandas,33133375035,2739,pull_request,completed,success,2026-08-28T01:36:31Z,2026-08-28T01:36:31Z,2026-08-28T01:36:57Z,26.0,6e18c9980c689ea765ffaab3e64d7c2a15a1dff0,bug-object-reductions,2026-08-28T01:36:20Z,449,5,1,6,1,1,0
github_actions,pandas-dev/pandas,33133375032,66773,pull_request,completed,success,2026-08-28T01:36:31Z,2026-08-28T01:36:31Z,2026-08-28T02:07:44Z,1873.0,6e18c9980c689ea765ffaab3e64d7c2a15a1dff0,bug-object-reductions,2026-08-28T01:36:20Z,449,5,1,6,1,1,0
github_actions,pandas-dev/pandas,33133375025,66872,pull_request,completed,success,2026-08-28T01:36:31Z,2026-08-28T01:36:31Z,2026-08-28T01:48:15Z,704.0,6e18c9980c689ea765ffaab3e64d7c2a15a1dff0,bug-object-reductions,2026-08-28T01:36:20Z,449,5,1,6,1,1,0
github_actions,pandas-dev/pandas,33133375045,40612,pull_request,completed,success,2026-08-28T01:36:31Z,2026-08-28T01:36:31Z,2026-08-28T02:21:02Z,2671.0,6e18c9980c689ea765ffaab3e64d7c2a15a1dff0,bug-object-reductions,2026-08-28T01:36:20Z,449,5,1,6,1,1,0
github_actions,pandas-dev/pandas,33133070304,2738,pull_request,completed,success,2026-08-28T01:30:34Z,2026-08-28T01:30:34Z,2026-08-28T01:30:55Z,21.0,c204dc8720754e8030661906f966d02a4d264c91,plotting-support-ea,2026-08-28T01:25:51Z,4,2,2,4,1,1,0
github_actions,pandas-dev/pandas,33133070384,66772,pull_request,completed,success,2026-08-28T01:30:34Z,2026-08-28T01:30:34Z,2026-08-28T02:01:33Z,1859.0,c204dc8720754e8030661906f966d02a4d264c91,plotting-support-ea,2026-08-28T01:25:51Z,4,2,2,4,1,1,0
github_actions,pandas-dev/pandas,33133070358,66871,pull_request,completed,success,2026-08-28T01:30:34Z,2026-08-28T01:30:34Z,2026-08-28T01:42:22Z,708.0,c204dc8720754e8030661906f966d02a4d264c91,plotting-support-ea,2026-08-28T01:25:51Z,4,2,2,4,1,1,0
github_actions,pandas-dev/pandas,33133070455,40611,pull_request,completed,success,2026-08-28T01:30:34Z,2026-08-28T01:30:34Z,2026-08-28T02:36:14Z,3940.0,c204dc8720754e8030661906f966d02a4d264c91,plotting-support-ea,2026-08-28T01:25:51Z,4,2,2,4,1,1,0
github_actions,pandas-dev/pandas,33132455840,195,pull_request_target,completed,success,2026-08-28T01:18:32Z,2026-08-28T01:18:32Z,2026-08-28T01:18:42Z,10.0,0598dc6e0a2299aa493ffaf82ced4d70efca5b08,bug-36575,2026-08-28T01:18:06Z,464,67,9,76,5,1,0
github_actions,pandas-dev/pandas,33131851170,66870,pull_request,completed,success,2026-08-28T01:06:55Z,2026-08-28T01:06:55Z,2026-08-28T01:19:31Z,756.0,b5c558b6a956aed1c6ea2b1d32b9026c802a1c26,bug-48236,2026-08-28T01:06:43Z,686,19,8,27,1,1,0
github_actions,pandas-dev/pandas,33131851159,2737,pull_request,completed,success,2026-08-28T01:06:55Z,2026-08-28T01:06:55Z,2026-08-28T01:07:21Z,26.0,b5c558b6a956aed1c6ea2b1d32b9026c802a1c26,bug-48236,2026-08-28T01:06:43Z,686,19,8,27,1,1,0
github_actions,pandas-dev/pandas,33131851133,40610,pull_request,completed,success,2026-08-28T01:06:55Z,2026-08-28T01:06:55Z,2026-08-28T01:52:57Z,2762.0,b5c558b6a956aed1c6ea2b1d32b9026c802a1c26,bug-48236,2026-08-28T01:06:43Z,686,19,8,27,1,1,0
github_actions,pandas-dev/pandas,33131851145,66771,pull_request,completed,success,2026-08-28T01:06:55Z,2026-08-28T01:06:55Z,2026-08-28T01:38:12Z,1877.0,b5c558b6a956aed1c6ea2b1d32b9026c802a1c26,bug-48236,2026-08-28T01:06:43Z,686,19,8,27,1,1,0
github_actions,pandas-dev/pandas,33131799927,66869,pull_request,completed,success,2026-08-28T01:05:57Z,2026-08-28T01:05:57Z,2026-08-28T01:17:57Z,720.0,66fabf035c55e9e3fd907c61884c5efe94655fe5,plotting-support-ea,2026-08-28T01:05:44Z,49,2,2,4,1,1,0
github_actions,pandas-dev/pandas,33131799997,2736,pull_request,completed,success,2026-08-28T01:05:57Z,2026-08-28T01:05:57Z,2026-08-28T01:06:19Z,22.0,66fabf035c55e9e3fd907c61884c5efe94655fe5,plotting-support-ea,2026-08-28T01:05:44Z,49,2,2,4,1,1,0
github_actions,pandas-dev/pandas,33131799934,66770,pull_request,completed,failure,2026-08-28T01:05:57Z,2026-08-28T01:05:57Z,2026-08-28T01:30:53Z,1496.0,66fabf035c55e9e3fd907c61884c5efe94655fe5,plotting-support-ea,2026-08-28T01:05:44Z,49,2,2,4,1,1,1
github_actions,pandas-dev/pandas,33131668171,2735,pull_request,completed,success,2026-08-28T01:03:34Z,2026-08-28T01:03:34Z,2026-08-28T01:04:03Z,29.0,861e232218c1ca3dd9d1e32b90e2fd6edc2a7370,plotting-support-ea,2026-08-28T00:36:50Z,619,65,5,70,1,1,0
github_actions,pandas-dev/pandas,33131419212,66867,pull_request,completed,success,2026-08-28T00:58:53Z,2026-08-28T00:58:53Z,2026-08-28T01:08:23Z,570.0,aa9b3ee7686afa99e67c980b70bc5488c73aa54a,bug-53125,2026-08-28T00:58:22Z,819,51,20,71,4,1,0
github_actions,pandas-dev/pandas,33131419165,66768,pull_request,completed,success,2026-08-28T00:58:53Z,2026-08-28T00:58:53Z,2026-08-28T01:29:41Z,1848.0,aa9b3ee7686afa99e67c980b70bc5488c73aa54a,bug-53125,2026-08-28T00:58:22Z,819,51,20,71,4,1,0
github_actions,pandas-dev/pandas,33131419176,40607,pull_request,completed,success,2026-08-28T00:58:53Z,2026-08-28T00:58:53Z,2026-08-28T02:01:31Z,3758.0,aa9b3ee7686afa99e67c980b70bc5488c73aa54a,bug-53125,2026-08-28T00:58:22Z,819,51,20,71,4,1,0
github_actions,pandas-dev/pandas,33131419203,194,pull_request_target,completed,success,2026-08-28T00:58:53Z,2026-08-28T00:58:53Z,2026-08-28T00:59:03Z,10.0,aa9b3ee7686afa99e67c980b70bc5488c73aa54a,bug-53125,2026-08-28T00:58:22Z,819,51,20,71,4,1,0
github_actions,pandas-dev/pandas,33131419211,2734,pull_request,completed,success,2026-08-28T00:58:53Z,2026-08-28T00:58:53Z,2026-08-28T00:59:14Z,21.0,aa9b3ee7686afa99e67c980b70bc5488c73aa54a,bug-53125,2026-08-28T00:58:22Z,819,51,20,71,4,1,0
github_actions,pandas-dev/pandas,33131032841,66767,pull_request,completed,success,2026-08-28T00:51:28Z,2026-08-28T00:51:28Z,2026-08-28T01:17:34Z,1566.0,a7c174a4b867b5ab1a978deea14cef94e761907e,bug-44341,2026-08-28T00:50:54Z,308,174,104,278,46,1,0
github_actions,pandas-dev/pandas,33131032862,66866,pull_request,completed,success,2026-08-28T00:51:28Z,2026-08-28T00:51:28Z,2026-08-28T01:02:27Z,659.0,a7c174a4b867b5ab1a978deea14cef94e761907e,bug-44341,2026-08-28T00:50:54Z,308,174,104,278,46,1,0
github_actions,pandas-dev/pandas,33131032834,40606,pull_request,completed,success,2026-08-28T00:51:28Z,2026-08-28T00:51:28Z,2026-08-28T01:50:11Z,3523.0,a7c174a4b867b5ab1a978deea14cef94e761907e,bug-44341,2026-08-28T00:50:54Z,308,174,104,278,46,1,0
github_actions,pandas-dev/pandas,33131032783,193,pull_request_target,completed,success,2026-08-28T00:51:28Z,2026-08-28T00:51:28Z,2026-08-28T00:51:35Z,7.0,a7c174a4b867b5ab1a978deea14cef94e761907e,bug-44341,2026-08-28T00:50:54Z,308,174,104,278,46,1,0
github_actions,pandas-dev/pandas,33131032843,2733,pull_request,completed,success,2026-08-28T00:51:28Z,2026-08-28T00:51:28Z,2026-08-28T00:51:54Z,26.0,a7c174a4b867b5ab1a978deea14cef94e761907e,bug-44341,2026-08-28T00:50:54Z,308,174,104,278,46,1,0
github_actions,pandas-dev/pandas,33130809459,66766,pull_request,completed,success,2026-08-28T00:47:03Z,2026-08-28T00:47:03Z,2026-08-28T01:17:52Z,1849.0,4f73b49b52b3df2f4b1f35e3af58fa6661e5c2f2,perf-read_csv-chunk-count-2,2026-08-28T00:43:21Z,1285,113,22,135,2,1,0
github_actions,pandas-dev/pandas,33130809456,40605,pull_request,completed,success,2026-08-28T00:47:03Z,2026-08-28T00:47:03Z,2026-08-28T01:42:29Z,3326.0,4f73b49b52b3df2f4b1f35e3af58fa6661e5c2f2,perf-read_csv-chunk-count-2,2026-08-28T00:43:21Z,1285,113,22,135,2,1,0
github_actions,pandas-dev/pandas,33130809458,2732,pull_request,completed,success,2026-08-28T00:47:03Z,2026-08-28T00:47:03Z,2026-08-28T00:47:28Z,25.0,4f73b49b52b3df2f4b1f35e3af58fa6661e5c2f2,perf-read_csv-chunk-count-2,2026-08-28T00:43:21Z,1285,113,22,135,2,1,0
github_actions,pandas-dev/pandas,33130809446,66865,pull_request,completed,success,2026-08-28T00:47:03Z,2026-08-28T00:47:03Z,2026-08-28T00:56:42Z,579.0,4f73b49b52b3df2f4b1f35e3af58fa6661e5c2f2,perf-read_csv-chunk-count-2,2026-08-28T00:43:21Z,1285,113,22,135,2,1,0
github_actions,pandas-dev/pandas,33130419504,9245,pull_request,completed,success,2026-08-28T00:39:37Z,2026-08-28T00:39:37Z,2026-08-28T00:39:43Z,6.0,4d2da75e407542d11ea6263500579ab9de453162,bug-66549,2026-08-23T01:54:56Z,598,125,26,151,9,1,0
github_actions,pandas-dev/pandas,33130416855,66765,push,completed,success,2026-08-28T00:39:35Z,2026-08-28T00:39:35Z,2026-08-28T01:12:03Z,1948.0,20a9eefed7b620a78ff40620328739de272861d3,main,2026-08-28T00:39:31Z,137,125,26,151,9,1,0
github_actions,pandas-dev/pandas,33130416776,40604,push,completed,success,2026-08-28T00:39:34Z,2026-08-28T00:39:34Z,2026-08-28T01:25:11Z,2737.0,20a9eefed7b620a78ff40620328739de272861d3,main,2026-08-28T00:39:31Z,137,125,26,151,9,1,0
github_actions,pandas-dev/pandas,33130416751,7196,push,completed,success,2026-08-28T00:39:34Z,2026-08-28T00:39:34Z,2026-08-28T00:39:41Z,7.0,20a9eefed7b620a78ff40620328739de272861d3,main,2026-08-28T00:39:31Z,137,125,26,151,9,1,0
github_actions,pandas-dev/pandas,33130416726,2731,push,completed,success,2026-08-28T00:39:34Z,2026-08-28T00:39:34Z,2026-08-28T00:39:57Z,23.0,20a9eefed7b620a78ff40620328739de272861d3,main,2026-08-28T00:39:31Z,137,125,26,151,9,1,0
github_actions,pandas-dev/pandas,33130416777,68290,push,completed,success,2026-08-28T00:39:34Z,2026-08-28T00:39:34Z,2026-08-28T00:44:47Z,313.0,20a9eefed7b620a78ff40620328739de272861d3,main,2026-08-28T00:39:31Z,137,125,26,151,9,1,0
github_actions,pandas-dev/pandas,33130416778,66864,push,completed,success,2026-08-28T00:39:34Z,2026-08-28T00:39:34Z,2026-08-28T00:51:56Z,742.0,20a9eefed7b620a78ff40620328739de272861d3,main,2026-08-28T00:39:31Z,137,125,26,151,9,1,0
github_actions,pandas-dev/pandas,33129927840,9244,pull_request,completed,success,2026-08-28T00:30:17Z,2026-08-28T00:30:17Z,2026-08-28T00:30:24Z,7.0,4b6adec64ca621c2ca223e81fc6208fd8c8299fb,tst/clean/perf,2026-08-27T21:20:22Z,64,227,99,326,7,1,0
github_actions,pandas-dev/pandas,33129926778,7195,push,completed,success,2026-08-28T00:30:16Z,2026-08-28T00:30:16Z,2026-08-28T00:30:25Z,9.0,edcbad30226d27562b95c00113c2fba7a7f5c7df,main,2026-08-28T00:30:13Z,67,24,23,47,9,1,0
github_actions,pandas-dev/pandas,33129926812,2730,push,completed,success,2026-08-28T00:30:16Z,2026-08-28T00:30:16Z,2026-08-28T00:30:43Z,27.0,edcbad30226d27562b95c00113c2fba7a7f5c7df,main,2026-08-28T00:30:13Z,67,24,23,47,9,1,0
github_actions,pandas-dev/pandas,33129926787,68289,push,completed,success,2026-08-28T00:30:16Z,2026-08-28T00:30:16Z,2026-08-28T00:35:29Z,313.0,edcbad30226d27562b95c00113c2fba7a7f5c7df,main,2026-08-28T00:30:13Z,67,24,23,47,9,1,0
github_actions,pandas-dev/pandas,33129926811,40603,push,completed,success,2026-08-28T00:30:16Z,2026-08-28T00:30:16Z,2026-08-28T01:17:11Z,2815.0,edcbad30226d27562b95c00113c2fba7a7f5c7df,main,2026-08-28T00:30:13Z,67,24,23,47,9,1,0
github_actions,pandas-dev/pandas,33129926775,66764,push,completed,success,2026-08-28T00:30:16Z,2026-08-28T00:30:16Z,2026-08-28T01:01:30Z,1874.0,edcbad30226d27562b95c00113c2fba7a7f5c7df,main,2026-08-28T00:30:13Z,67,24,23,47,9,1,0
github_actions,pandas-dev/pandas,33129926784,66863,push,completed,success,2026-08-28T00:30:16Z,2026-08-28T00:30:16Z,2026-08-28T00:42:08Z,712.0,edcbad30226d27562b95c00113c2fba7a7f5c7df,main,2026-08-28T00:30:13Z,67,24,23,47,9,1,0
github_actions,pandas-dev/pandas,33129204791,66862,pull_request,completed,success,2026-08-28T00:16:47Z,2026-08-28T00:16:47Z,2026-08-28T00:28:02Z,675.0,e3f721d17a41c85faaa006242590819fdb281fcf,plotting-support-ea,2026-08-27T21:43:42Z,464,35,32,67,3,1,0
github_actions,pandas-dev/pandas,33129204807,40602,pull_request,completed,success,2026-08-28T00:16:47Z,2026-08-28T00:16:47Z,2026-08-28T01:01:54Z,2707.0,e3f721d17a41c85faaa006242590819fdb281fcf,plotting-support-ea,2026-08-27T21:43:42Z,464,35,32,67,3,1,0
github_actions,pandas-dev/pandas,33129204806,2729,pull_request,completed,success,2026-08-28T00:16:47Z,2026-08-28T00:16:47Z,2026-08-28T00:17:12Z,25.0,e3f721d17a41c85faaa006242590819fdb281fcf,plotting-support-ea,2026-08-27T21:43:42Z,464,35,32,67,3,1,0
github_actions,pandas-dev/pandas,33129204929,66763,pull_request,completed,success,2026-08-28T00:16:47Z,2026-08-28T00:16:47Z,2026-08-28T00:48:57Z,1930.0,e3f721d17a41c85faaa006242590819fdb281fcf,plotting-support-ea,2026-08-27T21:43:42Z,464,35,32,67,3,1,0
github_actions,pandas-dev/pandas,33123437376,42554,issue_comment,completed,success,2026-08-27T22:40:32Z,2026-08-27T22:40:32Z,2026-08-27T22:40:40Z,8.0,7a6342aac0bdaf9961df1c6d585b43cbf3f52366,main,2026-08-27T18:54:20Z,74,22,14,36,1,1,0
github_actions,pandas-dev/pandas,33122962870,66861,pull_request,completed,success,2026-08-27T22:33:15Z,2026-08-27T22:33:15Z,2026-08-27T22:42:09Z,534.0,035393f4f623b04d02c8ec5061c24b313dbeae95,ref/hypothesis,2026-08-27T22:33:03Z,50,3,0,3,1,1,0
github_actions,pandas-dev/pandas,33122962849,2728,pull_request,completed,success,2026-08-27T22:33:15Z,2026-08-27T22:33:15Z,2026-08-27T22:33:48Z,33.0,035393f4f623b04d02c8ec5061c24b313dbeae95,ref/hypothesis,2026-08-27T22:33:03Z,50,3,0,3,1,1,0
github_actions,pandas-dev/pandas,33122962853,66762,pull_request,completed,success,2026-08-27T22:33:15Z,2026-08-27T22:33:15Z,2026-08-27T23:05:27Z,1932.0,035393f4f623b04d02c8ec5061c24b313dbeae95,ref/hypothesis,2026-08-27T22:33:03Z,50,3,0,3,1,1,0
github_actions,pandas-dev/pandas,33122962858,40601,pull_request,completed,success,2026-08-27T22:33:15Z,2026-08-27T22:33:15Z,2026-08-27T23:19:23Z,2768.0,035393f4f623b04d02c8ec5061c24b313dbeae95,ref/hypothesis,2026-08-27T22:33:03Z,50,3,0,3,1,1,0
github_actions,pandas-dev/pandas,33120163097,42552,issue_comment,completed,success,2026-08-27T21:53:14Z,2026-08-27T21:53:14Z,2026-08-27T21:53:23Z,9.0,7a6342aac0bdaf9961df1c6d585b43cbf3f52366,main,2026-08-27T18:54:20Z,74,22,14,36,1,1,0
github_actions,pandas-dev/pandas,33119891608,9243,pull_request,completed,success,2026-08-27T21:49:29Z,2026-08-27T21:49:29Z,2026-08-27T21:49:37Z,8.0,13c5adaf0c87e4e69355047a3a558a383b541cb6,GH#67010,2026-08-27T02:03:58Z,14,36,3,39,3,1,0
github_actions,pandas-dev/pandas,33118668043,2727,pull_request,completed,success,2026-08-27T21:33:11Z,2026-08-27T21:33:11Z,2026-08-27T21:33:39Z,28.0,64490a30b030ff33b414d76d5fdb58b66e316a36,enh_assign_issue_on_edit,2026-08-27T21:32:26Z,38,1,1,2,1,1,0
github_actions,pandas-dev/pandas,33118667875,66860,pull_request,completed,success,2026-08-27T21:33:11Z,2026-08-27T21:33:11Z,2026-08-27T21:42:20Z,549.0,64490a30b030ff33b414d76d5fdb58b66e316a36,enh_assign_issue_on_edit,2026-08-27T21:32:26Z,38,1,1,2,1,1,0
github_actions,pandas-dev/pandas,33118667864,66761,pull_request,completed,success,2026-08-27T21:33:11Z,2026-08-27T21:33:11Z,2026-08-27T22:06:14Z,1983.0,64490a30b030ff33b414d76d5fdb58b66e316a36,enh_assign_issue_on_edit,2026-08-27T21:32:26Z,38,1,1,2,1,1,0
github_actions,pandas-dev/pandas,33118668070,40600,pull_request,completed,success,2026-08-27T21:33:11Z,2026-08-27T21:33:11Z,2026-08-27T22:20:49Z,2858.0,64490a30b030ff33b414d76d5fdb58b66e316a36,enh_assign_issue_on_edit,2026-08-27T21:32:26Z,38,1,1,2,1,1,0
github_actions,pandas-dev/pandas,33118666411,192,pull_request_target,completed,success,2026-08-27T21:33:10Z,2026-08-27T21:33:10Z,2026-08-27T21:34:20Z,70.0,64490a30b030ff33b414d76d5fdb58b66e316a36,enh_assign_issue_on_edit,2026-08-27T21:32:26Z,38,1,1,2,1,1,0
github_actions,pandas-dev/pandas,33118206872,2726,pull_request,completed,success,2026-08-27T21:27:14Z,2026-08-27T21:27:14Z,2026-08-27T21:27:36Z,22.0,342423158de31fe40c1ff342186a96efc2d91f2e,DOC-offset-constructors,2026-08-27T21:26:23Z,26,8,1,9,1,1,0
github_actions,pandas-dev/pandas,33118206964,66859,pull_request,completed,success,2026-08-27T21:27:14Z,2026-08-27T21:27:14Z,2026-08-27T21:39:17Z,723.0,342423158de31fe40c1ff342186a96efc2d91f2e,DOC-offset-constructors,2026-08-27T21:26:23Z,26,8,1,9,1,1,0
github_actions,pandas-dev/pandas,33118206939,66760,pull_request,completed,success,2026-08-27T21:27:14Z,2026-08-27T21:27:14Z,2026-08-27T21:58:42Z,1888.0,342423158de31fe40c1ff342186a96efc2d91f2e,DOC-offset-constructors,2026-08-27T21:26:23Z,26,8,1,9,1,1,0
github_actions,pandas-dev/pandas,33118207221,40599,pull_request,completed,success,2026-08-27T21:27:14Z,2026-08-27T21:27:14Z,2026-08-27T22:22:12Z,3298.0,342423158de31fe40c1ff342186a96efc2d91f2e,DOC-offset-constructors,2026-08-27T21:26:23Z,26,8,1,9,1,1,0
github_actions,pandas-dev/pandas,33117695170,2725,pull_request,completed,success,2026-08-27T21:20:34Z,2026-08-27T21:20:34Z,2026-08-27T21:21:01Z,27.0,4b6adec64ca621c2ca223e81fc6208fd8c8299fb,tst/clean/perf,2026-08-27T21:20:22Z,64,227,99,326,7,1,0
github_actions,pandas-dev/pandas,33117695186,66858,pull_request,completed,success,2026-08-27T21:20:34Z,2026-08-27T21:20:34Z,2026-08-27T21:32:16Z,702.0,4b6adec64ca621c2ca223e81fc6208fd8c8299fb,tst/clean/perf,2026-08-27T21:20:22Z,64,227,99,326,7,1,0
github_actions,pandas-dev/pandas,33117695178,66759,pull_request,completed,success,2026-08-27T21:20:34Z,2026-08-27T21:20:34Z,2026-08-27T21:53:05Z,1951.0,4b6adec64ca621c2ca223e81fc6208fd8c8299fb,tst/clean/perf,2026-08-27T21:20:22Z,64,227,99,326,7,1,0
github_actions,pandas-dev/pandas,33117695197,40598,pull_request,completed,success,2026-08-27T21:20:34Z,2026-08-27T21:20:34Z,2026-08-27T22:07:00Z,2786.0,4b6adec64ca621c2ca223e81fc6208fd8c8299fb,tst/clean/perf,2026-08-27T21:20:22Z,64,227,99,326,7,1,0
github_actions,pandas-dev/pandas,33117572737,66857,pull_request,completed,success,2026-08-27T21:19:03Z,2026-08-27T21:19:03Z,2026-08-27T21:28:56Z,593.0,8c3021fc2ade4a31b7593d12c4b4d5fa63d1d120,depr-alignment-arithmetic-between-series-with-non-aligned-MultiIndexes,2026-08-27T21:18:50Z,22,3,3,6,2,1,0
github_actions,pandas-dev/pandas,33117572532,2724,pull_request,completed,success,2026-08-27T21:19:03Z,2026-08-27T21:19:03Z,2026-08-27T21:19:27Z,24.0,8c3021fc2ade4a31b7593d12c4b4d5fa63d1d120,depr-alignment-arithmetic-between-series-with-non-aligned-MultiIndexes,2026-08-27T21:18:50Z,22,3,3,6,2,1,0
github_actions,pandas-dev/pandas,33117572537,66758,pull_request,completed,success,2026-08-27T21:19:03Z,2026-08-27T21:19:03Z,2026-08-27T21:50:55Z,1912.0,8c3021fc2ade4a31b7593d12c4b4d5fa63d1d120,depr-alignment-arithmetic-between-series-with-non-aligned-MultiIndexes,2026-08-27T21:18:50Z,22,3,3,6,2,1,0
github_actions,pandas-dev/pandas,33117572538,40597,pull_request,completed,success,2026-08-27T21:19:03Z,2026-08-27T21:19:03Z,2026-08-27T22:09:54Z,3051.0,8c3021fc2ade4a31b7593d12c4b4d5fa63d1d120,depr-alignment-arithmetic-between-series-with-non-aligned-MultiIndexes,2026-08-27T21:18:50Z,22,3,3,6,2,1,0
github_actions,pandas-dev/pandas,33117394703,66856,pull_request,completed,success,2026-08-27T21:16:46Z,2026-08-27T21:16:46Z,2026-08-27T21:26:56Z,610.0,2a89cf7094ab947c9bdbb27f604da3838cf9438f,bug-51315,2026-08-27T21:16:07Z,517,81,6,87,7,1,0
github_actions,pandas-dev/pandas,33117394716,191,pull_request_target,completed,success,2026-08-27T21:16:46Z,2026-08-27T21:16:46Z,2026-08-27T21:16:54Z,8.0,2a89cf7094ab947c9bdbb27f604da3838cf9438f,bug-51315,2026-08-27T21:16:07Z,517,81,6,87,7,1,0
github_actions,pandas-dev/pandas,33117394697,2723,pull_request,completed,success,2026-08-27T21:16:46Z,2026-08-27T21:16:46Z,2026-08-27T21:17:17Z,31.0,2a89cf7094ab947c9bdbb27f604da3838cf9438f,bug-51315,2026-08-27T21:16:07Z,517,81,6,87,7,1,0
github_actions,pandas-dev/pandas,33117394690,66757,pull_request,completed,success,2026-08-27T21:16:46Z,2026-08-27T21:16:46Z,2026-08-27T21:48:50Z,1924.0,2a89cf7094ab947c9bdbb27f604da3838cf9438f,bug-51315,2026-08-27T21:16:07Z,517,81,6,87,7,1,0
github_actions,pandas-dev/pandas,33117394662,40596,pull_request,completed,success,2026-08-27T21:16:46Z,2026-08-27T21:16:46Z,2026-08-27T22:18:17Z,3691.0,2a89cf7094ab947c9bdbb27f604da3838cf9438f,bug-51315,2026-08-27T21:16:07Z,517,81,6,87,7,1,0
github_actions,pandas-dev/pandas,33116950739,2722,pull_request,completed,success,2026-08-27T21:11:17Z,2026-08-27T21:11:17Z,2026-08-27T21:11:47Z,30.0,40c2d7e7a2facfadd59da3809cd52ff538fa2c95,depr-alignment-arithmetic-between-series-with-non-aligned-MultiIndexes,2026-08-27T21:10:47Z,22,1,1,2,1,1,0
github_actions,pandas-dev/pandas,33115939492,2721,pull_request,completed,success,2026-08-27T20:58:46Z,2026-08-27T20:58:46Z,2026-08-27T20:59:15Z,29.0,296853489435087d9982bda55ea84aa35a64f447,enh_select,2026-08-27T20:58:37Z,6,3,3,6,1,1,0
github_actions,pandas-dev/pandas,33115939417,66755,pull_request,completed,success,2026-08-27T20:58:46Z,2026-08-27T20:58:46Z,2026-08-27T21:31:07Z,1941.0,296853489435087d9982bda55ea84aa35a64f447,enh_select,2026-08-27T20:58:37Z,6,3,3,6,1,1,0
github_actions,pandas-dev/pandas,33115939503,66854,pull_request,completed,success,2026-08-27T20:58:46Z,2026-08-27T20:58:46Z,2026-08-27T21:10:27Z,701.0,296853489435087d9982bda55ea84aa35a64f447,enh_select,2026-08-27T20:58:37Z,6,3,3,6,1,1,0
github_actions,pandas-dev/pandas,33115939442,40594,pull_request,completed,success,2026-08-27T20:58:46Z,2026-08-27T20:58:46Z,2026-08-27T21:51:22Z,3156.0,296853489435087d9982bda55ea84aa35a64f447,enh_select,2026-08-27T20:58:37Z,6,3,3,6,1,1,0
github_actions,pandas-dev/pandas,33114848998,9242,pull_request,completed,success,2026-08-27T20:45:11Z,2026-08-27T20:45:11Z,2026-08-27T20:45:18Z,7.0,5a9573c51fd6b85f47a4b953fff21809f19d2b3e,tst-mutation-gaps-58517,2026-08-06T16:38:54Z,83,55,1,56,3,1,0
github_actions,pandas-dev/pandas,33114632621,2720,pull_request,completed,success,2026-08-27T20:42:31Z,2026-08-27T20:42:31Z,2026-08-27T20:42:56Z,25.0,ddb8aaa6ee8b7fb63f33135d7c7cf8e20dfe7f57,enh_select,2026-08-27T20:42:18Z,75,485,282,767,28,1,0
github_actions,pandas-dev/pandas,33114632560,66853,pull_request,completed,success,2026-08-27T20:42:30Z,2026-08-27T20:42:30Z,2026-08-27T20:51:51Z,561.0,ddb8aaa6ee8b7fb63f33135d7c7cf8e20dfe7f57,enh_select,2026-08-27T20:42:18Z,75,485,282,767,28,1,0
github_actions,pandas-dev/pandas,33114541989,9241,pull_request,completed,success,2026-08-27T20:41:23Z,2026-08-27T20:41:23Z,2026-08-27T20:41:30Z,7.0,d4c8eb5c36e8b3538a06e3cca3b69d18b0b0c094,fix/rename-axis-tuple-name,2026-08-09T03:05:27Z,42,1,3,4,1,1,0
github_actions,pandas-dev/pandas,33114503020,9240,pull_request,completed,success,2026-08-27T20:40:54Z,2026-08-27T20:40:54Z,2026-08-27T20:41:01Z,7.0,0e8a906316bc7768acb549ad1ebf13ca7481e336,arrow-to-csv,2026-08-06T14:50:54Z,37,108025,63339,171364,300,1,0
github_actions,pandas-dev/pandas,33114392120,9239,pull_request,completed,success,2026-08-27T20:39:32Z,2026-08-27T20:39:32Z,2026-08-27T20:39:37Z,5.0,03aba7ab0d952b8cac267ca708d577f4056a58e9,bug-57645-fls-index-object,2026-07-23T19:22:41Z,76,40,1,41,5,1,0
github_actions,pandas-dev/pandas,33114158360,9238,pull_request,completed,success,2026-08-27T20:36:35Z,2026-08-27T20:36:35Z,2026-08-27T20:36:42Z,7.0,49e1998e05819e0c707b5a1e1d84ae8bc3808951,fix-cython-chained-warning,2026-07-14T05:14:28Z,61,4,3,7,2,1,0
github_actions,pandas-dev/pandas,33114112221,9237,pull_request,completed,success,2026-08-27T20:36:00Z,2026-08-27T20:36:00Z,2026-08-27T20:36:11Z,11.0,5270a899d48894e23b007de33a8aa11d169165f7,perf/fix-pearson-nancorr-l3-regression,2026-07-30T11:16:06Z,53,2,72,74,4,1,0
github_actions,pandas-dev/pandas,33113979565,9236,pull_request,completed,success,2026-08-27T20:34:27Z,2026-08-27T20:34:27Z,2026-08-27T20:34:35Z,8.0,5d3ae4152a5d2b6bc72f48d03c1dad9c5759b602,fix/64337-sqlite-adapters-once,2026-07-11T23:40:07Z,23,1,1,2,1,1,0
github_actions,scikit-learn/scikit-learn,33182244731,23035,pull_request_target,completed,success,2026-08-28T14:51:18Z,2026-08-28T14:51:18Z,2026-08-28T14:51:46Z,28.0,c269a4124c4c532b3852ef4050976cf9d57dbf7f,doc/hgb-min-samples-leaf-sample-weight,2026-08-28T13:16:16Z,111,6,0,6,1,1,0
github_actions,scikit-learn/scikit-learn,33182104796,678554,status,completed,success,2026-08-28T14:49:38Z,2026-08-28T14:49:38Z,2026-08-28T14:49:46Z,8.0,f2e0b2330932e0c08d2d0de66b5427e3e0f7167c,main,2026-08-28T12:28:02Z,69,32,2,34,2,1,0
github_actions,scikit-learn/scikit-learn,33182105266,678555,status,completed,success,2026-08-28T14:49:38Z,2026-08-28T14:49:38Z,2026-08-28T14:49:47Z,9.0,f2e0b2330932e0c08d2d0de66b5427e3e0f7167c,main,2026-08-28T12:28:02Z,69,32,2,34,2,1,0
github_actions,scikit-learn/scikit-learn,33181793956,23034,pull_request_target,completed,success,2026-08-28T14:45:48Z,2026-08-28T14:45:48Z,2026-08-28T14:46:09Z,21.0,c269a4124c4c532b3852ef4050976cf9d57dbf7f,doc/hgb-min-samples-leaf-sample-weight,2026-08-28T13:16:16Z,111,6,0,6,1,1,0
github_actions,scikit-learn/scikit-learn,33181085064,678552,status,completed,success,2026-08-28T14:37:15Z,2026-08-28T14:37:15Z,2026-08-28T14:37:22Z,7.0,f2e0b2330932e0c08d2d0de66b5427e3e0f7167c,main,2026-08-28T12:28:02Z,69,32,2,34,2,1,0
github_actions,scikit-learn/scikit-learn,33181085209,678553,status,completed,success,2026-08-28T14:37:15Z,2026-08-28T14:37:15Z,2026-08-28T14:37:22Z,7.0,f2e0b2330932e0c08d2d0de66b5427e3e0f7167c,main,2026-08-28T12:28:02Z,69,32,2,34,2,1,0
github_actions,scikit-learn/scikit-learn,33181084469,10564,workflow_run,completed,success,2026-08-28T14:37:14Z,2026-08-28T14:37:14Z,2026-08-28T14:37:35Z,21.0,f2e0b2330932e0c08d2d0de66b5427e3e0f7167c,main,2026-08-28T12:28:02Z,69,32,2,34,2,1,0
github_actions,scikit-learn/scikit-learn,33181055739,3019,pull_request_target,completed,success,2026-08-28T14:36:55Z,2026-08-28T14:36:55Z,2026-08-28T14:37:04Z,9.0,6307de00ede1643f21cce07b48e9480750807d53,cursor/array-api-integration-tests-26c5,2026-08-28T14:36:33Z,64,203,4,207,8,1,0
github_actions,scikit-learn/scikit-learn,33181055108,69951,pull_request,completed,success,2026-08-28T14:36:55Z,2026-08-28T14:36:55Z,2026-08-28T14:37:22Z,27.0,6307de00ede1643f21cce07b48e9480750807d53,cursor/array-api-integration-tests-26c5,2026-08-28T14:36:33Z,64,203,4,207,8,1,0
github_actions,scikit-learn/scikit-learn,33181055164,2824,pull_request,completed,success,2026-08-28T14:36:55Z,2026-08-28T14:36:55Z,2026-08-28T14:45:20Z,505.0,6307de00ede1643f21cce07b48e9480750807d53,cursor/array-api-integration-tests-26c5,2026-08-28T14:36:33Z,64,203,4,207,8,1,0
github_actions,scikit-learn/scikit-learn,33181030866,25979,pull_request,completed,success,2026-08-28T14:36:37Z,2026-08-28T14:36:37Z,2026-08-28T14:38:41Z,124.0,6307de00ede1643f21cce07b48e9480750807d53,cursor/array-api-integration-tests-26c5,2026-08-28T14:36:33Z,64,203,4,207,8,1,0
github_actions,scikit-learn/scikit-learn,33181030817,69950,pull_request,completed,success,2026-08-28T14:36:37Z,2026-08-28T14:36:37Z,2026-08-28T14:37:06Z,29.0,6307de00ede1643f21cce07b48e9480750807d53,cursor/array-api-integration-tests-26c5,2026-08-28T14:36:33Z,64,203,4,207,8,1,0
github_actions,scikit-learn/scikit-learn,33181030764,15450,pull_request,completed,success,2026-08-28T14:36:37Z,2026-08-28T14:36:37Z,2026-08-28T14:36:48Z,11.0,6307de00ede1643f21cce07b48e9480750807d53,cursor/array-api-integration-tests-26c5,2026-08-28T14:36:33Z,64,203,4,207,8,1,0
github_actions,scikit-learn/scikit-learn,33181031080,65688,pull_request,completed,success,2026-08-28T14:36:37Z,2026-08-28T14:36:37Z,2026-08-28T14:36:48Z,11.0,6307de00ede1643f21cce07b48e9480750807d53,cursor/array-api-integration-tests-26c5,2026-08-28T14:36:33Z,64,203,4,207,8,1,0
github_actions,scikit-learn/scikit-learn,33181030845,30181,pull_request,completed,success,2026-08-28T14:36:37Z,2026-08-28T14:36:37Z,2026-08-28T14:37:12Z,35.0,6307de00ede1643f21cce07b48e9480750807d53,cursor/array-api-integration-tests-26c5,2026-08-28T14:36:33Z,64,203,4,207,8,1,0
github_actions,scikit-learn/scikit-learn,33181000686,65687,pull_request,completed,success,2026-08-28T14:36:17Z,2026-08-28T14:36:17Z,2026-08-28T14:36:30Z,13.0,1c466f7420795028c1d920c350c3cc7b98cd3bbe,cursor/array-api-integration-tests-26c5,2026-08-28T14:34:40Z,55,2,1,3,1,1,0
github_actions,scikit-learn/scikit-learn,33180999300,25978,pull_request,completed,success,2026-08-28T14:36:16Z,2026-08-28T14:36:16Z,2026-08-28T14:38:40Z,144.0,1c466f7420795028c1d920c350c3cc7b98cd3bbe,cursor/array-api-integration-tests-26c5,2026-08-28T14:34:40Z,55,2,1,3,1,1,0
github_actions,scikit-learn/scikit-learn,33180999230,69949,pull_request,completed,success,2026-08-28T14:36:16Z,2026-08-28T14:36:16Z,2026-08-28T14:36:46Z,30.0,1c466f7420795028c1d920c350c3cc7b98cd3bbe,cursor/array-api-integration-tests-26c5,2026-08-28T14:34:40Z,55,2,1,3,1,1,0
github_actions,scikit-learn/scikit-learn,33180999458,15449,pull_request,completed,success,2026-08-28T14:36:16Z,2026-08-28T14:36:16Z,2026-08-28T14:36:27Z,11.0,1c466f7420795028c1d920c350c3cc7b98cd3bbe,cursor/array-api-integration-tests-26c5,2026-08-28T14:34:40Z,55,2,1,3,1,1,0
github_actions,scikit-learn/scikit-learn,33180990740,23033,pull_request_target,completed,success,2026-08-28T14:36:09Z,2026-08-28T14:36:09Z,2026-08-28T14:36:35Z,26.0,c269a4124c4c532b3852ef4050976cf9d57dbf7f,doc/hgb-min-samples-leaf-sample-weight,2026-08-28T13:16:16Z,111,6,0,6,1,1,0
github_actions,scikit-learn/scikit-learn,33180741056,23032,pull_request_target,completed,success,2026-08-28T14:33:19Z,2026-08-28T14:33:19Z,2026-08-28T14:33:44Z,25.0,c269a4124c4c532b3852ef4050976cf9d57dbf7f,doc/hgb-min-samples-leaf-sample-weight,2026-08-28T13:16:16Z,111,6,0,6,1,1,0
github_actions,scikit-learn/scikit-learn,33180308278,10562,workflow_run,completed,success,2026-08-28T14:28:21Z,2026-08-28T14:28:21Z,2026-08-28T14:28:46Z,25.0,f2e0b2330932e0c08d2d0de66b5427e3e0f7167c,main,2026-08-28T12:28:02Z,69,32,2,34,2,1,0
github_actions,scikit-learn/scikit-learn,33180264844,15448,pull_request,completed,success,2026-08-28T14:27:54Z,2026-08-28T14:27:54Z,2026-08-28T14:28:03Z,9.0,f70cd9e005a60b3402e9aca118bc1a32f0843645,main,2026-08-14T15:20:32Z,4306,334,0,334,1,1,0
github_actions,scikit-learn/scikit-learn,33180265075,65686,pull_request,completed,success,2026-08-28T14:27:54Z,2026-08-28T14:27:54Z,2026-08-28T14:28:05Z,11.0,f70cd9e005a60b3402e9aca118bc1a32f0843645,main,2026-08-14T15:20:32Z,4306,334,0,334,1,1,0
github_actions,scikit-learn/scikit-learn,33180264827,30179,pull_request,completed,success,2026-08-28T14:27:54Z,2026-08-28T14:27:54Z,2026-08-28T14:28:19Z,25.0,f70cd9e005a60b3402e9aca118bc1a32f0843645,main,2026-08-14T15:20:32Z,4306,334,0,334,1,1,0
github_actions,scikit-learn/scikit-learn,33180264812,69948,pull_request,completed,success,2026-08-28T14:27:54Z,2026-08-28T14:27:54Z,2026-08-28T14:28:28Z,34.0,f70cd9e005a60b3402e9aca118bc1a32f0843645,main,2026-08-14T15:20:32Z,4306,334,0,334,1,1,0
github_actions,scikit-learn/scikit-learn,33180264828,12132,pull_request,completed,failure,2026-08-28T14:27:54Z,2026-08-28T14:27:54Z,2026-08-28T14:28:31Z,37.0,f70cd9e005a60b3402e9aca118bc1a32f0843645,main,2026-08-14T15:20:32Z,4306,334,0,334,1,1,1
github_actions,scikit-learn/scikit-learn,33180264860,25977,pull_request,completed,success,2026-08-28T14:27:54Z,2026-08-28T14:27:54Z,2026-08-28T14:30:11Z,137.0,f70cd9e005a60b3402e9aca118bc1a32f0843645,main,2026-08-14T15:20:32Z,4306,334,0,334,1,1,0
github_actions,scikit-learn/scikit-learn,33180262674,27754,pull_request_target,completed,success,2026-08-28T14:27:52Z,2026-08-28T14:27:52Z,2026-08-28T14:28:04Z,12.0,f70cd9e005a60b3402e9aca118bc1a32f0843645,main,2026-08-14T15:20:32Z,4306,334,0,334,1,1,0
github_actions,scikit-learn/scikit-learn,33180262724,103,pull_request_target,completed,success,2026-08-28T14:27:52Z,2026-08-28T14:27:52Z,2026-08-28T14:28:12Z,20.0,f70cd9e005a60b3402e9aca118bc1a32f0843645,main,2026-08-14T15:20:32Z,4306,334,0,334,1,1,0
github_actions,scikit-learn/scikit-learn,33180262678,23031,pull_request_target,completed,success,2026-08-28T14:27:52Z,2026-08-28T14:27:52Z,2026-08-28T14:28:15Z,23.0,f70cd9e005a60b3402e9aca118bc1a32f0843645,main,2026-08-14T15:20:32Z,4306,334,0,334,1,1,0
github_actions,scikit-learn/scikit-learn,33177034315,69947,pull_request,completed,success,2026-08-28T13:47:38Z,2026-08-28T13:47:38Z,2026-08-28T13:48:06Z,28.0,0fedbcf6c653e5b09bf9a6bd39520588966b4a3e,fix-rfe-dataframes-28629,2026-08-27T15:44:46Z,24,0,1,1,1,1,0
github_actions,scikit-learn/scikit-learn,33175667907,678532,status,completed,success,2026-08-28T13:30:07Z,2026-08-28T13:30:07Z,2026-08-28T13:30:18Z,11.0,f2e0b2330932e0c08d2d0de66b5427e3e0f7167c,main,2026-08-28T12:28:02Z,69,32,2,34,2,1,0
github_actions,scikit-learn/scikit-learn,33175662803,678530,status,completed,success,2026-08-28T13:30:04Z,2026-08-28T13:30:04Z,2026-08-28T13:30:15Z,11.0,f2e0b2330932e0c08d2d0de66b5427e3e0f7167c,main,2026-08-28T12:28:02Z,69,32,2,34,2,1,0
github_actions,scikit-learn/scikit-learn,33174711866,678526,status,completed,success,2026-08-28T13:17:14Z,2026-08-28T13:17:14Z,2026-08-28T13:17:24Z,10.0,f2e0b2330932e0c08d2d0de66b5427e3e0f7167c,main,2026-08-28T12:28:02Z,69,32,2,34,2,1,0
github_actions,scikit-learn/scikit-learn,33174707700,678525,status,completed,success,2026-08-28T13:17:10Z,2026-08-28T13:17:10Z,2026-08-28T13:17:21Z,11.0,f2e0b2330932e0c08d2d0de66b5427e3e0f7167c,main,2026-08-28T12:28:02Z,69,32,2,34,2,1,0
github_actions,scikit-learn/scikit-learn,33174703046,10561,workflow_run,completed,success,2026-08-28T13:17:07Z,2026-08-28T13:17:07Z,2026-08-28T13:17:21Z,14.0,f2e0b2330932e0c08d2d0de66b5427e3e0f7167c,main,2026-08-28T12:28:02Z,69,32,2,34,2,1,0
github_actions,scikit-learn/scikit-learn,33174684220,678519,status,completed,success,2026-08-28T13:16:51Z,2026-08-28T13:16:51Z,2026-08-28T13:17:00Z,9.0,f2e0b2330932e0c08d2d0de66b5427e3e0f7167c,main,2026-08-28T12:28:02Z,69,32,2,34,2,1,0
github_actions,scikit-learn/scikit-learn,33174651838,25976,pull_request,completed,success,2026-08-28T13:16:24Z,2026-08-28T13:16:24Z,2026-08-28T13:18:52Z,148.0,c269a4124c4c532b3852ef4050976cf9d57dbf7f,doc/hgb-min-samples-leaf-sample-weight,2026-08-28T13:16:16Z,111,6,0,6,1,1,0
github_actions,scikit-learn/scikit-learn,33174651796,15447,pull_request,completed,success,2026-08-28T13:16:24Z,2026-08-28T13:16:24Z,2026-08-28T13:16:36Z,12.0,c269a4124c4c532b3852ef4050976cf9d57dbf7f,doc/hgb-min-samples-leaf-sample-weight,2026-08-28T13:16:16Z,111,6,0,6,1,1,0
github_actions,scikit-learn/scikit-learn,33174652100,65685,pull_request,completed,success,2026-08-28T13:16:24Z,2026-08-28T13:16:24Z,2026-08-28T13:16:37Z,13.0,c269a4124c4c532b3852ef4050976cf9d57dbf7f,doc/hgb-min-samples-leaf-sample-weight,2026-08-28T13:16:16Z,111,6,0,6,1,1,0
github_actions,scikit-learn/scikit-learn,33174651845,69946,pull_request,completed,success,2026-08-28T13:16:24Z,2026-08-28T13:16:24Z,2026-08-28T13:16:57Z,33.0,c269a4124c4c532b3852ef4050976cf9d57dbf7f,doc/hgb-min-samples-leaf-sample-weight,2026-08-28T13:16:16Z,111,6,0,6,1,1,0
github_actions,scikit-learn/scikit-learn,33174651797,30178,pull_request,completed,success,2026-08-28T13:16:24Z,2026-08-28T13:16:24Z,2026-08-28T13:17:04Z,40.0,c269a4124c4c532b3852ef4050976cf9d57dbf7f,doc/hgb-min-samples-leaf-sample-weight,2026-08-28T13:16:16Z,111,6,0,6,1,1,0
github_actions,scikit-learn/scikit-learn,33174651907,12131,pull_request,completed,success,2026-08-28T13:16:24Z,2026-08-28T13:16:24Z,2026-08-28T13:40:44Z,1460.0,c269a4124c4c532b3852ef4050976cf9d57dbf7f,doc/hgb-min-samples-leaf-sample-weight,2026-08-28T13:16:16Z,111,6,0,6,1,1,0
github_actions,scikit-learn/scikit-learn,33174635305,15446,pull_request,completed,success,2026-08-28T13:16:10Z,2026-08-28T13:16:10Z,2026-08-28T13:16:22Z,12.0,eb3a11a112b8b2d2623ce9c72b5633999609857f,doc/hgb-min-samples-leaf-sample-weight,2026-08-28T13:15:21Z,343,34,18,52,3,1,0
github_actions,scikit-learn/scikit-learn,33174635569,65684,pull_request,completed,success,2026-08-28T13:16:10Z,2026-08-28T13:16:10Z,2026-08-28T13:16:19Z,9.0,eb3a11a112b8b2d2623ce9c72b5633999609857f,doc/hgb-min-samples-leaf-sample-weight,2026-08-28T13:15:21Z,343,34,18,52,3,1,0
github_actions,scikit-learn/scikit-learn,33174635274,27753,pull_request_target,completed,success,2026-08-28T13:16:10Z,2026-08-28T13:16:10Z,2026-08-28T13:16:23Z,13.0,eb3a11a112b8b2d2623ce9c72b5633999609857f,doc/hgb-min-samples-leaf-sample-weight,2026-08-28T13:15:21Z,343,34,18,52,3,1,0
github_actions,scikit-learn/scikit-learn,33174635181,23030,pull_request_target,completed,success,2026-08-28T13:16:10Z,2026-08-28T13:16:10Z,2026-08-28T13:16:31Z,21.0,eb3a11a112b8b2d2623ce9c72b5633999609857f,doc/hgb-min-samples-leaf-sample-weight,2026-08-28T13:15:21Z,343,34,18,52,3,1,0
github_actions,scikit-learn/scikit-learn,33174635350,69945,pull_request,completed,success,2026-08-28T13:16:10Z,2026-08-28T13:16:10Z,2026-08-28T13:16:47Z,37.0,eb3a11a112b8b2d2623ce9c72b5633999609857f,doc/hgb-min-samples-leaf-sample-weight,2026-08-28T13:15:21Z,343,34,18,52,3,1,0
github_actions,scikit-learn/scikit-learn,33174635313,25975,pull_request,completed,success,2026-08-28T13:16:10Z,2026-08-28T13:16:10Z,2026-08-28T13:17:55Z,105.0,eb3a11a112b8b2d2623ce9c72b5633999609857f,doc/hgb-min-samples-leaf-sample-weight,2026-08-28T13:15:21Z,343,34,18,52,3,1,0
github_actions,scikit-learn/scikit-learn,33173603956,678504,status,completed,success,2026-08-28T13:02:12Z,2026-08-28T13:02:12Z,2026-08-28T13:02:21Z,9.0,f2e0b2330932e0c08d2d0de66b5427e3e0f7167c,main,2026-08-28T12:28:02Z,69,32,2,34,2,1,0
github_actions,scikit-learn/scikit-learn,33173604059,678505,status,completed,success,2026-08-28T13:02:12Z,2026-08-28T13:02:12Z,2026-08-28T13:02:20Z,8.0,f2e0b2330932e0c08d2d0de66b5427e3e0f7167c,main,2026-08-28T12:28:02Z,69,32,2,34,2,1,0
github_actions,scikit-learn/scikit-learn,33173281387,678497,status,completed,success,2026-08-28T12:57:49Z,2026-08-28T12:57:49Z,2026-08-28T12:58:01Z,12.0,f2e0b2330932e0c08d2d0de66b5427e3e0f7167c,main,2026-08-28T12:28:02Z,69,32,2,34,2,1,0
github_actions,scikit-learn/scikit-learn,33173281130,678496,status,completed,success,2026-08-28T12:57:49Z,2026-08-28T12:57:49Z,2026-08-28T12:57:57Z,8.0,f2e0b2330932e0c08d2d0de66b5427e3e0f7167c,main,2026-08-28T12:28:02Z,69,32,2,34,2,1,0
github_actions,scikit-learn/scikit-learn,33172750550,678493,status,completed,success,2026-08-28T12:50:27Z,2026-08-28T12:50:27Z,2026-08-28T12:50:35Z,8.0,f2e0b2330932e0c08d2d0de66b5427e3e0f7167c,main,2026-08-28T12:28:02Z,69,32,2,34,2,1,0
github_actions,scikit-learn/scikit-learn,33172750385,678492,status,completed,success,2026-08-28T12:50:27Z,2026-08-28T12:50:27Z,2026-08-28T12:50:36Z,9.0,f2e0b2330932e0c08d2d0de66b5427e3e0f7167c,main,2026-08-28T12:28:02Z,69,32,2,34,2,1,0
github_actions,scikit-learn/scikit-learn,33172747005,10559,workflow_run,completed,success,2026-08-28T12:50:24Z,2026-08-28T12:50:24Z,2026-08-28T12:50:43Z,19.0,f2e0b2330932e0c08d2d0de66b5427e3e0f7167c,main,2026-08-28T12:28:02Z,69,32,2,34,2,1,0
github_actions,scikit-learn/scikit-learn,33172709527,678486,status,completed,success,2026-08-28T12:49:53Z,2026-08-28T12:49:53Z,2026-08-28T12:50:01Z,8.0,f2e0b2330932e0c08d2d0de66b5427e3e0f7167c,main,2026-08-28T12:28:02Z,69,32,2,34,2,1,0
github_actions,scikit-learn/scikit-learn,33172709868,678487,status,completed,success,2026-08-28T12:49:53Z,2026-08-28T12:49:53Z,2026-08-28T12:50:03Z,10.0,f2e0b2330932e0c08d2d0de66b5427e3e0f7167c,main,2026-08-28T12:28:02Z,69,32,2,34,2,1,0
github_actions,scikit-learn/scikit-learn,33172705741,15445,pull_request,completed,success,2026-08-28T12:49:49Z,2026-08-28T12:49:49Z,2026-08-28T12:50:01Z,12.0,9b9ece34f563c093fbc5c93d4b643544180b307e,fix-callback-sig-cache,2026-08-28T12:49:37Z,3,1,2,3,1,1,0
github_actions,scikit-learn/scikit-learn,33172705893,65683,pull_request,completed,success,2026-08-28T12:49:49Z,2026-08-28T12:49:49Z,2026-08-28T12:50:00Z,11.0,9b9ece34f563c093fbc5c93d4b643544180b307e,fix-callback-sig-cache,2026-08-28T12:49:37Z,3,1,2,3,1,1,0
github_actions,scikit-learn/scikit-learn,33172705689,30176,pull_request,completed,success,2026-08-28T12:49:49Z,2026-08-28T12:49:49Z,2026-08-28T12:50:22Z,33.0,9b9ece34f563c093fbc5c93d4b643544180b307e,fix-callback-sig-cache,2026-08-28T12:49:37Z,3,1,2,3,1,1,0
github_actions,scikit-learn/scikit-learn,33172705751,69944,pull_request,completed,success,2026-08-28T12:49:49Z,2026-08-28T12:49:49Z,2026-08-28T12:50:20Z,31.0,9b9ece34f563c093fbc5c93d4b643544180b307e,fix-callback-sig-cache,2026-08-28T12:49:37Z,3,1,2,3,1,1,0
github_actions,scikit-learn/scikit-learn,33172705775,25974,pull_request,completed,success,2026-08-28T12:49:49Z,2026-08-28T12:49:49Z,2026-08-28T12:52:13Z,144.0,9b9ece34f563c093fbc5c93d4b643544180b307e,fix-callback-sig-cache,2026-08-28T12:49:37Z,3,1,2,3,1,1,0
github_actions,scikit-learn/scikit-learn,33172705942,12129,pull_request,completed,success,2026-08-28T12:49:49Z,2026-08-28T12:49:49Z,2026-08-28T13:16:50Z,1621.0,9b9ece34f563c093fbc5c93d4b643544180b307e,fix-callback-sig-cache,2026-08-28T12:49:37Z,3,1,2,3,1,1,0
github_actions,scikit-learn/scikit-learn,33172650758,23029,pull_request_target,completed,success,2026-08-28T12:49:01Z,2026-08-28T12:49:01Z,2026-08-28T12:49:24Z,23.0,210f5988d76d19eaadbab8a51cde1415438f9f10,fix-callback-sig-cache,2026-08-28T12:33:30Z,28,12,4,16,2,1,0
github_actions,scikit-learn/scikit-learn,33172605041,69943,pull_request,completed,success,2026-08-28T12:48:21Z,2026-08-28T12:48:21Z,2026-08-28T12:48:58Z,37.0,210f5988d76d19eaadbab8a51cde1415438f9f10,fix-callback-sig-cache,2026-08-28T12:33:30Z,28,12,4,16,2,1,0
github_actions,scikit-learn/scikit-learn,33172546529,678480,status,completed,success,2026-08-28T12:47:31Z,2026-08-28T12:47:31Z,2026-08-28T12:47:39Z,8.0,f2e0b2330932e0c08d2d0de66b5427e3e0f7167c,main,2026-08-28T12:28:02Z,69,32,2,34,2,1,0
github_actions,scikit-learn/scikit-learn,33172546920,678483,status,completed,success,2026-08-28T12:47:31Z,2026-08-28T12:47:31Z,2026-08-28T12:47:42Z,11.0,f2e0b2330932e0c08d2d0de66b5427e3e0f7167c,main,2026-08-28T12:28:02Z,69,32,2,34,2,1,0
github_actions,scikit-learn/scikit-learn,33172530581,10558,workflow_run,completed,success,2026-08-28T12:47:17Z,2026-08-28T12:47:17Z,2026-08-28T12:47:42Z,25.0,f2e0b2330932e0c08d2d0de66b5427e3e0f7167c,main,2026-08-28T12:28:02Z,69,32,2,34,2,1,0
github_actions,scikit-learn/scikit-learn,33172490630,65682,pull_request,completed,success,2026-08-28T12:46:42Z,2026-08-28T12:46:42Z,2026-08-28T12:46:51Z,9.0,210f5988d76d19eaadbab8a51cde1415438f9f10,fix-callback-sig-cache,2026-08-28T12:33:30Z,28,12,4,16,2,1,0
github_actions,scikit-learn/scikit-learn,33172490434,15444,pull_request,completed,success,2026-08-28T12:46:42Z,2026-08-28T12:46:42Z,2026-08-28T12:46:54Z,12.0,210f5988d76d19eaadbab8a51cde1415438f9f10,fix-callback-sig-cache,2026-08-28T12:33:30Z,28,12,4,16,2,1,0
github_actions,scikit-learn/scikit-learn,33172490240,69941,pull_request,completed,failure,2026-08-28T12:46:42Z,2026-08-28T12:46:42Z,2026-08-28T12:47:15Z,33.0,210f5988d76d19eaadbab8a51cde1415438f9f10,fix-callback-sig-cache,2026-08-28T12:33:30Z,28,12,4,16,2,1,1
github_actions,scikit-learn/scikit-learn,33172490317,30175,pull_request,completed,success,2026-08-28T12:46:42Z,2026-08-28T12:46:42Z,2026-08-28T12:47:15Z,33.0,210f5988d76d19eaadbab8a51cde1415438f9f10,fix-callback-sig-cache,2026-08-28T12:33:30Z,28,12,4,16,2,1,0
github_actions,scikit-learn/scikit-learn,33172489954,69940,pull_request,completed,failure,2026-08-28T12:46:42Z,2026-08-28T12:46:42Z,2026-08-28T12:47:17Z,35.0,210f5988d76d19eaadbab8a51cde1415438f9f10,fix-callback-sig-cache,2026-08-28T12:33:30Z,28,12,4,16,2,1,1
github_actions,scikit-learn/scikit-learn,33172490389,69942,pull_request,completed,failure,2026-08-28T12:46:42Z,2026-08-28T12:46:42Z,2026-08-28T12:47:18Z,36.0,210f5988d76d19eaadbab8a51cde1415438f9f10,fix-callback-sig-cache,2026-08-28T12:33:30Z,28,12,4,16,2,1,1
github_actions,scikit-learn/scikit-learn,33172490405,25973,pull_request,completed,success,2026-08-28T12:46:42Z,2026-08-28T12:46:42Z,2026-08-28T12:49:08Z,146.0,210f5988d76d19eaadbab8a51cde1415438f9f10,fix-callback-sig-cache,2026-08-28T12:33:30Z,28,12,4,16,2,1,0
github_actions,scikit-learn/scikit-learn,33172488132,27752,pull_request_target,completed,success,2026-08-28T12:46:40Z,2026-08-28T12:46:40Z,2026-08-28T12:46:51Z,11.0,210f5988d76d19eaadbab8a51cde1415438f9f10,fix-callback-sig-cache,2026-08-28T12:33:30Z,28,12,4,16,2,1,0
github_actions,scikit-learn/scikit-learn,33172488093,23028,pull_request_target,completed,success,2026-08-28T12:46:40Z,2026-08-28T12:46:40Z,2026-08-28T12:47:01Z,21.0,210f5988d76d19eaadbab8a51cde1415438f9f10,fix-callback-sig-cache,2026-08-28T12:33:30Z,28,12,4,16,2,1,0
github_actions,scikit-learn/scikit-learn,33172355063,678475,status,completed,success,2026-08-28T12:44:49Z,2026-08-28T12:44:49Z,2026-08-28T12:44:58Z,9.0,f2e0b2330932e0c08d2d0de66b5427e3e0f7167c,main,2026-08-28T12:28:02Z,69,32,2,34,2,1,0
github_actions,scikit-learn/scikit-learn,33172354125,678474,status,completed,success,2026-08-28T12:44:48Z,2026-08-28T12:44:48Z,2026-08-28T12:44:57Z,9.0,f2e0b2330932e0c08d2d0de66b5427e3e0f7167c,main,2026-08-28T12:28:02Z,69,32,2,34,2,1,0
github_actions,scikit-learn/scikit-learn,33172328904,10557,workflow_run,completed,success,2026-08-28T12:44:27Z,2026-08-28T12:44:27Z,2026-08-28T12:44:45Z,18.0,f2e0b2330932e0c08d2d0de66b5427e3e0f7167c,main,2026-08-28T12:28:02Z,69,32,2,34,2,1,0
github_actions,scikit-learn/scikit-learn,33172297058,10556,workflow_run,completed,success,2026-08-28T12:44:00Z,2026-08-28T12:44:00Z,2026-08-28T12:44:15Z,15.0,f2e0b2330932e0c08d2d0de66b5427e3e0f7167c,main,2026-08-28T12:28:02Z,69,32,2,34,2,1,0
github_actions,scikit-learn/scikit-learn,33172295076,65681,pull_request,completed,success,2026-08-28T12:43:58Z,2026-08-28T12:43:58Z,2026-08-28T12:44:09Z,11.0,0d13a388db20e79b2b79e3af1eb28ec6c9e65044,fix-naive-bayes-bug,2026-08-28T12:43:53Z,57,32,2,34,2,1,0
github_actions,scikit-learn/scikit-learn,33172294834,15443,pull_request,completed,success,2026-08-28T12:43:58Z,2026-08-28T12:43:58Z,2026-08-28T12:44:10Z,12.0,0d13a388db20e79b2b79e3af1eb28ec6c9e65044,fix-naive-bayes-bug,2026-08-28T12:43:53Z,57,32,2,34,2,1,0
github_actions,scikit-learn/scikit-learn,33172294643,69939,pull_request,completed,success,2026-08-28T12:43:58Z,2026-08-28T12:43:58Z,2026-08-28T12:44:28Z,30.0,0d13a388db20e79b2b79e3af1eb28ec6c9e65044,fix-naive-bayes-bug,2026-08-28T12:43:53Z,57,32,2,34,2,1,0
github_actions,scikit-learn/scikit-learn,33172294487,30174,pull_request,completed,success,2026-08-28T12:43:58Z,2026-08-28T12:43:58Z,2026-08-28T12:44:25Z,27.0,0d13a388db20e79b2b79e3af1eb28ec6c9e65044,fix-naive-bayes-bug,2026-08-28T12:43:53Z,57,32,2,34,2,1,0
github_actions,scikit-learn/scikit-learn,33172294963,25972,pull_request,completed,success,2026-08-28T12:43:58Z,2026-08-28T12:43:58Z,2026-08-28T12:46:24Z,146.0,0d13a388db20e79b2b79e3af1eb28ec6c9e65044,fix-naive-bayes-bug,2026-08-28T12:43:53Z,57,32,2,34,2,1,0
github_actions,scikit-learn/scikit-learn,33172294718,12127,pull_request,completed,failure,2026-08-28T12:43:58Z,2026-08-28T12:43:58Z,2026-08-28T13:10:21Z,1583.0,0d13a388db20e79b2b79e3af1eb28ec6c9e65044,fix-naive-bayes-bug,2026-08-28T12:43:53Z,57,32,2,34,2,1,1
github_actions,scikit-learn/scikit-learn,33172262783,65680,pull_request,completed,success,2026-08-28T12:43:31Z,2026-08-28T12:43:31Z,2026-08-28T12:43:41Z,10.0,1094dae86d206b25098e95294eecf4cf74a5334f,fix-naive-bayes-bug,2026-08-28T12:43:13Z,27,10,0,10,1,1,0
github_actions,scikit-learn/scikit-learn,33172262644,69938,pull_request,completed,success,2026-08-28T12:43:30Z,2026-08-28T12:43:30Z,2026-08-28T12:43:59Z,29.0,1094dae86d206b25098e95294eecf4cf74a5334f,fix-naive-bayes-bug,2026-08-28T12:43:13Z,27,10,0,10,1,1,0
github_actions,scikit-learn/scikit-learn,33172262704,30173,pull_request,completed,success,2026-08-28T12:43:30Z,2026-08-28T12:43:30Z,2026-08-28T12:43:58Z,28.0,1094dae86d206b25098e95294eecf4cf74a5334f,fix-naive-bayes-bug,2026-08-28T12:43:13Z,27,10,0,10,1,1,0
github_actions,scikit-learn/scikit-learn,33172262692,15442,pull_request,completed,success,2026-08-28T12:43:30Z,2026-08-28T12:43:30Z,2026-08-28T12:43:39Z,9.0,1094dae86d206b25098e95294eecf4cf74a5334f,fix-naive-bayes-bug,2026-08-28T12:43:13Z,27,10,0,10,1,1,0
github_actions,scikit-learn/scikit-learn,33172262646,25971,pull_request,completed,success,2026-08-28T12:43:30Z,2026-08-28T12:43:30Z,2026-08-28T12:45:49Z,139.0,1094dae86d206b25098e95294eecf4cf74a5334f,fix-naive-bayes-bug,2026-08-28T12:43:13Z,27,10,0,10,1,1,0
github_actions,scikit-learn/scikit-learn,33171231282,678462,status,completed,success,2026-08-28T12:28:43Z,2026-08-28T12:28:43Z,2026-08-28T12:28:51Z,8.0,f2e0b2330932e0c08d2d0de66b5427e3e0f7167c,main,2026-08-28T12:28:02Z,69,32,2,34,2,1,0
github_actions,scikit-learn/scikit-learn,33171187834,25970,push,completed,success,2026-08-28T12:28:05Z,2026-08-28T12:28:05Z,2026-08-28T12:32:23Z,258.0,f2e0b2330932e0c08d2d0de66b5427e3e0f7167c,main,2026-08-28T12:28:02Z,69,32,2,34,2,1,0
github_actions,scikit-learn/scikit-learn,33171188051,15441,push,completed,success,2026-08-28T12:28:05Z,2026-08-28T12:28:05Z,2026-08-28T12:28:17Z,12.0,f2e0b2330932e0c08d2d0de66b5427e3e0f7167c,main,2026-08-28T12:28:02Z,69,32,2,34,2,1,0
github_actions,scikit-learn/scikit-learn,33171188267,65679,push,completed,success,2026-08-28T12:28:05Z,2026-08-28T12:28:05Z,2026-08-28T12:28:13Z,8.0,f2e0b2330932e0c08d2d0de66b5427e3e0f7167c,main,2026-08-28T12:28:02Z,69,32,2,34,2,1,0
github_actions,scikit-learn/scikit-learn,33171187884,12125,push,completed,success,2026-08-28T12:28:05Z,2026-08-28T12:28:05Z,2026-08-28T12:58:50Z,1845.0,f2e0b2330932e0c08d2d0de66b5427e3e0f7167c,main,2026-08-28T12:28:02Z,69,32,2,34,2,1,0
github_actions,scikit-learn/scikit-learn,33170528008,678452,status,completed,success,2026-08-28T12:18:09Z,2026-08-28T12:18:09Z,2026-08-28T12:18:19Z,10.0,aab0d04a858ed2d9391b130a764ad23818b5d0a4,main,2026-08-27T14:13:17Z,107,83,2,85,3,1,0
github_actions,scikit-learn/scikit-learn,33170528518,678453,status,completed,success,2026-08-28T12:18:09Z,2026-08-28T12:18:09Z,2026-08-28T12:18:17Z,8.0,aab0d04a858ed2d9391b130a764ad23818b5d0a4,main,2026-08-27T14:13:17Z,107,83,2,85,3,1,0
github_actions,scikit-learn/scikit-learn,33169740522,678448,status,completed,success,2026-08-28T12:06:22Z,2026-08-28T12:06:22Z,2026-08-28T12:06:29Z,7.0,aab0d04a858ed2d9391b130a764ad23818b5d0a4,main,2026-08-27T14:13:17Z,107,83,2,85,3,1,0
github_actions,scikit-learn/scikit-learn,33169740899,678449,status,completed,success,2026-08-28T12:06:22Z,2026-08-28T12:06:22Z,2026-08-28T12:06:32Z,10.0,aab0d04a858ed2d9391b130a764ad23818b5d0a4,main,2026-08-27T14:13:17Z,107,83,2,85,3,1,0
github_actions,scikit-learn/scikit-learn,33169737975,10555,workflow_run,completed,success,2026-08-28T12:06:19Z,2026-08-28T12:06:19Z,2026-08-28T12:06:38Z,19.0,aab0d04a858ed2d9391b130a764ad23818b5d0a4,main,2026-08-27T14:13:17Z,107,83,2,85,3,1,0
github_actions,scikit-learn/scikit-learn,33169698747,12124,pull_request,completed,success,2026-08-28T12:05:46Z,2026-08-28T12:05:46Z,2026-08-28T12:32:58Z,1632.0,0e9ad1772039b01425b423ba097db16774ed4aa5,fix-mutual-info-copy,2026-08-28T12:02:10Z,38,2,1,3,1,1,0
github_actions,scikit-learn/scikit-learn,33169698709,25969,pull_request,completed,success,2026-08-28T12:05:46Z,2026-08-28T12:05:46Z,2026-08-28T12:08:05Z,139.0,0e9ad1772039b01425b423ba097db16774ed4aa5,fix-mutual-info-copy,2026-08-28T12:02:10Z,38,2,1,3,1,1,0
github_actions,scikit-learn/scikit-learn,33169698732,30172,pull_request,completed,success,2026-08-28T12:05:46Z,2026-08-28T12:05:46Z,2026-08-28T12:06:18Z,32.0,0e9ad1772039b01425b423ba097db16774ed4aa5,fix-mutual-info-copy,2026-08-28T12:02:10Z,38,2,1,3,1,1,0
github_actions,scikit-learn/scikit-learn,33169698778,15440,pull_request,completed,success,2026-08-28T12:05:46Z,2026-08-28T12:05:46Z,2026-08-28T12:05:55Z,9.0,0e9ad1772039b01425b423ba097db16774ed4aa5,fix-mutual-info-copy,2026-08-28T12:02:10Z,38,2,1,3,1,1,0
github_actions,scikit-learn/scikit-learn,33169698899,65678,pull_request,completed,success,2026-08-28T12:05:46Z,2026-08-28T12:05:46Z,2026-08-28T12:05:55Z,9.0,0e9ad1772039b01425b423ba097db16774ed4aa5,fix-mutual-info-copy,2026-08-28T12:02:10Z,38,2,1,3,1,1,0
github_actions,scikit-learn/scikit-learn,33169698704,69937,pull_request,completed,success,2026-08-28T12:05:46Z,2026-08-28T12:05:46Z,2026-08-28T12:06:19Z,33.0,0e9ad1772039b01425b423ba097db16774ed4aa5,fix-mutual-info-copy,2026-08-28T12:02:10Z,38,2,1,3,1,1,0
github_actions,scikit-learn/scikit-learn,33169695451,23027,pull_request_target,completed,success,2026-08-28T12:05:43Z,2026-08-28T12:05:43Z,2026-08-28T12:06:06Z,23.0,0e9ad1772039b01425b423ba097db16774ed4aa5,fix-mutual-info-copy,2026-08-28T12:02:10Z,38,2,1,3,1,1,0
github_actions,scikit-learn/scikit-learn,33169695610,27751,pull_request_target,completed,success,2026-08-28T12:05:43Z,2026-08-28T12:05:43Z,2026-08-28T12:05:55Z,12.0,0e9ad1772039b01425b423ba097db16774ed4aa5,fix-mutual-info-copy,2026-08-28T12:02:10Z,38,2,1,3,1,1,0
github_actions,scikit-learn/scikit-learn,33169695573,100,pull_request_target,completed,success,2026-08-28T12:05:43Z,2026-08-28T12:05:43Z,2026-08-28T12:06:00Z,17.0,0e9ad1772039b01425b423ba097db16774ed4aa5,fix-mutual-info-copy,2026-08-28T12:02:10Z,38,2,1,3,1,1,0
github_actions,scikit-learn/scikit-learn,33169301089,678437,status,completed,success,2026-08-28T12:00:06Z,2026-08-28T12:00:06Z,2026-08-28T12:00:14Z,8.0,aab0d04a858ed2d9391b130a764ad23818b5d0a4,main,2026-08-27T14:13:17Z,107,83,2,85,3,1,0
github_actions,scikit-learn/scikit-learn,33169300684,678436,status,completed,success,2026-08-28T12:00:06Z,2026-08-28T12:00:06Z,2026-08-28T12:00:19Z,13.0,aab0d04a858ed2d9391b130a764ad23818b5d0a4,main,2026-08-27T14:13:17Z,107,83,2,85,3,1,0
github_actions,scikit-learn/scikit-learn,33168527527,23026,pull_request_target,completed,success,2026-08-28T11:48:03Z,2026-08-28T11:48:03Z,2026-08-28T11:48:28Z,25.0,1f188f7328d77a70e54545cec83933b69ebfaab0,feat/array-api-class-likelihood-ratios,2026-08-28T10:08:56Z,42,4,8,12,2,1,0
github_actions,scikit-learn/scikit-learn,33168446693,678435,status,completed,success,2026-08-28T11:46:46Z,2026-08-28T11:46:46Z,2026-08-28T11:46:54Z,8.0,aab0d04a858ed2d9391b130a764ad23818b5d0a4,main,2026-08-27T14:13:17Z,107,83,2,85,3,1,0
github_actions,scikit-learn/scikit-learn,33168443493,678432,status,completed,success,2026-08-28T11:46:43Z,2026-08-28T11:46:43Z,2026-08-28T11:46:52Z,9.0,aab0d04a858ed2d9391b130a764ad23818b5d0a4,main,2026-08-27T14:13:17Z,107,83,2,85,3,1,0
github_actions,scikit-learn/scikit-learn,33168433757,10554,workflow_run,completed,success,2026-08-28T11:46:33Z,2026-08-28T11:46:33Z,2026-08-28T11:46:48Z,15.0,aab0d04a858ed2d9391b130a764ad23818b5d0a4,main,2026-08-27T14:13:17Z,107,83,2,85,3,1,0
github_actions,scikit-learn/scikit-learn,33168399651,12123,pull_request,completed,failure,2026-08-28T11:46:02Z,2026-08-28T11:46:02Z,2026-08-28T12:09:30Z,1408.0,607c4c5cb05bd6fa14531391fbdd183e78b4f23f,fix-naive-bayes-bug,2026-08-28T11:45:33Z,27,23,11,34,1,1,1
github_actions,scikit-learn/scikit-learn,33168399659,15439,pull_request,completed,success,2026-08-28T11:46:02Z,2026-08-28T11:46:02Z,2026-08-28T11:46:12Z,10.0,607c4c5cb05bd6fa14531391fbdd183e78b4f23f,fix-naive-bayes-bug,2026-08-28T11:45:33Z,27,23,11,34,1,1,0
github_actions,scikit-learn/scikit-learn,33168399915,65677,pull_request,completed,success,2026-08-28T11:46:02Z,2026-08-28T11:46:02Z,2026-08-28T11:46:15Z,13.0,607c4c5cb05bd6fa14531391fbdd183e78b4f23f,fix-naive-bayes-bug,2026-08-28T11:45:33Z,27,23,11,34,1,1,0
github_actions,scikit-learn/scikit-learn,33168399664,69936,pull_request,completed,success,2026-08-28T11:46:02Z,2026-08-28T11:46:02Z,2026-08-28T11:46:29Z,27.0,607c4c5cb05bd6fa14531391fbdd183e78b4f23f,fix-naive-bayes-bug,2026-08-28T11:45:33Z,27,23,11,34,1,1,0
github_actions,scikit-learn/scikit-learn,33168399646,30171,pull_request,completed,success,2026-08-28T11:46:02Z,2026-08-28T11:46:02Z,2026-08-28T11:46:31Z,29.0,607c4c5cb05bd6fa14531391fbdd183e78b4f23f,fix-naive-bayes-bug,2026-08-28T11:45:33Z,27,23,11,34,1,1,0
github_actions,scikit-learn/scikit-learn,33168399656,25968,pull_request,completed,success,2026-08-28T11:46:02Z,2026-08-28T11:46:02Z,2026-08-28T11:48:16Z,134.0,607c4c5cb05bd6fa14531391fbdd183e78b4f23f,fix-naive-bayes-bug,2026-08-28T11:45:33Z,27,23,11,34,1,1,0
github_actions,scikit-learn/scikit-learn,33165990106,678420,status,completed,success,2026-08-28T11:07:57Z,2026-08-28T11:07:57Z,2026-08-28T11:08:07Z,10.0,aab0d04a858ed2d9391b130a764ad23818b5d0a4,main,2026-08-27T14:13:17Z,107,83,2,85,3,1,0
github_actions,scikit-learn/scikit-learn,33165989351,678419,status,completed,success,2026-08-28T11:07:56Z,2026-08-28T11:07:56Z,2026-08-28T11:08:06Z,10.0,aab0d04a858ed2d9391b130a764ad23818b5d0a4,main,2026-08-27T14:13:17Z,107,83,2,85,3,1,0
github_actions,scikit-learn/scikit-learn,33165263302,678416,status,completed,success,2026-08-28T10:56:35Z,2026-08-28T10:56:35Z,2026-08-28T10:56:42Z,7.0,aab0d04a858ed2d9391b130a764ad23818b5d0a4,main,2026-08-27T14:13:17Z,107,83,2,85,3,1,0
github_actions,scikit-learn/scikit-learn,33165263202,678414,status,completed,success,2026-08-28T10:56:35Z,2026-08-28T10:56:35Z,2026-08-28T10:56:43Z,8.0,aab0d04a858ed2d9391b130a764ad23818b5d0a4,main,2026-08-27T14:13:17Z,107,83,2,85,3,1,0
github_actions,scikit-learn/scikit-learn,33165255836,10553,workflow_run,completed,success,2026-08-28T10:56:28Z,2026-08-28T10:56:28Z,2026-08-28T10:56:44Z,16.0,aab0d04a858ed2d9391b130a764ad23818b5d0a4,main,2026-08-27T14:13:17Z,107,83,2,85,3,1,0
github_actions,scikit-learn/scikit-learn,33165223074,65676,pull_request,completed,success,2026-08-28T10:55:56Z,2026-08-28T10:55:56Z,2026-08-28T10:56:07Z,11.0,8273e3f527f4aff6d257b8beb4a784ee9c06abb7,fix-naive-bayes-bug,2026-08-28T10:55:40Z,43,23,9,32,1,1,0
github_actions,scikit-learn/scikit-learn,33165222927,15438,pull_request,completed,success,2026-08-28T10:55:55Z,2026-08-28T10:55:55Z,2026-08-28T10:56:04Z,9.0,8273e3f527f4aff6d257b8beb4a784ee9c06abb7,fix-naive-bayes-bug,2026-08-28T10:55:40Z,43,23,9,32,1,1,0
github_actions,scikit-learn/scikit-learn,33165222884,69935,pull_request,completed,success,2026-08-28T10:55:55Z,2026-08-28T10:55:55Z,2026-08-28T10:56:27Z,32.0,8273e3f527f4aff6d257b8beb4a784ee9c06abb7,fix-naive-bayes-bug,2026-08-28T10:55:40Z,43,23,9,32,1,1,0
github_actions,scikit-learn/scikit-learn,33165222890,30170,pull_request,completed,success,2026-08-28T10:55:55Z,2026-08-28T10:55:55Z,2026-08-28T10:56:25Z,30.0,8273e3f527f4aff6d257b8beb4a784ee9c06abb7,fix-naive-bayes-bug,2026-08-28T10:55:40Z,43,23,9,32,1,1,0
github_actions,scikit-learn/scikit-learn,33165222891,25967,pull_request,completed,success,2026-08-28T10:55:55Z,2026-08-28T10:55:55Z,2026-08-28T10:57:47Z,112.0,8273e3f527f4aff6d257b8beb4a784ee9c06abb7,fix-naive-bayes-bug,2026-08-28T10:55:40Z,43,23,9,32,1,1,0
github_actions,scikit-learn/scikit-learn,33165222892,12122,pull_request,completed,failure,2026-08-28T10:55:55Z,2026-08-28T10:55:55Z,2026-08-28T11:25:04Z,1749.0,8273e3f527f4aff6d257b8beb4a784ee9c06abb7,fix-naive-bayes-bug,2026-08-28T10:55:40Z,43,23,9,32,1,1,1
github_actions,scikit-learn/scikit-learn,33163522396,678403,status,completed,success,2026-08-28T10:29:05Z,2026-08-28T10:29:05Z,2026-08-28T10:29:16Z,11.0,aab0d04a858ed2d9391b130a764ad23818b5d0a4,main,2026-08-27T14:13:17Z,107,83,2,85,3,1,0
github_actions,scikit-learn/scikit-learn,33163522530,678404,status,completed,success,2026-08-28T10:29:05Z,2026-08-28T10:29:05Z,2026-08-28T10:29:17Z,12.0,aab0d04a858ed2d9391b130a764ad23818b5d0a4,main,2026-08-27T14:13:17Z,107,83,2,85,3,1,0
github_actions,scikit-learn/scikit-learn,33162847763,678401,status,completed,success,2026-08-28T10:18:22Z,2026-08-28T10:18:22Z,2026-08-28T10:18:30Z,8.0,aab0d04a858ed2d9391b130a764ad23818b5d0a4,main,2026-08-27T14:13:17Z,107,83,2,85,3,1,0
github_actions,scikit-learn/scikit-learn,33162847542,678399,status,completed,success,2026-08-28T10:18:22Z,2026-08-28T10:18:22Z,2026-08-28T10:18:46Z,24.0,aab0d04a858ed2d9391b130a764ad23818b5d0a4,main,2026-08-27T14:13:17Z,107,83,2,85,3,1,0
github_actions,scikit-learn/scikit-learn,33162846077,10552,workflow_run,completed,success,2026-08-28T10:18:20Z,2026-08-28T10:18:20Z,2026-08-28T10:18:35Z,15.0,aab0d04a858ed2d9391b130a764ad23818b5d0a4,main,2026-08-27T14:13:17Z,107,83,2,85,3,1,0
github_actions,scikit-learn/scikit-learn,33162806940,65675,pull_request,completed,success,2026-08-28T10:17:43Z,2026-08-28T10:17:43Z,2026-08-28T10:17:51Z,8.0,1f188f7328d77a70e54545cec83933b69ebfaab0,feat/array-api-class-likelihood-ratios,2026-08-28T10:08:56Z,42,4,8,12,2,1,0
github_actions,scikit-learn/scikit-learn,33162806793,15437,pull_request,completed,success,2026-08-28T10:17:43Z,2026-08-28T10:17:43Z,2026-08-28T10:17:55Z,12.0,1f188f7328d77a70e54545cec83933b69ebfaab0,feat/array-api-class-likelihood-ratios,2026-08-28T10:08:56Z,42,4,8,12,2,1,0
github_actions,scikit-learn/scikit-learn,33162806788,69934,pull_request,completed,success,2026-08-28T10:17:43Z,2026-08-28T10:17:43Z,2026-08-28T10:18:10Z,27.0,1f188f7328d77a70e54545cec83933b69ebfaab0,feat/array-api-class-likelihood-ratios,2026-08-28T10:08:56Z,42,4,8,12,2,1,0
github_actions,scikit-learn/scikit-learn,33162806785,30169,pull_request,completed,success,2026-08-28T10:17:43Z,2026-08-28T10:17:43Z,2026-08-28T10:18:18Z,35.0,1f188f7328d77a70e54545cec83933b69ebfaab0,feat/array-api-class-likelihood-ratios,2026-08-28T10:08:56Z,42,4,8,12,2,1,0
github_actions,scikit-learn/scikit-learn,33162806790,25966,pull_request,completed,success,2026-08-28T10:17:43Z,2026-08-28T10:17:43Z,2026-08-28T10:20:07Z,144.0,1f188f7328d77a70e54545cec83933b69ebfaab0,feat/array-api-class-likelihood-ratios,2026-08-28T10:08:56Z,42,4,8,12,2,1,0
github_actions,scikit-learn/scikit-learn,33162806894,12121,pull_request,completed,success,2026-08-28T10:17:43Z,2026-08-28T10:17:43Z,2026-08-28T10:41:45Z,1442.0,1f188f7328d77a70e54545cec83933b69ebfaab0,feat/array-api-class-likelihood-ratios,2026-08-28T10:08:56Z,42,4,8,12,2,1,0
github_actions,scikit-learn/scikit-learn,33161905074,678387,status,completed,success,2026-08-28T10:03:53Z,2026-08-28T10:03:53Z,2026-08-28T10:04:03Z,10.0,aab0d04a858ed2d9391b130a764ad23818b5d0a4,main,2026-08-27T14:13:17Z,107,83,2,85,3,1,0
github_actions,scikit-learn/scikit-learn,33161905198,678388,status,completed,success,2026-08-28T10:03:53Z,2026-08-28T10:03:53Z,2026-08-28T10:04:01Z,8.0,aab0d04a858ed2d9391b130a764ad23818b5d0a4,main,2026-08-27T14:13:17Z,107,83,2,85,3,1,0
github_actions,scikit-learn/scikit-learn,33161141925,678380,status,completed,success,2026-08-28T09:52:28Z,2026-08-28T09:52:28Z,2026-08-28T09:52:39Z,11.0,aab0d04a858ed2d9391b130a764ad23818b5d0a4,main,2026-08-27T14:13:17Z,107,83,2,85,3,1,0
github_actions,scikit-learn/scikit-learn,33161140892,678379,status,completed,success,2026-08-28T09:52:27Z,2026-08-28T09:52:27Z,2026-08-28T09:52:38Z,11.0,aab0d04a858ed2d9391b130a764ad23818b5d0a4,main,2026-08-27T14:13:17Z,107,83,2,85,3,1,0
github_actions,scikit-learn/scikit-learn,33161012328,10551,workflow_run,completed,success,2026-08-28T09:50:29Z,2026-08-28T09:50:29Z,2026-08-28T09:50:46Z,17.0,aab0d04a858ed2d9391b130a764ad23818b5d0a4,main,2026-08-27T14:13:17Z,107,83,2,85,3,1,0
github_actions,scikit-learn/scikit-learn,33161009752,678377,status,completed,success,2026-08-28T09:50:27Z,2026-08-28T09:50:27Z,2026-08-28T09:50:34Z,7.0,aab0d04a858ed2d9391b130a764ad23818b5d0a4,main,2026-08-27T14:13:17Z,107,83,2,85,3,1,0
github_actions,scikit-learn/scikit-learn,33161008742,678375,status,completed,success,2026-08-28T09:50:26Z,2026-08-28T09:50:26Z,2026-08-28T09:50:36Z,10.0,aab0d04a858ed2d9391b130a764ad23818b5d0a4,main,2026-08-27T14:13:17Z,107,83,2,85,3,1,0
github_actions,scikit-learn/scikit-learn,33160965563,12120,pull_request,completed,success,2026-08-28T09:49:50Z,2026-08-28T09:49:50Z,2026-08-28T10:14:03Z,1453.0,79a927382b4f850ce29f6a6762066f22ca117fe7,fix/label-propagation-zero-affinity,2026-08-28T09:50:16Z,40,5,0,5,1,1,0
github_actions,scikit-learn/scikit-learn,33160965570,15436,pull_request,completed,success,2026-08-28T09:49:50Z,2026-08-28T09:49:50Z,2026-08-28T09:49:58Z,8.0,79a927382b4f850ce29f6a6762066f22ca117fe7,fix/label-propagation-zero-affinity,2026-08-28T09:50:16Z,40,5,0,5,1,1,0
github_actions,scikit-learn/scikit-learn,33160965716,65674,pull_request,completed,success,2026-08-28T09:49:50Z,2026-08-28T09:49:50Z,2026-08-28T09:49:59Z,9.0,79a927382b4f850ce29f6a6762066f22ca117fe7,fix/label-propagation-zero-affinity,2026-08-28T09:50:16Z,40,5,0,5,1,1,0
github_actions,scikit-learn/scikit-learn,33160965582,69933,pull_request,completed,success,2026-08-28T09:49:50Z,2026-08-28T09:49:50Z,2026-08-28T09:50:26Z,36.0,79a927382b4f850ce29f6a6762066f22ca117fe7,fix/label-propagation-zero-affinity,2026-08-28T09:50:16Z,40,5,0,5,1,1,0
github_actions,scikit-learn/scikit-learn,33160965564,30168,pull_request,completed,success,2026-08-28T09:49:50Z,2026-08-28T09:49:50Z,2026-08-28T09:50:28Z,38.0,79a927382b4f850ce29f6a6762066f22ca117fe7,fix/label-propagation-zero-affinity,2026-08-28T09:50:16Z,40,5,0,5,1,1,0
github_actions,scikit-learn/scikit-learn,33160965581,25965,pull_request,completed,success,2026-08-28T09:49:50Z,2026-08-28T09:49:50Z,2026-08-28T09:52:18Z,148.0,79a927382b4f850ce29f6a6762066f22ca117fe7,fix/label-propagation-zero-affinity,2026-08-28T09:50:16Z,40,5,0,5,1,1,0
github_actions,scikit-learn/scikit-learn,33160939850,27750,pull_request_target,completed,success,2026-08-28T09:49:26Z,2026-08-28T09:49:26Z,2026-08-28T09:49:38Z,12.0,3ad0823afa833263120207b441a82c7cdacb2848,fix/label-propagation-zero-affinity,2026-08-28T09:20:50Z,52,33,10,43,2,1,0
github_actions,scikit-learn/scikit-learn,33160939759,15435,pull_request,completed,success,2026-08-28T09:49:26Z,2026-08-28T09:49:26Z,2026-08-28T09:49:35Z,9.0,3ad0823afa833263120207b441a82c7cdacb2848,fix/label-propagation-zero-affinity,2026-08-28T09:20:50Z,52,33,10,43,2,1,0
github_actions,scikit-learn/scikit-learn,33160940010,65673,pull_request,completed,success,2026-08-28T09:49:26Z,2026-08-28T09:49:26Z,2026-08-28T09:49:35Z,9.0,3ad0823afa833263120207b441a82c7cdacb2848,fix/label-propagation-zero-affinity,2026-08-28T09:20:50Z,52,33,10,43,2,1,0
github_actions,scikit-learn/scikit-learn,33160939939,23025,pull_request_target,completed,success,2026-08-28T09:49:26Z,2026-08-28T09:49:26Z,2026-08-28T09:49:53Z,27.0,3ad0823afa833263120207b441a82c7cdacb2848,fix/label-propagation-zero-affinity,2026-08-28T09:20:50Z,52,33,10,43,2,1,0
github_actions,scikit-learn/scikit-learn,33160939836,99,pull_request_target,completed,success,2026-08-28T09:49:26Z,2026-08-28T09:49:26Z,2026-08-28T09:49:46Z,20.0,3ad0823afa833263120207b441a82c7cdacb2848,fix/label-propagation-zero-affinity,2026-08-28T09:20:50Z,52,33,10,43,2,1,0
github_actions,scikit-learn/scikit-learn,33160939679,69932,pull_request,completed,success,2026-08-28T09:49:26Z,2026-08-28T09:49:26Z,2026-08-28T09:49:57Z,31.0,3ad0823afa833263120207b441a82c7cdacb2848,fix/label-propagation-zero-affinity,2026-08-28T09:20:50Z,52,33,10,43,2,1,0
github_actions,scikit-learn/scikit-learn,33160939744,25964,pull_request,completed,success,2026-08-28T09:49:26Z,2026-08-28T09:49:26Z,2026-08-28T09:51:50Z,144.0,3ad0823afa833263120207b441a82c7cdacb2848,fix/label-propagation-zero-affinity,2026-08-28T09:20:50Z,52,33,10,43,2,1,0
github_actions,scikit-learn/scikit-learn,33160357503,678366,status,completed,success,2026-08-28T09:40:49Z,2026-08-28T09:40:49Z,2026-08-28T09:40:59Z,10.0,aab0d04a858ed2d9391b130a764ad23818b5d0a4,main,2026-08-27T14:13:17Z,107,83,2,85,3,1,0
github_actions,scikit-learn/scikit-learn,33160355568,678365,status,completed,success,2026-08-28T09:40:47Z,2026-08-28T09:40:47Z,2026-08-28T09:40:55Z,8.0,aab0d04a858ed2d9391b130a764ad23818b5d0a4,main,2026-08-27T14:13:17Z,107,83,2,85,3,1,0
github_actions,scikit-learn/scikit-learn,33160353165,10549,workflow_run,completed,success,2026-08-28T09:40:45Z,2026-08-28T09:40:45Z,2026-08-28T09:41:02Z,17.0,aab0d04a858ed2d9391b130a764ad23818b5d0a4,main,2026-08-27T14:13:17Z,107,83,2,85,3,1,0
github_actions,scikit-learn/scikit-learn,33160319239,678360,status,completed,success,2026-08-28T09:40:15Z,2026-08-28T09:40:15Z,2026-08-28T09:40:23Z,8.0,aab0d04a858ed2d9391b130a764ad23818b5d0a4,main,2026-08-27T14:13:17Z,107,83,2,85,3,1,0
github_actions,scikit-learn/scikit-learn,33160318873,678359,status,completed,success,2026-08-28T09:40:15Z,2026-08-28T09:40:15Z,2026-08-28T09:40:23Z,8.0,aab0d04a858ed2d9391b130a764ad23818b5d0a4,main,2026-08-27T14:13:17Z,107,83,2,85,3,1,0
github_actions,scikit-learn/scikit-learn,33160313725,12118,pull_request,completed,failure,2026-08-28T09:40:11Z,2026-08-28T09:40:11Z,2026-08-28T10:05:08Z,1497.0,9df48a36c45f9f5ee2d0bb2afb737c44c549b904,fix-naive-bayes-bug,2026-08-28T09:40:05Z,57,171,2,173,6,1,1
github_actions,scikit-learn/scikit-learn,33160314053,65672,pull_request,completed,success,2026-08-28T09:40:11Z,2026-08-28T09:40:11Z,2026-08-28T09:40:22Z,11.0,9df48a36c45f9f5ee2d0bb2afb737c44c549b904,fix-naive-bayes-bug,2026-08-28T09:40:05Z,57,171,2,173,6,1,0
github_actions,scikit-learn/scikit-learn,33160313766,69931,pull_request,completed,success,2026-08-28T09:40:11Z,2026-08-28T09:40:11Z,2026-08-28T09:40:40Z,29.0,9df48a36c45f9f5ee2d0bb2afb737c44c549b904,fix-naive-bayes-bug,2026-08-28T09:40:05Z,57,171,2,173,6,1,0
github_actions,scikit-learn/scikit-learn,33160313727,15434,pull_request,completed,success,2026-08-28T09:40:11Z,2026-08-28T09:40:11Z,2026-08-28T09:40:21Z,10.0,9df48a36c45f9f5ee2d0bb2afb737c44c549b904,fix-naive-bayes-bug,2026-08-28T09:40:05Z,57,171,2,173,6,1,0
github_actions,scikit-learn/scikit-learn,33160313808,30166,pull_request,completed,success,2026-08-28T09:40:11Z,2026-08-28T09:40:11Z,2026-08-28T09:40:43Z,32.0,9df48a36c45f9f5ee2d0bb2afb737c44c549b904,fix-naive-bayes-bug,2026-08-28T09:40:05Z,57,171,2,173,6,1,0
github_actions,scikit-learn/scikit-learn,33160313716,25963,pull_request,completed,success,2026-08-28T09:40:11Z,2026-08-28T09:40:11Z,2026-08-28T09:42:33Z,142.0,9df48a36c45f9f5ee2d0bb2afb737c44c549b904,fix-naive-bayes-bug,2026-08-28T09:40:05Z,57,171,2,173,6,1,0
github_actions,scikit-learn/scikit-learn,33159851313,678354,status,completed,success,2026-08-28T09:33:22Z,2026-08-28T09:33:22Z,2026-08-28T09:33:31Z,9.0,aab0d04a858ed2d9391b130a764ad23818b5d0a4,main,2026-08-27T14:13:17Z,107,83,2,85,3,1,0
github_actions,scikit-learn/scikit-learn,33159849016,678351,status,completed,success,2026-08-28T09:33:20Z,2026-08-28T09:33:20Z,2026-08-28T09:33:28Z,8.0,aab0d04a858ed2d9391b130a764ad23818b5d0a4,main,2026-08-27T14:13:17Z,107,83,2,85,3,1,0
github_actions,scikit-learn/scikit-learn,33159833889,10548,workflow_run,completed,success,2026-08-28T09:33:06Z,2026-08-28T09:33:06Z,2026-08-28T09:33:26Z,20.0,aab0d04a858ed2d9391b130a764ad23818b5d0a4,main,2026-08-27T14:13:17Z,107,83,2,85,3,1,0
github_actions,scikit-learn/scikit-learn,33159800186,65671,pull_request,completed,success,2026-08-28T09:32:37Z,2026-08-28T09:32:37Z,2026-08-28T09:32:46Z,9.0,fd01d01f3d7111e349aaed4e2513c69c7c939d77,fix-naive-bayes-bug,2026-08-28T09:32:21Z,27,88,92,180,1,1,0
github_actions,scikit-learn/scikit-learn,33159799938,15433,pull_request,completed,success,2026-08-28T09:32:36Z,2026-08-28T09:32:36Z,2026-08-28T09:32:45Z,9.0,fd01d01f3d7111e349aaed4e2513c69c7c939d77,fix-naive-bayes-bug,2026-08-28T09:32:21Z,27,88,92,180,1,1,0
github_actions,scikit-learn/scikit-learn,33159799964,69930,pull_request,completed,success,2026-08-28T09:32:36Z,2026-08-28T09:32:36Z,2026-08-28T09:33:04Z,28.0,fd01d01f3d7111e349aaed4e2513c69c7c939d77,fix-naive-bayes-bug,2026-08-28T09:32:21Z,27,88,92,180,1,1,0
github_actions,scikit-learn/scikit-learn,33159799857,30165,pull_request,completed,success,2026-08-28T09:32:36Z,2026-08-28T09:32:36Z,2026-08-28T09:33:05Z,29.0,fd01d01f3d7111e349aaed4e2513c69c7c939d77,fix-naive-bayes-bug,2026-08-28T09:32:21Z,27,88,92,180,1,1,0
github_actions,scikit-learn/scikit-learn,33159799983,25962,pull_request,completed,success,2026-08-28T09:32:36Z,2026-08-28T09:32:36Z,2026-08-28T09:35:00Z,144.0,fd01d01f3d7111e349aaed4e2513c69c7c939d77,fix-naive-bayes-bug,2026-08-28T09:32:21Z,27,88,92,180,1,1,0
github_actions,scikit-learn/scikit-learn,33158337562,69928,pull_request,completed,success,2026-08-28T09:11:26Z,2026-08-28T09:11:26Z,2026-08-28T09:11:58Z,32.0,3040072c5a1765c258e30c060de6160e03e5558b,mnt-cumsum-confusion-matrix-unweighted-34813,2026-08-27T18:38:52Z,69,239,19,258,10,1,0
github_actions,scikit-learn/scikit-learn,33158337677,69929,pull_request,completed,success,2026-08-28T09:11:26Z,2026-08-28T09:11:26Z,2026-08-28T09:11:54Z,28.0,3040072c5a1765c258e30c060de6160e03e5558b,mnt-cumsum-confusion-matrix-unweighted-34813,2026-08-27T18:38:52Z,69,239,19,258,10,1,0
github_actions,scikit-learn/scikit-learn,33157266322,10547,workflow_run,completed,success,2026-08-28T08:55:32Z,2026-08-28T08:55:32Z,2026-08-28T08:55:48Z,16.0,aab0d04a858ed2d9391b130a764ad23818b5d0a4,main,2026-08-27T14:13:17Z,107,83,2,85,3,1,0
github_actions,scikit-learn/scikit-learn,33157223496,25961,pull_request,completed,success,2026-08-28T08:54:56Z,2026-08-28T08:54:56Z,2026-08-28T08:57:27Z,151.0,355d062d9e118135cf5456d10bd030431eb4f462,fix-naive-bayes-bug,2026-08-28T08:54:44Z,21,4,3,7,1,1,0
github_actions,scikit-learn/scikit-learn,33157223691,65670,pull_request,completed,success,2026-08-28T08:54:56Z,2026-08-28T08:54:56Z,2026-08-28T08:55:07Z,11.0,355d062d9e118135cf5456d10bd030431eb4f462,fix-naive-bayes-bug,2026-08-28T08:54:44Z,21,4,3,7,1,1,0
github_actions,scikit-learn/scikit-learn,33157223484,15432,pull_request,completed,success,2026-08-28T08:54:56Z,2026-08-28T08:54:56Z,2026-08-28T08:55:07Z,11.0,355d062d9e118135cf5456d10bd030431eb4f462,fix-naive-bayes-bug,2026-08-28T08:54:44Z,21,4,3,7,1,1,0
github_actions,scikit-learn/scikit-learn,33157223414,12116,pull_request,completed,failure,2026-08-28T08:54:56Z,2026-08-28T08:54:56Z,2026-08-28T08:55:35Z,39.0,355d062d9e118135cf5456d10bd030431eb4f462,fix-naive-bayes-bug,2026-08-28T08:54:44Z,21,4,3,7,1,1,1
github_actions,scikit-learn/scikit-learn,33157223535,30164,pull_request,completed,success,2026-08-28T08:54:56Z,2026-08-28T08:54:56Z,2026-08-28T08:55:30Z,34.0,355d062d9e118135cf5456d10bd030431eb4f462,fix-naive-bayes-bug,2026-08-28T08:54:44Z,21,4,3,7,1,1,0
github_actions,scikit-learn/scikit-learn,33157223508,69927,pull_request,completed,success,2026-08-28T08:54:56Z,2026-08-28T08:54:56Z,2026-08-28T08:55:29Z,33.0,355d062d9e118135cf5456d10bd030431eb4f462,fix-naive-bayes-bug,2026-08-28T08:54:44Z,21,4,3,7,1,1,0
github_actions,scikit-learn/scikit-learn,33156942389,10546,workflow_run,completed,success,2026-08-28T08:50:37Z,2026-08-28T08:50:37Z,2026-08-28T08:50:59Z,22.0,aab0d04a858ed2d9391b130a764ad23818b5d0a4,main,2026-08-27T14:13:17Z,107,83,2,85,3,1,0
github_actions,scikit-learn/scikit-learn,33156898295,25960,pull_request,completed,success,2026-08-28T08:50:00Z,2026-08-28T08:50:00Z,2026-08-28T08:52:26Z,146.0,2646df53e129da4031f41df3bd9ed6b355edebe5,fix-naive-bayes-bug,2026-08-28T08:49:49Z,21,3,1,4,1,1,0
github_actions,scikit-learn/scikit-learn,33156898291,15431,pull_request,completed,success,2026-08-28T08:50:00Z,2026-08-28T08:50:00Z,2026-08-28T08:50:11Z,11.0,2646df53e129da4031f41df3bd9ed6b355edebe5,fix-naive-bayes-bug,2026-08-28T08:49:49Z,21,3,1,4,1,1,0
github_actions,scikit-learn/scikit-learn,33156898398,65669,pull_request,completed,success,2026-08-28T08:50:00Z,2026-08-28T08:50:00Z,2026-08-28T08:50:08Z,8.0,2646df53e129da4031f41df3bd9ed6b355edebe5,fix-naive-bayes-bug,2026-08-28T08:49:49Z,21,3,1,4,1,1,0
github_actions,scikit-learn/scikit-learn,33156898269,30163,pull_request,completed,success,2026-08-28T08:50:00Z,2026-08-28T08:50:00Z,2026-08-28T08:50:35Z,35.0,2646df53e129da4031f41df3bd9ed6b355edebe5,fix-naive-bayes-bug,2026-08-28T08:49:49Z,21,3,1,4,1,1,0
github_actions,fastapi/fastapi,33171420323,53271,issue_comment,completed,success,2026-08-28T12:31:30Z,2026-08-28T12:31:30Z,2026-08-28T12:31:50Z,20.0,49033471594ea5d99a80abdf1043231b7791ee49,master,2026-08-26T17:53:57Z,33,1,0,1,1,1,0
github_actions,fastapi/fastapi,33171420302,11651,pull_request_target,completed,success,2026-08-28T12:31:30Z,2026-08-28T12:31:30Z,2026-08-28T12:31:53Z,23.0,6444a9f58f3593ad984a1cbfbacda1212fbc485d,maintenance/gha-check-v1.3.0,2026-08-28T11:10:44Z,75,1,1,2,1,1,0
github_actions,fastapi/fastapi,33166638786,19727,workflow_run,completed,success,2026-08-28T11:18:17Z,2026-08-28T11:18:17Z,2026-08-28T11:19:14Z,57.0,49033471594ea5d99a80abdf1043231b7791ee49,master,2026-08-26T17:53:57Z,33,1,0,1,1,1,0
github_actions,fastapi/fastapi,33166521157,53270,issue_comment,completed,success,2026-08-28T11:16:20Z,2026-08-28T11:16:20Z,2026-08-28T11:16:42Z,22.0,49033471594ea5d99a80abdf1043231b7791ee49,master,2026-08-26T17:53:57Z,33,1,0,1,1,1,0
github_actions,fastapi/fastapi,33166337039,18433,workflow_run,completed,success,2026-08-28T11:13:28Z,2026-08-28T11:13:28Z,2026-08-28T11:13:59Z,31.0,49033471594ea5d99a80abdf1043231b7791ee49,master,2026-08-26T17:53:57Z,33,1,0,1,1,1,0
github_actions,fastapi/fastapi,33166306088,11650,pull_request_target,completed,success,2026-08-28T11:12:59Z,2026-08-28T11:12:59Z,2026-08-28T11:13:29Z,30.0,6444a9f58f3593ad984a1cbfbacda1212fbc485d,maintenance/gha-check-v1.3.0,2026-08-28T11:10:44Z,75,1,1,2,1,1,0
github_actions,fastapi/fastapi,33166306042,53269,pull_request_target,completed,success,2026-08-28T11:12:58Z,2026-08-28T11:12:58Z,2026-08-28T11:13:19Z,21.0,6444a9f58f3593ad984a1cbfbacda1212fbc485d,maintenance/gha-check-v1.3.0,2026-08-28T11:10:44Z,75,1,1,2,1,1,0
github_actions,fastapi/fastapi,33166305531,606,pull_request,completed,success,2026-08-28T11:12:58Z,2026-08-28T11:12:58Z,2026-08-28T11:13:19Z,21.0,6444a9f58f3593ad984a1cbfbacda1212fbc485d,maintenance/gha-check-v1.3.0,2026-08-28T11:10:44Z,75,1,1,2,1,1,0
github_actions,fastapi/fastapi,33166305556,25394,pull_request,completed,success,2026-08-28T11:12:58Z,2026-08-28T11:12:58Z,2026-08-28T11:13:26Z,28.0,6444a9f58f3593ad984a1cbfbacda1212fbc485d,maintenance/gha-check-v1.3.0,2026-08-28T11:10:44Z,75,1,1,2,1,1,0
github_actions,fastapi/fastapi,33166305514,3593,pull_request,completed,success,2026-08-28T11:12:58Z,2026-08-28T11:12:58Z,2026-08-28T11:13:58Z,60.0,6444a9f58f3593ad984a1cbfbacda1212fbc485d,maintenance/gha-check-v1.3.0,2026-08-28T11:10:44Z,75,1,1,2,1,1,0
github_actions,fastapi/fastapi,33166305548,12653,pull_request,completed,success,2026-08-28T11:12:58Z,2026-08-28T11:12:58Z,2026-08-28T11:14:06Z,68.0,6444a9f58f3593ad984a1cbfbacda1212fbc485d,maintenance/gha-check-v1.3.0,2026-08-28T11:10:44Z,75,1,1,2,1,1,0
github_actions,fastapi/fastapi,33166305525,25490,pull_request,completed,success,2026-08-28T11:12:58Z,2026-08-28T11:12:58Z,2026-08-28T11:18:15Z,317.0,6444a9f58f3593ad984a1cbfbacda1212fbc485d,maintenance/gha-check-v1.3.0,2026-08-28T11:10:44Z,75,1,1,2,1,1,0
github_actions,fastapi/fastapi,33166303397,9507,pull_request_target,completed,success,2026-08-28T11:12:56Z,2026-08-28T11:12:56Z,2026-08-28T11:13:04Z,8.0,6444a9f58f3593ad984a1cbfbacda1212fbc485d,maintenance/gha-check-v1.3.0,2026-08-28T11:10:44Z,75,1,1,2,1,1,0
github_actions,fastapi/fastapi,33162941580,53268,issue_comment,completed,success,2026-08-28T10:19:51Z,2026-08-28T10:19:51Z,2026-08-28T10:20:14Z,23.0,49033471594ea5d99a80abdf1043231b7791ee49,master,2026-08-26T17:53:57Z,33,1,0,1,1,1,0
github_actions,fastapi/fastapi,33162941518,11649,pull_request_target,completed,success,2026-08-28T10:19:51Z,2026-08-28T10:19:51Z,2026-08-28T10:20:19Z,28.0,a173d6163b139de68083e667da273d41677a7ce1,fix-openapi-spec-anchor-link,2026-08-28T08:46:51Z,81,1,1,2,1,1,0
github_actions,fastapi/fastapi,33157074331,19726,workflow_run,completed,success,2026-08-28T08:52:39Z,2026-08-28T08:52:39Z,2026-08-28T08:53:40Z,61.0,49033471594ea5d99a80abdf1043231b7791ee49,master,2026-08-26T17:53:57Z,33,1,0,1,1,1,0
github_actions,fastapi/fastapi,33156985443,53267,issue_comment,completed,success,2026-08-28T08:51:17Z,2026-08-28T08:51:17Z,2026-08-28T08:51:49Z,32.0,49033471594ea5d99a80abdf1043231b7791ee49,master,2026-08-26T17:53:57Z,33,1,0,1,1,1,0
github_actions,fastapi/fastapi,33156961940,53266,issue_comment,completed,success,2026-08-28T08:50:55Z,2026-08-28T08:50:55Z,2026-08-28T08:51:16Z,21.0,49033471594ea5d99a80abdf1043231b7791ee49,master,2026-08-26T17:53:57Z,33,1,0,1,1,1,0
github_actions,fastapi/fastapi,33156934259,18432,workflow_run,completed,success,2026-08-28T08:50:30Z,2026-08-28T08:50:30Z,2026-08-28T08:51:30Z,60.0,49033471594ea5d99a80abdf1043231b7791ee49,master,2026-08-26T17:53:57Z,33,1,0,1,1,1,0
github_actions,fastapi/fastapi,33156783381,9506,pull_request_target,completed,success,2026-08-28T08:48:11Z,2026-08-28T08:48:11Z,2026-08-28T08:48:18Z,7.0,a173d6163b139de68083e667da273d41677a7ce1,fix-openapi-spec-anchor-link,2026-08-28T08:46:51Z,81,1,1,2,1,1,0
github_actions,fastapi/fastapi,33156783341,605,pull_request,completed,success,2026-08-28T08:48:11Z,2026-08-28T08:48:11Z,2026-08-28T08:48:39Z,28.0,a173d6163b139de68083e667da273d41677a7ce1,fix-openapi-spec-anchor-link,2026-08-28T08:46:51Z,81,1,1,2,1,1,0
github_actions,fastapi/fastapi,33156783329,12652,pull_request,completed,success,2026-08-28T08:48:11Z,2026-08-28T08:48:11Z,2026-08-28T08:49:34Z,83.0,a173d6163b139de68083e667da273d41677a7ce1,fix-openapi-spec-anchor-link,2026-08-28T08:46:51Z,81,1,1,2,1,1,0
github_actions,fastapi/fastapi,33156783339,3592,pull_request,completed,success,2026-08-28T08:48:11Z,2026-08-28T08:48:11Z,2026-08-28T08:49:49Z,98.0,a173d6163b139de68083e667da273d41677a7ce1,fix-openapi-spec-anchor-link,2026-08-28T08:46:51Z,81,1,1,2,1,1,0
github_actions,fastapi/fastapi,33156783330,25393,pull_request,completed,success,2026-08-28T08:48:11Z,2026-08-28T08:48:11Z,2026-08-28T08:50:28Z,137.0,a173d6163b139de68083e667da273d41677a7ce1,fix-openapi-spec-anchor-link,2026-08-28T08:46:51Z,81,1,1,2,1,1,0
github_actions,fastapi/fastapi,33156783343,25489,pull_request,completed,success,2026-08-28T08:48:11Z,2026-08-28T08:48:11Z,2026-08-28T08:52:37Z,266.0,a173d6163b139de68083e667da273d41677a7ce1,fix-openapi-spec-anchor-link,2026-08-28T08:46:51Z,81,1,1,2,1,1,0
github_actions,fastapi/fastapi,33155810138,19725,workflow_run,completed,success,2026-08-28T08:33:22Z,2026-08-28T08:33:22Z,2026-08-28T08:34:23Z,61.0,49033471594ea5d99a80abdf1043231b7791ee49,master,2026-08-26T17:53:57Z,33,1,0,1,1,1,0
github_actions,fastapi/fastapi,33155673772,53265,issue_comment,completed,success,2026-08-28T08:31:17Z,2026-08-28T08:31:17Z,2026-08-28T08:31:49Z,32.0,49033471594ea5d99a80abdf1043231b7791ee49,master,2026-08-26T17:53:57Z,33,1,0,1,1,1,0
github_actions,fastapi/fastapi,33155497689,18431,workflow_run,completed,success,2026-08-28T08:28:44Z,2026-08-28T08:28:44Z,2026-08-28T08:29:15Z,31.0,49033471594ea5d99a80abdf1043231b7791ee49,master,2026-08-26T17:53:57Z,33,1,0,1,1,1,0
github_actions,fastapi/fastapi,33155472985,12651,pull_request,completed,success,2026-08-28T08:28:23Z,2026-08-28T08:28:23Z,2026-08-28T08:29:29Z,66.0,1a1ec658be3c0ae6192285e5285d7a019e14a4a8,fix-sse-empty-event-terminator,2026-08-28T08:17:40Z,666,32,3,35,2,1,0
github_actions,fastapi/fastapi,33155472909,25488,pull_request,completed,success,2026-08-28T08:28:22Z,2026-08-28T08:28:22Z,2026-08-28T08:33:20Z,298.0,1a1ec658be3c0ae6192285e5285d7a019e14a4a8,fix-sse-empty-event-terminator,2026-08-28T08:17:40Z,666,32,3,35,2,1,0
github_actions,fastapi/fastapi,33155472847,9505,pull_request_target,completed,success,2026-08-28T08:28:22Z,2026-08-28T08:28:22Z,2026-08-28T08:28:32Z,10.0,1a1ec658be3c0ae6192285e5285d7a019e14a4a8,fix-sse-empty-event-terminator,2026-08-28T08:17:40Z,666,32,3,35,2,1,0
github_actions,fastapi/fastapi,33155472945,604,pull_request,completed,success,2026-08-28T08:28:22Z,2026-08-28T08:28:22Z,2026-08-28T08:28:44Z,22.0,1a1ec658be3c0ae6192285e5285d7a019e14a4a8,fix-sse-empty-event-terminator,2026-08-28T08:17:40Z,666,32,3,35,2,1,0
github_actions,fastapi/fastapi,33155472922,25392,pull_request,completed,success,2026-08-28T08:28:22Z,2026-08-28T08:28:22Z,2026-08-28T08:28:43Z,21.0,1a1ec658be3c0ae6192285e5285d7a019e14a4a8,fix-sse-empty-event-terminator,2026-08-28T08:17:40Z,666,32,3,35,2,1,0
github_actions,fastapi/fastapi,33155472907,3591,pull_request,completed,success,2026-08-28T08:28:22Z,2026-08-28T08:28:22Z,2026-08-28T08:29:18Z,56.0,1a1ec658be3c0ae6192285e5285d7a019e14a4a8,fix-sse-empty-event-terminator,2026-08-28T08:17:40Z,666,32,3,35,2,1,0
github_actions,fastapi/fastapi,33131638344,53264,schedule,completed,success,2026-08-28T01:03:01Z,2026-08-28T01:03:01Z,2026-08-28T01:03:25Z,24.0,49033471594ea5d99a80abdf1043231b7791ee49,master,2026-08-26T17:53:57Z,33,1,0,1,1,1,0
github_actions,fastapi/fastapi,33099948817,53263,issue_comment,completed,success,2026-08-27T17:44:28Z,2026-08-27T17:44:28Z,2026-08-27T17:44:44Z,16.0,49033471594ea5d99a80abdf1043231b7791ee49,master,2026-08-26T17:53:57Z,33,1,0,1,1,1,0
github_actions,fastapi/fastapi,33099947863,11648,pull_request_target,completed,success,2026-08-27T17:44:28Z,2026-08-27T17:44:28Z,2026-08-27T17:44:56Z,28.0,ab9f073e37b00a1491fe54d70f5efa34abed7bcd,fix-14574,2026-08-27T17:01:09Z,60,4,0,4,1,1,0
github_actions,fastapi/fastapi,33099848314,11647,pull_request_target,completed,success,2026-08-27T17:43:19Z,2026-08-27T17:43:19Z,2026-08-27T17:43:48Z,29.0,d6f0edd0462df47ac6a256e2525222e110078f30,fix-15069,2026-08-27T16:56:28Z,13,5,1,6,1,1,0
github_actions,fastapi/fastapi,33099848003,53262,issue_comment,completed,success,2026-08-27T17:43:18Z,2026-08-27T17:43:18Z,2026-08-27T17:43:37Z,19.0,49033471594ea5d99a80abdf1043231b7791ee49,master,2026-08-26T17:53:57Z,33,1,0,1,1,1,0
github_actions,fastapi/fastapi,33099742974,11646,pull_request_target,completed,success,2026-08-27T17:42:05Z,2026-08-27T17:42:05Z,2026-08-27T17:42:37Z,32.0,8ce25746a1e8c11366e6da1b03c4a4dc952a8a4a,fix-14883,2026-08-27T16:44:49Z,70,1,1,2,1,1,0
github_actions,fastapi/fastapi,33099737009,53261,issue_comment,completed,success,2026-08-27T17:42:01Z,2026-08-27T17:42:01Z,2026-08-27T17:42:18Z,17.0,49033471594ea5d99a80abdf1043231b7791ee49,master,2026-08-26T17:53:57Z,33,1,0,1,1,1,0
github_actions,fastapi/fastapi,33096667969,19724,workflow_run,completed,failure,2026-08-27T17:06:10Z,2026-08-27T17:06:10Z,2026-08-27T17:06:27Z,17.0,49033471594ea5d99a80abdf1043231b7791ee49,master,2026-08-26T17:53:57Z,33,1,0,1,1,1,1
github_actions,fastapi/fastapi,33096541242,53260,issue_comment,completed,success,2026-08-27T17:04:44Z,2026-08-27T17:04:44Z,2026-08-27T17:05:04Z,20.0,49033471594ea5d99a80abdf1043231b7791ee49,master,2026-08-26T17:53:57Z,33,1,0,1,1,1,0
github_actions,fastapi/fastapi,33096387402,19723,workflow_run,completed,failure,2026-08-27T17:03:00Z,2026-08-27T17:03:00Z,2026-08-27T17:03:14Z,14.0,49033471594ea5d99a80abdf1043231b7791ee49,master,2026-08-26T17:53:57Z,33,1,0,1,1,1,1
github_actions,fastapi/fastapi,33096297750,18430,workflow_run,completed,success,2026-08-27T17:01:58Z,2026-08-27T17:01:58Z,2026-08-27T17:02:27Z,29.0,49033471594ea5d99a80abdf1043231b7791ee49,master,2026-08-26T17:53:57Z,33,1,0,1,1,1,0
github_actions,fastapi/fastapi,33096240201,25487,pull_request,completed,failure,2026-08-27T17:01:17Z,2026-08-27T17:01:17Z,2026-08-27T17:06:08Z,291.0,ab9f073e37b00a1491fe54d70f5efa34abed7bcd,fix-14574,2026-08-27T17:01:09Z,60,4,0,4,1,1,1
github_actions,fastapi/fastapi,33096240036,9504,pull_request_target,completed,success,2026-08-27T17:01:17Z,2026-08-27T17:01:17Z,2026-08-27T17:01:24Z,7.0,ab9f073e37b00a1491fe54d70f5efa34abed7bcd,fix-14574,2026-08-27T17:01:09Z,60,4,0,4,1,1,0
github_actions,fastapi/fastapi,33096240136,25391,pull_request,completed,success,2026-08-27T17:01:17Z,2026-08-27T17:01:17Z,2026-08-27T17:01:56Z,39.0,ab9f073e37b00a1491fe54d70f5efa34abed7bcd,fix-14574,2026-08-27T17:01:09Z,60,4,0,4,1,1,0
github_actions,fastapi/fastapi,33096240283,603,pull_request,completed,success,2026-08-27T17:01:17Z,2026-08-27T17:01:17Z,2026-08-27T17:01:47Z,30.0,ab9f073e37b00a1491fe54d70f5efa34abed7bcd,fix-14574,2026-08-27T17:01:09Z,60,4,0,4,1,1,0
github_actions,fastapi/fastapi,33096240198,3590,pull_request,completed,success,2026-08-27T17:01:17Z,2026-08-27T17:01:17Z,2026-08-27T17:02:19Z,62.0,ab9f073e37b00a1491fe54d70f5efa34abed7bcd,fix-14574,2026-08-27T17:01:09Z,60,4,0,4,1,1,0
github_actions,fastapi/fastapi,33096240351,12650,pull_request,completed,failure,2026-08-27T17:01:17Z,2026-08-27T17:01:17Z,2026-08-27T17:02:23Z,66.0,ab9f073e37b00a1491fe54d70f5efa34abed7bcd,fix-14574,2026-08-27T17:01:09Z,60,4,0,4,1,1,1
github_actions,fastapi/fastapi,33096166498,19722,workflow_run,completed,failure,2026-08-27T17:00:28Z,2026-08-27T17:00:28Z,2026-08-27T17:00:44Z,16.0,49033471594ea5d99a80abdf1043231b7791ee49,master,2026-08-26T17:53:57Z,33,1,0,1,1,1,1
github_actions,fastapi/fastapi,33096019056,53259,issue_comment,completed,success,2026-08-27T16:58:47Z,2026-08-27T16:58:47Z,2026-08-27T16:59:10Z,23.0,49033471594ea5d99a80abdf1043231b7791ee49,master,2026-08-26T17:53:57Z,33,1,0,1,1,1,0
github_actions,fastapi/fastapi,33095894441,18429,workflow_run,completed,success,2026-08-27T16:57:20Z,2026-08-27T16:57:20Z,2026-08-27T16:58:38Z,78.0,49033471594ea5d99a80abdf1043231b7791ee49,master,2026-08-26T17:53:57Z,33,1,0,1,1,1,0
github_actions,fastapi/fastapi,33095849406,25486,pull_request,completed,failure,2026-08-27T16:56:49Z,2026-08-27T16:56:49Z,2026-08-27T17:02:57Z,368.0,d6f0edd0462df47ac6a256e2525222e110078f30,fix-15069,2026-08-27T16:56:28Z,13,5,1,6,1,1,1
github_actions,fastapi/fastapi,33095849089,602,pull_request,completed,success,2026-08-27T16:56:49Z,2026-08-27T16:56:49Z,2026-08-27T16:57:26Z,37.0,d6f0edd0462df47ac6a256e2525222e110078f30,fix-15069,2026-08-27T16:56:28Z,13,5,1,6,1,1,0
github_actions,fastapi/fastapi,33095849235,25390,pull_request,completed,success,2026-08-27T16:56:49Z,2026-08-27T16:56:49Z,2026-08-27T16:57:18Z,29.0,d6f0edd0462df47ac6a256e2525222e110078f30,fix-15069,2026-08-27T16:56:28Z,13,5,1,6,1,1,0
github_actions,fastapi/fastapi,33095849306,12649,pull_request,completed,failure,2026-08-27T16:56:49Z,2026-08-27T16:56:49Z,2026-08-27T16:58:08Z,79.0,d6f0edd0462df47ac6a256e2525222e110078f30,fix-15069,2026-08-27T16:56:28Z,13,5,1,6,1,1,1
github_actions,fastapi/fastapi,33095849071,3589,pull_request,completed,success,2026-08-27T16:56:49Z,2026-08-27T16:56:49Z,2026-08-27T16:58:33Z,104.0,d6f0edd0462df47ac6a256e2525222e110078f30,fix-15069,2026-08-27T16:56:28Z,13,5,1,6,1,1,0
github_actions,fastapi/fastapi,33095846437,5384,pull_request_target,completed,success,2026-08-27T16:56:47Z,2026-08-27T16:56:47Z,2026-08-27T16:56:57Z,10.0,d6f0edd0462df47ac6a256e2525222e110078f30,fix-15069,2026-08-27T16:56:28Z,13,5,1,6,1,1,0
github_actions,fastapi/fastapi,33095846451,9503,pull_request_target,completed,success,2026-08-27T16:56:47Z,2026-08-27T16:56:47Z,2026-08-27T16:56:57Z,10.0,d6f0edd0462df47ac6a256e2525222e110078f30,fix-15069,2026-08-27T16:56:28Z,13,5,1,6,1,1,0
github_actions,fastapi/fastapi,33095758847,18428,workflow_run,completed,success,2026-08-27T16:55:45Z,2026-08-27T16:55:45Z,2026-08-27T16:56:15Z,30.0,49033471594ea5d99a80abdf1043231b7791ee49,master,2026-08-26T17:53:57Z,33,1,0,1,1,1,0
github_actions,fastapi/fastapi,33095730550,9502,pull_request_target,completed,success,2026-08-27T16:55:26Z,2026-08-27T16:55:26Z,2026-08-27T16:55:36Z,10.0,4deb03cb761f141a888c6b1cedee19b044312601,fix-15069,2026-08-27T16:55:18Z,78,1,1,2,1,1,0
github_actions,fastapi/fastapi,33095730785,25389,pull_request,completed,success,2026-08-27T16:55:26Z,2026-08-27T16:55:26Z,2026-08-27T16:55:43Z,17.0,4deb03cb761f141a888c6b1cedee19b044312601,fix-15069,2026-08-27T16:55:18Z,78,1,1,2,1,1,0
github_actions,fastapi/fastapi,33095730854,601,pull_request,completed,success,2026-08-27T16:55:26Z,2026-08-27T16:55:26Z,2026-08-27T16:55:56Z,30.0,4deb03cb761f141a888c6b1cedee19b044312601,fix-15069,2026-08-27T16:55:18Z,78,1,1,2,1,1,0
github_actions,fastapi/fastapi,33095730758,12648,pull_request,completed,failure,2026-08-27T16:55:26Z,2026-08-27T16:55:26Z,2026-08-27T16:56:34Z,68.0,4deb03cb761f141a888c6b1cedee19b044312601,fix-15069,2026-08-27T16:55:18Z,78,1,1,2,1,1,1
github_actions,fastapi/fastapi,33095730669,3588,pull_request,completed,failure,2026-08-27T16:55:26Z,2026-08-27T16:55:26Z,2026-08-27T16:56:28Z,62.0,4deb03cb761f141a888c6b1cedee19b044312601,fix-15069,2026-08-27T16:55:18Z,78,1,1,2,1,1,1
github_actions,fastapi/fastapi,33095730767,25485,pull_request,completed,failure,2026-08-27T16:55:26Z,2026-08-27T16:55:26Z,2026-08-27T17:00:26Z,300.0,4deb03cb761f141a888c6b1cedee19b044312601,fix-15069,2026-08-27T16:55:18Z,78,1,1,2,1,1,1
github_actions,fastapi/fastapi,33095237053,19721,workflow_run,completed,success,2026-08-27T16:49:42Z,2026-08-27T16:49:42Z,2026-08-27T16:51:03Z,81.0,49033471594ea5d99a80abdf1043231b7791ee49,master,2026-08-26T17:53:57Z,33,1,0,1,1,1,0
github_actions,fastapi/fastapi,33095114943,53258,issue_comment,completed,success,2026-08-27T16:48:15Z,2026-08-27T16:48:15Z,2026-08-27T16:48:38Z,23.0,49033471594ea5d99a80abdf1043231b7791ee49,master,2026-08-26T17:53:57Z,33,1,0,1,1,1,0
github_actions,fastapi/fastapi,33094869425,18427,workflow_run,completed,success,2026-08-27T16:45:21Z,2026-08-27T16:45:21Z,2026-08-27T16:45:46Z,25.0,49033471594ea5d99a80abdf1043231b7791ee49,master,2026-08-26T17:53:57Z,33,1,0,1,1,1,0
github_actions,fastapi/fastapi,33094831027,25388,pull_request,completed,success,2026-08-27T16:44:57Z,2026-08-27T16:44:57Z,2026-08-27T16:45:19Z,22.0,8ce25746a1e8c11366e6da1b03c4a4dc952a8a4a,fix-14883,2026-08-27T16:44:49Z,70,1,1,2,1,1,0
github_actions,fastapi/fastapi,33094831076,600,pull_request,completed,success,2026-08-27T16:44:57Z,2026-08-27T16:44:57Z,2026-08-27T16:45:29Z,32.0,8ce25746a1e8c11366e6da1b03c4a4dc952a8a4a,fix-14883,2026-08-27T16:44:49Z,70,1,1,2,1,1,0
github_actions,fastapi/fastapi,33094831094,3587,pull_request,completed,success,2026-08-27T16:44:57Z,2026-08-27T16:44:57Z,2026-08-27T16:45:56Z,59.0,8ce25746a1e8c11366e6da1b03c4a4dc952a8a4a,fix-14883,2026-08-27T16:44:49Z,70,1,1,2,1,1,0
github_actions,fastapi/fastapi,33094830985,12647,pull_request,completed,success,2026-08-27T16:44:57Z,2026-08-27T16:44:57Z,2026-08-27T16:46:09Z,72.0,8ce25746a1e8c11366e6da1b03c4a4dc952a8a4a,fix-14883,2026-08-27T16:44:49Z,70,1,1,2,1,1,0
github_actions,fastapi/fastapi,33094831062,25484,pull_request,completed,success,2026-08-27T16:44:57Z,2026-08-27T16:44:57Z,2026-08-27T16:49:40Z,283.0,8ce25746a1e8c11366e6da1b03c4a4dc952a8a4a,fix-14883,2026-08-27T16:44:49Z,70,1,1,2,1,1,0
github_actions,fastapi/fastapi,33094830678,9501,pull_request_target,completed,success,2026-08-27T16:44:56Z,2026-08-27T16:44:56Z,2026-08-27T16:45:06Z,10.0,8ce25746a1e8c11366e6da1b03c4a4dc952a8a4a,fix-14883,2026-08-27T16:44:49Z,70,1,1,2,1,1,0
github_actions,fastapi/fastapi,33092938054,11645,pull_request_target,completed,success,2026-08-27T16:23:11Z,2026-08-27T16:23:11Z,2026-08-27T16:23:41Z,30.0,4c14335bb2a624bf4cf32f955b10da5ddff166e6,Bump-typer-min-version-to-0.26.1,2026-08-27T16:06:09Z,37,3,3,6,2,1,0
github_actions,fastapi/fastapi,33092061079,19720,workflow_run,completed,success,2026-08-27T16:13:03Z,2026-08-27T16:13:03Z,2026-08-27T16:14:14Z,71.0,49033471594ea5d99a80abdf1043231b7791ee49,master,2026-08-26T17:53:57Z,33,1,0,1,1,1,0
github_actions,fastapi/fastapi,33091825714,53257,issue_comment,completed,success,2026-08-27T16:10:21Z,2026-08-27T16:10:21Z,2026-08-27T16:10:45Z,24.0,49033471594ea5d99a80abdf1043231b7791ee49,master,2026-08-26T17:53:57Z,33,1,0,1,1,1,0
github_actions,fastapi/fastapi,33091803620,18426,workflow_run,completed,success,2026-08-27T16:10:06Z,2026-08-27T16:10:06Z,2026-08-27T16:11:01Z,55.0,49033471594ea5d99a80abdf1043231b7791ee49,master,2026-08-26T17:53:57Z,33,1,0,1,1,1,0
github_actions,fastapi/fastapi,33091487831,53256,pull_request_target,completed,success,2026-08-27T16:06:28Z,2026-08-27T16:06:28Z,2026-08-27T16:07:28Z,60.0,4c14335bb2a624bf4cf32f955b10da5ddff166e6,Bump-typer-min-version-to-0.26.1,2026-08-27T16:06:09Z,37,3,3,6,2,1,0
github_actions,fastapi/fastapi,33091487847,11644,pull_request_target,completed,success,2026-08-27T16:06:28Z,2026-08-27T16:06:28Z,2026-08-27T16:07:43Z,75.0,4c14335bb2a624bf4cf32f955b10da5ddff166e6,Bump-typer-min-version-to-0.26.1,2026-08-27T16:06:09Z,37,3,3,6,2,1,0
github_actions,fastapi/fastapi,33091484286,9500,pull_request_target,completed,success,2026-08-27T16:06:26Z,2026-08-27T16:06:26Z,2026-08-27T16:06:40Z,14.0,4c14335bb2a624bf4cf32f955b10da5ddff166e6,Bump-typer-min-version-to-0.26.1,2026-08-27T16:06:09Z,37,3,3,6,2,1,0
github_actions,fastapi/fastapi,33091484186,599,pull_request,completed,success,2026-08-27T16:06:26Z,2026-08-27T16:06:26Z,2026-08-27T16:07:11Z,45.0,4c14335bb2a624bf4cf32f955b10da5ddff166e6,Bump-typer-min-version-to-0.26.1,2026-08-27T16:06:09Z,37,3,3,6,2,1,0
github_actions,fastapi/fastapi,33091484163,97,pull_request_target,completed,success,2026-08-27T16:06:26Z,2026-08-27T16:06:26Z,2026-08-27T16:07:13Z,47.0,4c14335bb2a624bf4cf32f955b10da5ddff166e6,Bump-typer-min-version-to-0.26.1,2026-08-27T16:06:09Z,37,3,3,6,2,1,0
github_actions,fastapi/fastapi,33091484114,3586,pull_request,completed,success,2026-08-27T16:06:26Z,2026-08-27T16:06:26Z,2026-08-27T16:07:51Z,85.0,4c14335bb2a624bf4cf32f955b10da5ddff166e6,Bump-typer-min-version-to-0.26.1,2026-08-27T16:06:09Z,37,3,3,6,2,1,0
github_actions,fastapi/fastapi,33091484174,12646,pull_request,completed,success,2026-08-27T16:06:26Z,2026-08-27T16:06:26Z,2026-08-27T16:08:39Z,133.0,4c14335bb2a624bf4cf32f955b10da5ddff166e6,Bump-typer-min-version-to-0.26.1,2026-08-27T16:06:09Z,37,3,3,6,2,1,0
github_actions,fastapi/fastapi,33091484347,25387,pull_request,completed,success,2026-08-27T16:06:26Z,2026-08-27T16:06:26Z,2026-08-27T16:10:04Z,218.0,4c14335bb2a624bf4cf32f955b10da5ddff166e6,Bump-typer-min-version-to-0.26.1,2026-08-27T16:06:09Z,37,3,3,6,2,1,0
github_actions,fastapi/fastapi,33091484168,25483,pull_request,completed,success,2026-08-27T16:06:26Z,2026-08-27T16:06:26Z,2026-08-27T16:13:01Z,395.0,4c14335bb2a624bf4cf32f955b10da5ddff166e6,Bump-typer-min-version-to-0.26.1,2026-08-27T16:06:09Z,37,3,3,6,2,1,0
github_actions,fastapi/fastapi,33089873036,2164,schedule,completed,success,2026-08-27T15:48:50Z,2026-08-27T15:48:50Z,2026-08-27T15:50:51Z,121.0,49033471594ea5d99a80abdf1043231b7791ee49,master,2026-08-26T17:53:57Z,33,1,0,1,1,1,0
github_actions,fastapi/fastapi,33087359634,11643,pull_request_target,completed,success,2026-08-27T15:21:30Z,2026-08-27T15:21:30Z,2026-08-27T15:21:57Z,27.0,4b301279c45a939f5bb54eb3cad3f2da59dc53a7,docs-first-contribution,2026-08-27T14:09:43Z,37,2,2,4,1,1,0
github_actions,fastapi/fastapi,33087359515,53255,issue_comment,completed,success,2026-08-27T15:21:30Z,2026-08-27T15:21:30Z,2026-08-27T15:21:48Z,18.0,49033471594ea5d99a80abdf1043231b7791ee49,master,2026-08-26T17:53:57Z,33,1,0,1,1,1,0
github_actions,fastapi/fastapi,33081569296,18425,workflow_run,completed,success,2026-08-27T14:19:10Z,2026-08-27T14:19:10Z,2026-08-27T14:20:17Z,67.0,49033471594ea5d99a80abdf1043231b7791ee49,master,2026-08-26T17:53:57Z,33,1,0,1,1,1,0
github_actions,fastapi/fastapi,33081479622,19719,workflow_run,completed,failure,2026-08-27T14:18:10Z,2026-08-27T14:18:10Z,2026-08-27T14:18:32Z,22.0,49033471594ea5d99a80abdf1043231b7791ee49,master,2026-08-26T17:53:57Z,33,1,0,1,1,1,1
github_actions,fastapi/fastapi,33081437937,53254,pull_request_target,completed,success,2026-08-27T14:17:44Z,2026-08-27T14:17:44Z,2026-08-27T14:18:03Z,19.0,4b301279c45a939f5bb54eb3cad3f2da59dc53a7,docs-first-contribution,2026-08-27T14:09:43Z,37,2,2,4,1,1,0
github_actions,fastapi/fastapi,33081437791,11642,pull_request_target,completed,success,2026-08-27T14:17:44Z,2026-08-27T14:17:44Z,2026-08-27T14:18:18Z,34.0,4b301279c45a939f5bb54eb3cad3f2da59dc53a7,docs-first-contribution,2026-08-27T14:09:43Z,37,2,2,4,1,1,0
github_actions,fastapi/fastapi,33081436797,9499,pull_request_target,completed,success,2026-08-27T14:17:43Z,2026-08-27T14:17:43Z,2026-08-27T14:17:52Z,9.0,4b301279c45a939f5bb54eb3cad3f2da59dc53a7,docs-first-contribution,2026-08-27T14:09:43Z,37,2,2,4,1,1,0
github_actions,fastapi/fastapi,33081436379,25482,pull_request,completed,success,2026-08-27T14:17:43Z,2026-08-27T14:17:43Z,2026-08-27T14:18:08Z,25.0,4b301279c45a939f5bb54eb3cad3f2da59dc53a7,docs-first-contribution,2026-08-27T14:09:43Z,37,2,2,4,1,1,0
github_actions,fastapi/fastapi,33081436295,598,pull_request,completed,success,2026-08-27T14:17:43Z,2026-08-27T14:17:43Z,2026-08-27T14:18:10Z,27.0,4b301279c45a939f5bb54eb3cad3f2da59dc53a7,docs-first-contribution,2026-08-27T14:09:43Z,37,2,2,4,1,1,0
github_actions,fastapi/fastapi,33081436836,12645,pull_request,completed,success,2026-08-27T14:17:43Z,2026-08-27T14:17:43Z,2026-08-27T14:18:51Z,68.0,4b301279c45a939f5bb54eb3cad3f2da59dc53a7,docs-first-contribution,2026-08-27T14:09:43Z,37,2,2,4,1,1,0
github_actions,fastapi/fastapi,33081436854,3585,pull_request,completed,success,2026-08-27T14:17:43Z,2026-08-27T14:17:43Z,2026-08-27T14:18:40Z,57.0,4b301279c45a939f5bb54eb3cad3f2da59dc53a7,docs-first-contribution,2026-08-27T14:09:43Z,37,2,2,4,1,1,0
github_actions,fastapi/fastapi,33081436294,25386,pull_request,completed,success,2026-08-27T14:17:43Z,2026-08-27T14:17:43Z,2026-08-27T14:19:08Z,85.0,4b301279c45a939f5bb54eb3cad3f2da59dc53a7,docs-first-contribution,2026-08-27T14:09:43Z,37,2,2,4,1,1,0
github_actions,fastapi/fastapi,33077165563,53253,issue_comment,completed,success,2026-08-27T13:30:21Z,2026-08-27T13:30:21Z,2026-08-27T13:30:42Z,21.0,49033471594ea5d99a80abdf1043231b7791ee49,master,2026-08-26T17:53:57Z,33,1,0,1,1,1,0
github_actions,fastapi/fastapi,33077164437,11641,pull_request_target,completed,success,2026-08-27T13:30:20Z,2026-08-27T13:30:20Z,2026-08-27T13:30:57Z,37.0,098da56803b7d22a47a9a3a27af2f602fc6803db,fix-15813,2026-08-27T12:40:43Z,69,2,0,2,1,1,0
github_actions,fastapi/fastapi,33076856150,11640,pull_request_target,completed,success,2026-08-27T13:26:45Z,2026-08-27T13:26:45Z,2026-08-27T13:27:14Z,29.0,66bf9ea855953eff5b2f918094ca3a308c04582b,fix-15226,2026-08-27T12:33:41Z,89,2,2,4,1,1,0
github_actions,fastapi/fastapi,33076855972,53252,issue_comment,completed,success,2026-08-27T13:26:45Z,2026-08-27T13:26:45Z,2026-08-27T13:27:03Z,18.0,49033471594ea5d99a80abdf1043231b7791ee49,master,2026-08-26T17:53:57Z,33,1,0,1,1,1,0
github_actions,fastapi/fastapi,33076392558,53251,issue_comment,completed,success,2026-08-27T13:21:23Z,2026-08-27T13:21:23Z,2026-08-27T13:21:42Z,19.0,49033471594ea5d99a80abdf1043231b7791ee49,master,2026-08-26T17:53:57Z,33,1,0,1,1,1,0
github_actions,fastapi/fastapi,33076391482,11639,pull_request_target,completed,success,2026-08-27T13:21:22Z,2026-08-27T13:21:22Z,2026-08-27T13:21:46Z,24.0,48b642ea223f0ec347d53ec3a58ae1c840482c49,fix/issue-16253,2026-08-27T03:15:08Z,35,34,11,45,2,1,0
github_actions,fastapi/fastapi,33073483657,19718,workflow_run,completed,success,2026-08-27T12:46:31Z,2026-08-27T12:46:31Z,2026-08-27T12:47:28Z,57.0,49033471594ea5d99a80abdf1043231b7791ee49,master,2026-08-26T17:53:57Z,33,1,0,1,1,1,0
github_actions,fastapi/fastapi,33073310773,53250,issue_comment,completed,success,2026-08-27T12:44:23Z,2026-08-27T12:44:23Z,2026-08-27T12:44:41Z,18.0,49033471594ea5d99a80abdf1043231b7791ee49,master,2026-08-26T17:53:57Z,33,1,0,1,1,1,0
github_actions,fastapi/fastapi,33073060478,18424,workflow_run,completed,success,2026-08-27T12:41:17Z,2026-08-27T12:41:17Z,2026-08-27T12:41:45Z,28.0,49033471594ea5d99a80abdf1043231b7791ee49,master,2026-08-26T17:53:57Z,33,1,0,1,1,1,0
github_actions,fastapi/fastapi,33073034683,25481,pull_request,completed,success,2026-08-27T12:40:59Z,2026-08-27T12:40:59Z,2026-08-27T12:46:29Z,330.0,098da56803b7d22a47a9a3a27af2f602fc6803db,fix-15813,2026-08-27T12:40:43Z,69,2,0,2,1,1,0
github_actions,fastapi/fastapi,33073034748,3584,pull_request,completed,success,2026-08-27T12:40:59Z,2026-08-27T12:40:59Z,2026-08-27T12:41:57Z,58.0,098da56803b7d22a47a9a3a27af2f602fc6803db,fix-15813,2026-08-27T12:40:43Z,69,2,0,2,1,1,0
github_actions,fastapi/fastapi,33073034727,12644,pull_request,completed,success,2026-08-27T12:40:59Z,2026-08-27T12:40:59Z,2026-08-27T12:42:03Z,64.0,098da56803b7d22a47a9a3a27af2f602fc6803db,fix-15813,2026-08-27T12:40:43Z,69,2,0,2,1,1,0
github_actions,fastapi/fastapi,33073034699,9498,pull_request_target,completed,success,2026-08-27T12:40:59Z,2026-08-27T12:40:59Z,2026-08-27T12:41:06Z,7.0,098da56803b7d22a47a9a3a27af2f602fc6803db,fix-15813,2026-08-27T12:40:43Z,69,2,0,2,1,1,0
github_actions,fastapi/fastapi,33073034713,597,pull_request,completed,success,2026-08-27T12:40:59Z,2026-08-27T12:40:59Z,2026-08-27T12:41:21Z,22.0,098da56803b7d22a47a9a3a27af2f602fc6803db,fix-15813,2026-08-27T12:40:43Z,69,2,0,2,1,1,0
github_actions,fastapi/fastapi,33073034725,25385,pull_request,completed,success,2026-08-27T12:40:59Z,2026-08-27T12:40:59Z,2026-08-27T12:41:15Z,16.0,098da56803b7d22a47a9a3a27af2f602fc6803db,fix-15813,2026-08-27T12:40:43Z,69,2,0,2,1,1,0
github_actions,fastapi/fastapi,33072766412,19717,workflow_run,completed,failure,2026-08-27T12:37:37Z,2026-08-27T12:37:37Z,2026-08-27T12:37:54Z,17.0,49033471594ea5d99a80abdf1043231b7791ee49,master,2026-08-26T17:53:57Z,33,1,0,1,1,1,1
github_actions,fastapi/fastapi,33072726856,53249,issue_comment,completed,success,2026-08-27T12:37:08Z,2026-08-27T12:37:08Z,2026-08-27T12:37:32Z,24.0,49033471594ea5d99a80abdf1043231b7791ee49,master,2026-08-26T17:53:57Z,33,1,0,1,1,1,0
github_actions,fastapi/fastapi,33072498684,18423,workflow_run,completed,success,2026-08-27T12:34:18Z,2026-08-27T12:34:18Z,2026-08-27T12:34:49Z,31.0,49033471594ea5d99a80abdf1043231b7791ee49,master,2026-08-26T17:53:57Z,33,1,0,1,1,1,0
github_actions,fastapi/fastapi,33072458834,9497,pull_request_target,completed,success,2026-08-27T12:33:50Z,2026-08-27T12:33:50Z,2026-08-27T12:34:00Z,10.0,66bf9ea855953eff5b2f918094ca3a308c04582b,fix-15226,2026-08-27T12:33:41Z,89,2,2,4,1,1,0
github_actions,fastapi/fastapi,33072459566,3583,pull_request,completed,success,2026-08-27T12:33:50Z,2026-08-27T12:33:50Z,2026-08-27T12:34:47Z,57.0,66bf9ea855953eff5b2f918094ca3a308c04582b,fix-15226,2026-08-27T12:33:41Z,89,2,2,4,1,1,0
github_actions,fastapi/fastapi,33072459551,25384,pull_request,completed,success,2026-08-27T12:33:50Z,2026-08-27T12:33:50Z,2026-08-27T12:34:16Z,26.0,66bf9ea855953eff5b2f918094ca3a308c04582b,fix-15226,2026-08-27T12:33:41Z,89,2,2,4,1,1,0
github_actions,fastapi/fastapi,33072459544,596,pull_request,completed,success,2026-08-27T12:33:50Z,2026-08-27T12:33:50Z,2026-08-27T12:34:16Z,26.0,66bf9ea855953eff5b2f918094ca3a308c04582b,fix-15226,2026-08-27T12:33:41Z,89,2,2,4,1,1,0
github_actions,fastapi/fastapi,33072459494,12643,pull_request,completed,failure,2026-08-27T12:33:50Z,2026-08-27T12:33:50Z,2026-08-27T12:35:00Z,70.0,66bf9ea855953eff5b2f918094ca3a308c04582b,fix-15226,2026-08-27T12:33:41Z,89,2,2,4,1,1,1
github_actions,fastapi/fastapi,33072459605,25480,pull_request,completed,failure,2026-08-27T12:33:50Z,2026-08-27T12:33:50Z,2026-08-27T12:37:35Z,225.0,66bf9ea855953eff5b2f918094ca3a308c04582b,fix-15226,2026-08-27T12:33:41Z,89,2,2,4,1,1,1
github_actions,fastapi/fastapi,33036063415,19716,workflow_run,completed,success,2026-08-27T03:20:21Z,2026-08-27T03:20:21Z,2026-08-27T03:21:14Z,53.0,49033471594ea5d99a80abdf1043231b7791ee49,master,2026-08-26T17:53:57Z,33,1,0,1,1,1,0
github_actions,fastapi/fastapi,33035916480,19715,workflow_run,completed,success,2026-08-27T03:17:25Z,2026-08-27T03:17:25Z,2026-08-27T03:18:21Z,56.0,49033471594ea5d99a80abdf1043231b7791ee49,master,2026-08-26T17:53:57Z,33,1,0,1,1,1,0
github_actions,fastapi/fastapi,33035840362,18422,workflow_run,completed,success,2026-08-27T03:15:55Z,2026-08-27T03:15:55Z,2026-08-27T03:16:38Z,43.0,49033471594ea5d99a80abdf1043231b7791ee49,master,2026-08-26T17:53:57Z,33,1,0,1,1,1,0
github_actions,fastapi/fastapi,33035828904,53248,issue_comment,completed,success,2026-08-27T03:15:41Z,2026-08-27T03:15:41Z,2026-08-27T03:16:06Z,25.0,49033471594ea5d99a80abdf1043231b7791ee49,master,2026-08-26T17:53:57Z,33,1,0,1,1,1,0
github_actions,fastapi/fastapi,33035825895,25383,pull_request,completed,success,2026-08-27T03:15:38Z,2026-08-27T03:15:38Z,2026-08-27T03:15:53Z,15.0,48b642ea223f0ec347d53ec3a58ae1c840482c49,fix/issue-16253,2026-08-27T03:15:08Z,35,34,11,45,2,1,0
github_actions,fastapi/fastapi,33035826032,595,pull_request,completed,success,2026-08-27T03:15:38Z,2026-08-27T03:15:38Z,2026-08-27T03:16:06Z,28.0,48b642ea223f0ec347d53ec3a58ae1c840482c49,fix/issue-16253,2026-08-27T03:15:08Z,35,34,11,45,2,1,0
github_actions,fastapi/fastapi,33035825933,12642,pull_request,completed,success,2026-08-27T03:15:38Z,2026-08-27T03:15:38Z,2026-08-27T03:16:43Z,65.0,48b642ea223f0ec347d53ec3a58ae1c840482c49,fix/issue-16253,2026-08-27T03:15:08Z,35,34,11,45,2,1,0
github_actions,fastapi/fastapi,33035825925,3582,pull_request,completed,success,2026-08-27T03:15:38Z,2026-08-27T03:15:38Z,2026-08-27T03:16:43Z,65.0,48b642ea223f0ec347d53ec3a58ae1c840482c49,fix/issue-16253,2026-08-27T03:15:08Z,35,34,11,45,2,1,0
github_actions,fastapi/fastapi,33035825942,25479,pull_request,completed,success,2026-08-27T03:15:38Z,2026-08-27T03:15:38Z,2026-08-27T03:20:19Z,281.0,48b642ea223f0ec347d53ec3a58ae1c840482c49,fix/issue-16253,2026-08-27T03:15:08Z,35,34,11,45,2,1,0
github_actions,fastapi/fastapi,33035824448,5383,pull_request_target,completed,success,2026-08-27T03:15:36Z,2026-08-27T03:15:36Z,2026-08-27T03:15:45Z,9.0,48b642ea223f0ec347d53ec3a58ae1c840482c49,fix/issue-16253,2026-08-27T03:15:08Z,35,34,11,45,2,1,0
github_actions,fastapi/fastapi,33035824426,9496,pull_request_target,completed,success,2026-08-27T03:15:36Z,2026-08-27T03:15:36Z,2026-08-27T03:15:46Z,10.0,48b642ea223f0ec347d53ec3a58ae1c840482c49,fix/issue-16253,2026-08-27T03:15:08Z,35,34,11,45,2,1,0
github_actions,fastapi/fastapi,33035686140,18421,workflow_run,completed,success,2026-08-27T03:12:58Z,2026-08-27T03:12:58Z,2026-08-27T03:13:25Z,27.0,49033471594ea5d99a80abdf1043231b7791ee49,master,2026-08-26T17:53:57Z,33,1,0,1,1,1,0
github_actions,fastapi/fastapi,33035667617,12641,pull_request,completed,success,2026-08-27T03:12:37Z,2026-08-27T03:12:37Z,2026-08-27T03:13:41Z,64.0,75addc58f7660735f056f537bb847a227ffee3f1,fix/issue-16253,2026-08-27T03:12:10Z,35,38,11,49,2,1,0
github_actions,fastapi/fastapi,33035667464,9495,pull_request_target,completed,success,2026-08-27T03:12:36Z,2026-08-27T03:12:36Z,2026-08-27T03:12:46Z,10.0,75addc58f7660735f056f537bb847a227ffee3f1,fix/issue-16253,2026-08-27T03:12:10Z,35,38,11,49,2,1,0
github_actions,fastapi/fastapi,33035667467,25382,pull_request,completed,success,2026-08-27T03:12:36Z,2026-08-27T03:12:36Z,2026-08-27T03:12:55Z,19.0,75addc58f7660735f056f537bb847a227ffee3f1,fix/issue-16253,2026-08-27T03:12:10Z,35,38,11,49,2,1,0
github_actions,fastapi/fastapi,33035667479,594,pull_request,completed,success,2026-08-27T03:12:36Z,2026-08-27T03:12:36Z,2026-08-27T03:12:57Z,21.0,75addc58f7660735f056f537bb847a227ffee3f1,fix/issue-16253,2026-08-27T03:12:10Z,35,38,11,49,2,1,0
github_actions,fastapi/fastapi,33035667447,3581,pull_request,completed,failure,2026-08-27T03:12:36Z,2026-08-27T03:12:36Z,2026-08-27T03:13:21Z,45.0,75addc58f7660735f056f537bb847a227ffee3f1,fix/issue-16253,2026-08-27T03:12:10Z,35,38,11,49,2,1,1
github_actions,fastapi/fastapi,33035667419,25478,pull_request,completed,success,2026-08-27T03:12:36Z,2026-08-27T03:12:36Z,2026-08-27T03:17:23Z,287.0,75addc58f7660735f056f537bb847a227ffee3f1,fix/issue-16253,2026-08-27T03:12:10Z,35,38,11,49,2,1,0
github_actions,fastapi/fastapi,33035387980,53247,issue_comment,completed,success,2026-08-27T03:07:10Z,2026-08-27T03:07:10Z,2026-08-27T03:07:28Z,18.0,49033471594ea5d99a80abdf1043231b7791ee49,master,2026-08-26T17:53:57Z,33,1,0,1,1,1,0
github_actions,fastapi/fastapi,33022743690,53246,schedule,completed,success,2026-08-26T23:16:50Z,2026-08-26T23:16:50Z,2026-08-26T23:17:10Z,20.0,49033471594ea5d99a80abdf1043231b7791ee49,master,2026-08-26T17:53:57Z,33,1,0,1,1,1,0
github_actions,fastapi/fastapi,33019903421,9494,issues,completed,success,2026-08-26T22:30:10Z,2026-08-26T22:30:10Z,2026-08-26T22:30:20Z,10.0,49033471594ea5d99a80abdf1043231b7791ee49,master,2026-08-26T17:53:57Z,33,1,0,1,1,1,0
github_actions,fastapi/fastapi,33019901321,9493,issues,completed,success,2026-08-26T22:30:07Z,2026-08-26T22:30:07Z,2026-08-26T22:30:17Z,10.0,49033471594ea5d99a80abdf1043231b7791ee49,master,2026-08-26T17:53:57Z,33,1,0,1,1,1,0
github_actions,fastapi/fastapi,32997594135,19714,workflow_run,completed,success,2026-08-26T18:03:32Z,2026-08-26T18:03:32Z,2026-08-26T18:04:55Z,83.0,49033471594ea5d99a80abdf1043231b7791ee49,master,2026-08-26T17:53:57Z,33,1,0,1,1,1,0
github_actions,fastapi/fastapi,32997257265,19713,workflow_run,completed,success,2026-08-26T18:00:04Z,2026-08-26T18:00:04Z,2026-08-26T18:01:27Z,83.0,49033471594ea5d99a80abdf1043231b7791ee49,master,2026-08-26T17:53:57Z,33,1,0,1,1,1,0
github_actions,fastapi/fastapi,32997189074,18420,workflow_run,completed,success,2026-08-26T17:59:22Z,2026-08-26T17:59:22Z,2026-08-26T18:00:23Z,61.0,49033471594ea5d99a80abdf1043231b7791ee49,master,2026-08-26T17:53:57Z,33,1,0,1,1,1,0
github_actions,fastapi/fastapi,32997097424,18419,workflow_run,completed,success,2026-08-26T17:58:20Z,2026-08-26T17:58:20Z,2026-08-26T17:59:26Z,66.0,49033471594ea5d99a80abdf1043231b7791ee49,master,2026-08-26T17:53:57Z,33,1,0,1,1,1,0
github_actions,fastapi/fastapi,32996788863,25477,pull_request,completed,success,2026-08-26T17:55:03Z,2026-08-26T17:55:03Z,2026-08-26T18:03:30Z,507.0,ff6a7c0982c032d0dce82daa14461a8c89d6f77b,optimize-workflow-cache,2026-08-26T17:54:38Z,75,4,3,7,3,1,0
github_actions,fastapi/fastapi,32996789178,12640,pull_request,completed,success,2026-08-26T17:55:03Z,2026-08-26T17:55:03Z,2026-08-26T17:56:35Z,92.0,ff6a7c0982c032d0dce82daa14461a8c89d6f77b,optimize-workflow-cache,2026-08-26T17:54:38Z,75,4,3,7,3,1,0
github_actions,fastapi/fastapi,32996788615,593,pull_request,completed,success,2026-08-26T17:55:03Z,2026-08-26T17:55:03Z,2026-08-26T17:56:41Z,98.0,ff6a7c0982c032d0dce82daa14461a8c89d6f77b,optimize-workflow-cache,2026-08-26T17:54:38Z,75,4,3,7,3,1,0
github_actions,fastapi/fastapi,32996789032,3580,pull_request,completed,success,2026-08-26T17:55:03Z,2026-08-26T17:55:03Z,2026-08-26T17:56:52Z,109.0,ff6a7c0982c032d0dce82daa14461a8c89d6f77b,optimize-workflow-cache,2026-08-26T17:54:38Z,75,4,3,7,3,1,0
github_actions,fastapi/fastapi,32996789193,25381,pull_request,completed,success,2026-08-26T17:55:03Z,2026-08-26T17:55:03Z,2026-08-26T17:59:20Z,257.0,ff6a7c0982c032d0dce82daa14461a8c89d6f77b,optimize-workflow-cache,2026-08-26T17:54:38Z,75,4,3,7,3,1,0
github_actions,fastapi/fastapi,32996784660,5382,pull_request_target,completed,success,2026-08-26T17:55:01Z,2026-08-26T17:55:01Z,2026-08-26T17:55:16Z,15.0,ff6a7c0982c032d0dce82daa14461a8c89d6f77b,optimize-workflow-cache,2026-08-26T17:54:38Z,75,4,3,7,3,1,0
github_actions,fastapi/fastapi,32996784389,9492,pull_request_target,completed,success,2026-08-26T17:55:00Z,2026-08-26T17:55:00Z,2026-08-26T17:55:25Z,25.0,ff6a7c0982c032d0dce82daa14461a8c89d6f77b,optimize-workflow-cache,2026-08-26T17:54:38Z,75,4,3,7,3,1,0
github_actions,fastapi/fastapi,32996783044,1300,dynamic,completed,success,2026-08-26T17:55:00Z,2026-08-26T17:55:00Z,2026-08-26T17:57:17Z,137.0,ff6a7c0982c032d0dce82daa14461a8c89d6f77b,refs/pull/16152/head,2026-08-26T17:54:38Z,75,4,3,7,3,1,0
github_actions,fastapi/fastapi,32996783157,5381,push,completed,success,2026-08-26T17:55:00Z,2026-08-26T17:55:00Z,2026-08-26T17:55:10Z,10.0,ff6a7c0982c032d0dce82daa14461a8c89d6f77b,optimize-workflow-cache,2026-08-26T17:54:38Z,75,4,3,7,3,1,0
github_actions,fastapi/fastapi,32996691117,52,dynamic,completed,success,2026-08-26T17:54:00Z,2026-08-26T17:54:00Z,2026-08-26T17:55:04Z,64.0,49033471594ea5d99a80abdf1043231b7791ee49,master,2026-08-26T17:53:57Z,33,1,0,1,1,1,0
github_actions,fastapi/fastapi,32996690493,1299,dynamic,completed,success,2026-08-26T17:54:00Z,2026-08-26T17:54:00Z,2026-08-26T17:55:29Z,89.0,49033471594ea5d99a80abdf1043231b7791ee49,master,2026-08-26T17:53:57Z,33,1,0,1,1,1,0
github_actions,fastapi/fastapi,32996687279,12639,push,completed,success,2026-08-26T17:53:58Z,2026-08-26T17:53:58Z,2026-08-26T17:56:19Z,141.0,c56721805f9e920e9fec6d739a2a203ea7e34b5c,master,2026-08-26T17:53:53Z,44,3,3,6,2,1,0
github_actions,fastapi/fastapi,32996687066,5380,push,completed,success,2026-08-26T17:53:58Z,2026-08-26T17:53:58Z,2026-08-26T17:56:11Z,133.0,c56721805f9e920e9fec6d739a2a203ea7e34b5c,master,2026-08-26T17:53:53Z,44,3,3,6,2,1,0
github_actions,fastapi/fastapi,32996687190,25380,push,completed,success,2026-08-26T17:53:58Z,2026-08-26T17:53:58Z,2026-08-26T17:58:17Z,259.0,c56721805f9e920e9fec6d739a2a203ea7e34b5c,master,2026-08-26T17:53:53Z,44,3,3,6,2,1,0
github_actions,fastapi/fastapi,32996686800,592,push,completed,success,2026-08-26T17:53:57Z,2026-08-26T17:53:57Z,2026-08-26T17:54:36Z,39.0,c56721805f9e920e9fec6d739a2a203ea7e34b5c,master,2026-08-26T17:53:53Z,44,3,3,6,2,1,0
github_actions,fastapi/fastapi,32996685819,11638,pull_request_target,completed,success,2026-08-26T17:53:57Z,2026-08-26T17:53:57Z,2026-08-26T17:54:35Z,38.0,d793d24d83890e87d33698ace58634c80d6adb30,fix-tests-in-ci-with-lowest-direct-resolution,2026-08-26T17:46:59Z,35,3,3,6,2,1,0
github_actions,fastapi/fastapi,32996686706,25476,push,completed,success,2026-08-26T17:53:57Z,2026-08-26T17:53:57Z,2026-08-26T18:00:01Z,364.0,c56721805f9e920e9fec6d739a2a203ea7e34b5c,master,2026-08-26T17:53:53Z,44,3,3,6,2,1,0
github_actions,fastapi/fastapi,32996685002,1298,dynamic,completed,success,2026-08-26T17:53:56Z,2026-08-26T17:53:56Z,2026-08-26T17:55:12Z,76.0,c56721805f9e920e9fec6d739a2a203ea7e34b5c,master,2026-08-26T17:53:53Z,44,3,3,6,2,1,0
github_actions,fastapi/fastapi,32996617572,19712,workflow_run,completed,success,2026-08-26T17:53:09Z,2026-08-26T17:53:09Z,2026-08-26T17:54:08Z,59.0,9a8a13f50f710c2f31845182a277a0b6dba8e146,master,2026-08-25T13:19:28Z,33,1,0,1,1,1,0
github_actions,fastapi/fastapi,32996361370,18418,workflow_run,completed,success,2026-08-26T17:50:19Z,2026-08-26T17:50:19Z,2026-08-26T17:51:20Z,61.0,9a8a13f50f710c2f31845182a277a0b6dba8e146,master,2026-08-25T13:19:28Z,33,1,0,1,1,1,0
github_actions,fastapi/fastapi,32996132285,25475,pull_request,completed,success,2026-08-26T17:47:29Z,2026-08-26T17:47:29Z,2026-08-26T17:53:07Z,338.0,d793d24d83890e87d33698ace58634c80d6adb30,fix-tests-in-ci-with-lowest-direct-resolution,2026-08-26T17:46:59Z,35,3,3,6,2,1,0
github_actions,fastapi/fastapi,32996132347,591,pull_request,completed,success,2026-08-26T17:47:29Z,2026-08-26T17:47:29Z,2026-08-26T17:47:59Z,30.0,d793d24d83890e87d33698ace58634c80d6adb30,fix-tests-in-ci-with-lowest-direct-resolution,2026-08-26T17:46:59Z,35,3,3,6,2,1,0
github_actions,fastapi/fastapi,32996132163,12638,pull_request,completed,success,2026-08-26T17:47:29Z,2026-08-26T17:47:29Z,2026-08-26T17:49:04Z,95.0,d793d24d83890e87d33698ace58634c80d6adb30,fix-tests-in-ci-with-lowest-direct-resolution,2026-08-26T17:46:59Z,35,3,3,6,2,1,0
github_actions,fastapi/fastapi,32996132144,3579,pull_request,completed,success,2026-08-26T17:47:29Z,2026-08-26T17:47:29Z,2026-08-26T17:49:06Z,97.0,d793d24d83890e87d33698ace58634c80d6adb30,fix-tests-in-ci-with-lowest-direct-resolution,2026-08-26T17:46:59Z,35,3,3,6,2,1,0
github_actions,fastapi/fastapi,32996132363,25379,pull_request,completed,success,2026-08-26T17:47:29Z,2026-08-26T17:47:29Z,2026-08-26T17:50:16Z,167.0,d793d24d83890e87d33698ace58634c80d6adb30,fix-tests-in-ci-with-lowest-direct-resolution,2026-08-26T17:46:59Z,35,3,3,6,2,1,0
github_actions,fastapi/fastapi,32996130564,9491,pull_request_target,completed,success,2026-08-26T17:47:28Z,2026-08-26T17:47:28Z,2026-08-26T17:47:37Z,9.0,d793d24d83890e87d33698ace58634c80d6adb30,fix-tests-in-ci-with-lowest-direct-resolution,2026-08-26T17:46:59Z,35,3,3,6,2,1,0
github_actions,fastapi/fastapi,32996130607,5379,pull_request_target,completed,success,2026-08-26T17:47:28Z,2026-08-26T17:47:28Z,2026-08-26T17:47:38Z,10.0,d793d24d83890e87d33698ace58634c80d6adb30,fix-tests-in-ci-with-lowest-direct-resolution,2026-08-26T17:46:59Z,35,3,3,6,2,1,0
github_actions,fastapi/fastapi,32996130290,96,pull_request_target,completed,success,2026-08-26T17:47:28Z,2026-08-26T17:47:28Z,2026-08-26T17:47:34Z,6.0,d793d24d83890e87d33698ace58634c80d6adb30,fix-tests-in-ci-with-lowest-direct-resolution,2026-08-26T17:46:59Z,35,3,3,6,2,1,0
github_actions,fastapi/fastapi,32996128742,1297,dynamic,completed,success,2026-08-26T17:47:26Z,2026-08-26T17:47:26Z,2026-08-26T17:48:30Z,64.0,d793d24d83890e87d33698ace58634c80d6adb30,refs/pull/16252/head,2026-08-26T17:46:59Z,35,3,3,6,2,1,0
github_actions,fastapi/fastapi,32996126911,5378,push,completed,success,2026-08-26T17:47:25Z,2026-08-26T17:47:25Z,2026-08-26T17:47:31Z,6.0,d793d24d83890e87d33698ace58634c80d6adb30,fix-tests-in-ci-with-lowest-direct-resolution,2026-08-26T17:46:59Z,35,3,3,6,2,1,0
github_actions,fastapi/fastapi,32995894901,19711,workflow_run,completed,failure,2026-08-26T17:44:31Z,2026-08-26T17:44:31Z,2026-08-26T17:44:51Z,20.0,9a8a13f50f710c2f31845182a277a0b6dba8e146,master,2026-08-25T13:19:28Z,33,1,0,1,1,1,1
github_actions,fastapi/fastapi,32995753942,53245,issue_comment,completed,success,2026-08-26T17:42:48Z,2026-08-26T17:42:48Z,2026-08-26T17:43:06Z,18.0,9a8a13f50f710c2f31845182a277a0b6dba8e146,master,2026-08-25T13:19:28Z,33,1,0,1,1,1,0
github_actions,fastapi/fastapi,32995732862,18417,workflow_run,completed,success,2026-08-26T17:42:33Z,2026-08-26T17:42:33Z,2026-08-26T17:43:45Z,72.0,9a8a13f50f710c2f31845182a277a0b6dba8e146,master,2026-08-25T13:19:28Z,33,1,0,1,1,1,0
github_actions,fastapi/fastapi,32995471057,11637,pull_request_target,completed,success,2026-08-26T17:39:35Z,2026-08-26T17:39:35Z,2026-08-26T17:40:06Z,31.0,3545aebbb6f3012866e6478248ce823add556fe8,fix-tests-in-ci-with-lowest-direct-resolution,2026-08-26T17:38:12Z,35,3,3,6,2,1,0
github_actions,fastapi/fastapi,32995471366,53244,pull_request_target,completed,success,2026-08-26T17:39:35Z,2026-08-26T17:39:35Z,2026-08-26T17:40:30Z,55.0,3545aebbb6f3012866e6478248ce823add556fe8,fix-tests-in-ci-with-lowest-direct-resolution,2026-08-26T17:38:12Z,35,3,3,6,2,1,0
github_actions,fastapi/fastapi,32995467115,12637,pull_request,completed,success,2026-08-26T17:39:33Z,2026-08-26T17:39:33Z,2026-08-26T17:41:34Z,121.0,3545aebbb6f3012866e6478248ce823add556fe8,fix-tests-in-ci-with-lowest-direct-resolution,2026-08-26T17:38:12Z,35,3,3,6,2,1,0
github_actions,fastapi/fastapi,32995465576,53243,pull_request_target,completed,success,2026-08-26T17:39:32Z,2026-08-26T17:39:32Z,2026-08-26T17:39:53Z,21.0,3545aebbb6f3012866e6478248ce823add556fe8,fix-tests-in-ci-with-lowest-direct-resolution,2026-08-26T17:38:12Z,35,3,3,6,2,1,0
github_actions,fastapi/fastapi,32995465583,11636,pull_request_target,completed,success,2026-08-26T17:39:32Z,2026-08-26T17:39:32Z,2026-08-26T17:40:02Z,30.0,3545aebbb6f3012866e6478248ce823add556fe8,fix-tests-in-ci-with-lowest-direct-resolution,2026-08-26T17:38:12Z,35,3,3,6,2,1,0
github_actions,fastapi/fastapi,32995466126,9490,pull_request_target,completed,success,2026-08-26T17:39:32Z,2026-08-26T17:39:32Z,2026-08-26T17:39:42Z,10.0,3545aebbb6f3012866e6478248ce823add556fe8,fix-tests-in-ci-with-lowest-direct-resolution,2026-08-26T17:38:12Z,35,3,3,6,2,1,0
github_actions,fastapi/fastapi,32995465998,590,pull_request,completed,success,2026-08-26T17:39:32Z,2026-08-26T17:39:32Z,2026-08-26T17:40:12Z,40.0,3545aebbb6f3012866e6478248ce823add556fe8,fix-tests-in-ci-with-lowest-direct-resolution,2026-08-26T17:38:12Z,35,3,3,6,2,1,0
github_actions,fastapi/fastapi,32995465363,3578,pull_request,completed,success,2026-08-26T17:39:32Z,2026-08-26T17:39:32Z,2026-08-26T17:41:36Z,124.0,3545aebbb6f3012866e6478248ce823add556fe8,fix-tests-in-ci-with-lowest-direct-resolution,2026-08-26T17:38:12Z,35,3,3,6,2,1,0
github_actions,fastapi/fastapi,32995466228,25378,pull_request,completed,success,2026-08-26T17:39:32Z,2026-08-26T17:39:32Z,2026-08-26T17:42:31Z,179.0,3545aebbb6f3012866e6478248ce823add556fe8,fix-tests-in-ci-with-lowest-direct-resolution,2026-08-26T17:38:12Z,35,3,3,6,2,1,0
github_actions,fastapi/fastapi,32995465088,95,pull_request_target,completed,success,2026-08-26T17:39:31Z,2026-08-26T17:39:31Z,2026-08-26T17:39:41Z,10.0,3545aebbb6f3012866e6478248ce823add556fe8,fix-tests-in-ci-with-lowest-direct-resolution,2026-08-26T17:38:12Z,35,3,3,6,2,1,0
github_actions,fastapi/fastapi,32995464728,25474,pull_request,completed,failure,2026-08-26T17:39:31Z,2026-08-26T17:39:31Z,2026-08-26T17:44:29Z,298.0,3545aebbb6f3012866e6478248ce823add556fe8,fix-tests-in-ci-with-lowest-direct-resolution,2026-08-26T17:38:12Z,35,3,3,6,2,1,1
github_actions,fastapi/fastapi,32995460444,53242,pull_request_target,completed,success,2026-08-26T17:39:29Z,2026-08-26T17:39:29Z,2026-08-26T17:40:02Z,33.0,3545aebbb6f3012866e6478248ce823add556fe8,fix-tests-in-ci-with-lowest-direct-resolution,2026-08-26T17:38:12Z,35,3,3,6,2,1,0
github_actions,fastapi/fastapi,32995460234,11635,pull_request_target,completed,success,2026-08-26T17:39:28Z,2026-08-26T17:39:28Z,2026-08-26T17:40:06Z,38.0,3545aebbb6f3012866e6478248ce823add556fe8,fix-tests-in-ci-with-lowest-direct-resolution,2026-08-26T17:38:12Z,35,3,3,6,2,1,0
github_actions,fastapi/fastapi,32995443228,1296,dynamic,completed,success,2026-08-26T17:39:19Z,2026-08-26T17:39:19Z,2026-08-26T17:40:47Z,88.0,3545aebbb6f3012866e6478248ce823add556fe8,refs/pull/16252/head,2026-08-26T17:38:12Z,35,3,3,6,2,1,0
github_actions,apache/airflow,32614327206,40523,pull_request,completed,success,2026-08-23T03:02:10Z,2026-08-23T03:02:10Z,2026-08-23T03:59:05Z,3415.0,7e562aeaa668bc4deb7a9ba8e6f7dae50a7589e2,feature-34048-kubernetes-labels,2026-08-23T01:40:40Z,43,1,0,1,1,1,0
github_actions,apache/airflow,32564201946,70,schedule,completed,success,2026-08-22T09:09:58Z,2026-08-22T09:09:58Z,2026-08-22T09:21:14Z,676.0,4e4d0608c42f405e248df502184b4d6df99bf774,main,2026-08-22T08:28:21Z,45,1,1,2,1,1,0
github_actions,apache/airflow,32563486937,116936,pull_request,completed,success,2026-08-22T08:53:51Z,2026-08-22T08:54:12Z,2026-08-22T09:03:57Z,585.0,e33573658037641d2a8bc4e451fdff3e5c9dca70,airflow-db2-adapter,2026-08-22T08:53:45Z,44,3,1,4,2,2,0
github_actions,apache/airflow,32563486952,30157,pull_request,completed,success,2026-08-22T08:53:51Z,2026-08-22T08:54:12Z,2026-08-22T08:54:20Z,8.0,e33573658037641d2a8bc4e451fdff3e5c9dca70,airflow-db2-adapter,2026-08-22T08:53:45Z,44,3,1,4,2,2,0
github_actions,apache/airflow,32563487019,2437,pull_request,completed,success,2026-08-22T08:53:51Z,2026-08-22T08:54:12Z,2026-08-22T08:54:31Z,19.0,e33573658037641d2a8bc4e451fdff3e5c9dca70,airflow-db2-adapter,2026-08-22T08:53:45Z,44,3,1,4,2,2,0
github_actions,apache/airflow,32563486939,1769,pull_request,completed,success,2026-08-22T08:53:51Z,2026-08-22T08:54:12Z,2026-08-22T08:54:29Z,17.0,e33573658037641d2a8bc4e451fdff3e5c9dca70,airflow-db2-adapter,2026-08-22T08:53:45Z,44,3,1,4,2,2,0
github_actions,apache/airflow,32562571084,30156,pull_request,completed,success,2026-08-22T08:32:47Z,2026-08-22T08:45:57Z,2026-08-22T08:46:04Z,7.0,85052b94c85d5d76fb3c5a47c07e8995fd20a643,add-assertion,2026-08-22T08:31:10Z,20,3,0,3,1,2,0
github_actions,apache/airflow,32562571087,116935,pull_request,completed,success,2026-08-22T08:32:47Z,2026-08-22T08:45:57Z,2026-08-22T08:52:15Z,378.0,85052b94c85d5d76fb3c5a47c07e8995fd20a643,add-assertion,2026-08-22T08:31:10Z,20,3,0,3,1,2,0
github_actions,apache/airflow,32562370870,116934,push,completed,success,2026-08-22T08:28:24Z,2026-08-22T08:28:24Z,2026-08-22T08:39:16Z,652.0,4e4d0608c42f405e248df502184b4d6df99bf774,main,2026-08-22T08:28:21Z,45,1,1,2,1,1,0
github_actions,apache/airflow,32562371182,13866,push,completed,success,2026-08-22T08:28:24Z,2026-08-22T08:28:24Z,2026-08-22T08:28:45Z,21.0,4e4d0608c42f405e248df502184b4d6df99bf774,main,2026-08-22T08:28:21Z,45,1,1,2,1,1,0
github_actions,apache/airflow,32562370888,5163,push,completed,success,2026-08-22T08:28:24Z,2026-08-22T08:28:24Z,2026-08-22T08:29:15Z,51.0,4e4d0608c42f405e248df502184b4d6df99bf774,main,2026-08-22T08:28:21Z,45,1,1,2,1,1,0
github_actions,apache/airflow,32560683879,116933,pull_request,completed,success,2026-08-22T07:50:29Z,2026-08-22T07:50:29Z,2026-08-22T08:00:10Z,581.0,2e190dcbd1ed429770f0de103c4ccb5bab299830,issue-51377-aas-refresh,2026-08-22T07:39:22Z,88,105,71,176,7,1,0
github_actions,apache/airflow,32560683814,30155,pull_request,completed,success,2026-08-22T07:50:29Z,2026-08-22T07:50:29Z,2026-08-22T07:50:37Z,8.0,2e190dcbd1ed429770f0de103c4ccb5bab299830,issue-51377-aas-refresh,2026-08-22T07:39:22Z,88,105,71,176,7,1,0
github_actions,apache/airflow,32560683821,2436,pull_request,completed,success,2026-08-22T07:50:29Z,2026-08-22T07:50:29Z,2026-08-22T07:50:53Z,24.0,2e190dcbd1ed429770f0de103c4ccb5bab299830,issue-51377-aas-refresh,2026-08-22T07:39:22Z,88,105,71,176,7,1,0
github_actions,apache/airflow,32560684244,40457,pull_request,completed,success,2026-08-22T07:50:29Z,2026-08-22T07:50:29Z,2026-08-22T08:37:08Z,2799.0,2e190dcbd1ed429770f0de103c4ccb5bab299830,issue-51377-aas-refresh,2026-08-22T07:39:22Z,88,105,71,176,7,1,0
github_actions,apache/airflow,32560361779,40456,pull_request,completed,failure,2026-08-22T07:43:29Z,2026-08-22T07:43:29Z,2026-08-22T08:30:14Z,2805.0,49d8f696166dd8cf0253cb26af1d4d43a3c7253d,first-fix,2026-08-22T07:14:44Z,25,1,1,2,1,1,1
github_actions,apache/airflow,32560361446,30154,pull_request,completed,success,2026-08-22T07:43:28Z,2026-08-22T07:43:28Z,2026-08-22T07:43:39Z,11.0,49d8f696166dd8cf0253cb26af1d4d43a3c7253d,first-fix,2026-08-22T07:14:44Z,25,1,1,2,1,1,0
github_actions,apache/airflow,32560361452,116932,pull_request,completed,success,2026-08-22T07:43:28Z,2026-08-22T07:43:28Z,2026-08-22T07:52:59Z,571.0,49d8f696166dd8cf0253cb26af1d4d43a3c7253d,first-fix,2026-08-22T07:14:44Z,25,1,1,2,1,1,0
github_actions,apache/airflow,32560242648,2731,schedule,completed,success,2026-08-22T07:40:49Z,2026-08-22T07:40:49Z,2026-08-22T09:20:28Z,5979.0,047dc2d3b389edbadca22d09f4296ae73533a59c,main,2026-08-22T07:26:37Z,49,1,0,1,1,1,0
github_actions,apache/airflow,32559807492,40455,pull_request,completed,success,2026-08-22T07:31:14Z,2026-08-22T07:31:14Z,2026-08-22T08:28:46Z,3452.0,e962e1ec42a109e1f194372a4e6d4eb193f462af,celery-task-logs-to-stdout,2026-08-22T07:31:07Z,51,25908,26056,51964,300,1,0
github_actions,apache/airflow,32559807131,116931,pull_request,completed,success,2026-08-22T07:31:13Z,2026-08-22T07:31:13Z,2026-08-22T07:41:05Z,592.0,e962e1ec42a109e1f194372a4e6d4eb193f462af,celery-task-logs-to-stdout,2026-08-22T07:31:07Z,51,25908,26056,51964,300,1,0
github_actions,apache/airflow,32559807124,30153,pull_request,completed,success,2026-08-22T07:31:13Z,2026-08-22T07:31:13Z,2026-08-22T07:31:24Z,11.0,e962e1ec42a109e1f194372a4e6d4eb193f462af,celery-task-logs-to-stdout,2026-08-22T07:31:07Z,51,25908,26056,51964,300,1,0
github_actions,apache/airflow,32559807074,2435,pull_request,completed,success,2026-08-22T07:31:13Z,2026-08-22T07:31:13Z,2026-08-22T07:31:35Z,22.0,e962e1ec42a109e1f194372a4e6d4eb193f462af,celery-task-logs-to-stdout,2026-08-22T07:31:07Z,51,25908,26056,51964,300,1,0
github_actions,apache/airflow,32559603134,116930,push,completed,success,2026-08-22T07:26:41Z,2026-08-22T07:26:41Z,2026-08-22T07:26:50Z,9.0,047dc2d3b389edbadca22d09f4296ae73533a59c,main,2026-08-22T07:26:37Z,49,1,0,1,1,1,0
github_actions,apache/airflow,32559603434,13865,push,completed,success,2026-08-22T07:26:41Z,2026-08-22T07:26:41Z,2026-08-22T07:27:04Z,23.0,047dc2d3b389edbadca22d09f4296ae73533a59c,main,2026-08-22T07:26:37Z,49,1,0,1,1,1,0
github_actions,apache/airflow,32559603128,5162,push,completed,success,2026-08-22T07:26:41Z,2026-08-22T07:26:41Z,2026-08-22T07:27:37Z,56.0,047dc2d3b389edbadca22d09f4296ae73533a59c,main,2026-08-22T07:26:37Z,49,1,0,1,1,1,0
github_actions,apache/airflow,32559538747,13864,push,completed,success,2026-08-22T07:25:14Z,2026-08-22T07:25:14Z,2026-08-22T07:25:36Z,22.0,b918e7e1b4090078b465e39212623e76b45dc6b6,main,2026-08-22T07:25:10Z,43,1,0,1,1,1,0
github_actions,apache/airflow,32559538387,116929,push,completed,success,2026-08-22T07:25:14Z,2026-08-22T07:25:14Z,2026-08-22T07:25:19Z,5.0,b918e7e1b4090078b465e39212623e76b45dc6b6,main,2026-08-22T07:25:10Z,43,1,0,1,1,1,0
github_actions,apache/airflow,32559538399,5161,push,completed,success,2026-08-22T07:25:14Z,2026-08-22T07:25:14Z,2026-08-22T07:26:05Z,51.0,b918e7e1b4090078b465e39212623e76b45dc6b6,main,2026-08-22T07:25:10Z,43,1,0,1,1,1,0
github_actions,apache/airflow,32558905453,1278,schedule,completed,success,2026-08-22T07:10:41Z,2026-08-22T07:10:41Z,2026-08-22T07:11:05Z,24.0,4406537e36a7f0ebac1597c024f4e4eb2698ff39,main,2026-08-21T21:05:19Z,812,511,10,521,8,1,0
github_actions,apache/airflow,32558575728,40454,pull_request,completed,success,2026-08-22T07:03:15Z,2026-08-22T07:08:53Z,2026-08-22T07:54:56Z,2763.0,ce01227db328dc3c2d38907122fe2d62a329b25d,fix-dbt-payload-typo,2026-08-22T06:53:07Z,36,1,1,2,1,2,0
github_actions,apache/airflow,32558575369,30152,pull_request,completed,success,2026-08-22T07:03:14Z,2026-08-22T07:08:53Z,2026-08-22T07:09:03Z,10.0,ce01227db328dc3c2d38907122fe2d62a329b25d,fix-dbt-payload-typo,2026-08-22T06:53:07Z,36,1,1,2,1,2,0
github_actions,apache/airflow,32558575370,116928,pull_request,completed,success,2026-08-22T07:03:14Z,2026-08-22T07:08:53Z,2026-08-22T07:18:51Z,598.0,ce01227db328dc3c2d38907122fe2d62a329b25d,fix-dbt-payload-typo,2026-08-22T06:53:07Z,36,1,1,2,1,2,0
github_actions,apache/airflow,32550810933,40452,pull_request,completed,success,2026-08-22T04:06:27Z,2026-08-22T04:06:27Z,2026-08-22T05:01:55Z,3328.0,1696d5f9af6cf6d2f6ffbc247b64bfba0fe48421,airflowctl-tasks-state-command,2026-08-22T04:06:21Z,55,13633,20649,34282,300,1,0
github_actions,apache/airflow,32550805526,40451,pull_request,completed,success,2026-08-22T04:06:18Z,2026-08-22T04:06:18Z,2026-08-22T04:52:05Z,2747.0,d2a7d18fbb051dbd73f3fca9ee459028bb883959,hitl-reject-serde-reserved-param-keys,2026-08-22T04:06:13Z,62,67191,32484,99675,300,1,0
github_actions,apache/airflow,32547680413,116924,pull_request,completed,success,2026-08-22T02:58:16Z,2026-08-22T02:58:16Z,2026-08-22T03:08:01Z,585.0,97f0e4b87f00233ebfadeb5fc829523b637001a8,fix-scheduler-crash-on-3xx-redirect,2026-08-22T02:56:12Z,1143,31,2,33,2,1,0
github_actions,apache/airflow,32545969576,40449,schedule,completed,failure,2026-08-22T02:20:12Z,2026-08-22T02:20:12Z,2026-08-22T04:01:12Z,6060.0,4406537e36a7f0ebac1597c024f4e4eb2698ff39,main,2026-08-21T21:05:19Z,812,511,10,521,8,1,1
github_actions,apache/airflow,32544524901,40448,pull_request,completed,failure,2026-08-22T01:49:19Z,2026-08-22T06:26:49Z,2026-08-22T08:02:02Z,5713.0,2da923b99780efcca1fc0c88ce844bb98b359223,airflow-db2-adapter,2026-08-22T01:41:59Z,113,48,25,73,6,2,1
github_actions,apache/airflow,32535718097,30141,pull_request,completed,success,2026-08-21T23:07:39Z,2026-08-21T23:07:39Z,2026-08-21T23:07:48Z,9.0,95278bb56de0f0922ab1f88a4a419403c2902276,ferruzzi/plumb-variable-session,2026-08-21T23:07:09Z,16,1,0,1,1,1,0
github_actions,apache/airflow,32535718158,116916,pull_request,completed,success,2026-08-21T23:07:39Z,2026-08-21T23:07:39Z,2026-08-21T23:15:08Z,449.0,95278bb56de0f0922ab1f88a4a419403c2902276,ferruzzi/plumb-variable-session,2026-08-21T23:07:09Z,16,1,0,1,1,1,0
github_actions,apache/airflow,32534856142,30140,pull_request,completed,success,2026-08-21T22:54:15Z,2026-08-21T22:54:15Z,2026-08-21T22:54:21Z,6.0,adbcbe0cdc7e9e10f01e53f19f1e21f593035528,ferruzzi/plumb-variable-session,2026-08-21T22:52:16Z,1374,90,4,94,2,1,0
github_actions,apache/airflow,32534856173,116915,pull_request,completed,success,2026-08-21T22:54:15Z,2026-08-21T22:54:15Z,2026-08-21T23:03:54Z,579.0,adbcbe0cdc7e9e10f01e53f19f1e21f593035528,ferruzzi/plumb-variable-session,2026-08-21T22:52:16Z,1374,90,4,94,2,1,0
github_actions,apache/airflow,32530127716,40437,pull_request,completed,success,2026-08-21T21:47:24Z,2026-08-21T21:47:24Z,2026-08-21T22:41:16Z,3232.0,71ab048afe467da260dcf4b5b9ab6021f8a8d07f,quicksight-deferrable,2026-08-21T21:43:58Z,321,12,12,24,2,1,0
github_actions,apache/airflow,32529760720,40436,pull_request,completed,failure,2026-08-21T21:42:36Z,2026-08-21T21:42:36Z,2026-08-21T23:07:25Z,5089.0,f10dce4215e769bea8abb456a90083c99ce92a44,improve-mapped-task-scheduler-performance,2026-08-21T21:42:09Z,354,182,24,206,4,1,1
github_actions,apache/airflow,32529529164,40435,pull_request,completed,failure,2026-08-21T21:39:34Z,2026-08-21T21:39:34Z,2026-08-21T22:38:46Z,3552.0,5be691746fe8036554b151a3521966e4449cb836,os-task-handler-no-auth-client,2026-08-21T21:39:17Z,61,28,0,28,1,1,1
github_actions,apache/airflow,32517251309,30126,pull_request,completed,success,2026-08-21T19:12:18Z,2026-08-21T19:12:18Z,2026-08-21T19:12:26Z,8.0,a048b082a2c6172c052b412ac8f6e52a2fd1a91f,team-column-audit-log,2026-08-21T18:59:23Z,835,438,20,458,27,1,0
github_actions,apache/airflow,32517251208,116897,pull_request,completed,success,2026-08-21T19:12:18Z,2026-08-21T19:12:18Z,2026-08-21T19:22:05Z,587.0,a048b082a2c6172c052b412ac8f6e52a2fd1a91f,team-column-audit-log,2026-08-21T18:59:23Z,835,438,20,458,27,1,0
github_actions,apache/airflow,32516198189,13860,push,completed,success,2026-08-21T19:00:02Z,2026-08-21T19:00:02Z,2026-08-21T19:01:14Z,72.0,e50cc0b15df72e3549757d5a4f191c35b693296a,main,2026-08-21T18:59:58Z,45,35,35,70,35,1,0
github_actions,apache/airflow,32516197011,5157,push,completed,success,2026-08-21T19:00:01Z,2026-08-21T19:00:01Z,2026-08-21T19:00:23Z,22.0,e50cc0b15df72e3549757d5a4f191c35b693296a,main,2026-08-21T18:59:58Z,45,35,35,70,35,1,0
github_actions,apache/airflow,32516197059,116896,push,completed,success,2026-08-21T19:00:01Z,2026-08-21T19:00:01Z,2026-08-21T19:02:36Z,155.0,e50cc0b15df72e3549757d5a4f191c35b693296a,main,2026-08-21T18:59:58Z,45,35,35,70,35,1,0
github_actions,apache/airflow,32515762325,40419,pull_request,completed,success,2026-08-21T18:54:56Z,2026-08-22T07:11:12Z,2026-08-22T07:21:13Z,601.0,ac8406f609beb8e0b6dec66e8d0b249af0ba7066,add-myself-to-inthewild,2026-08-21T18:39:45Z,31,1,0,1,1,2,0
github_actions,apache/airflow,32515761396,116895,pull_request,completed,success,2026-08-21T18:54:55Z,2026-08-22T07:11:12Z,2026-08-22T07:11:21Z,9.0,ac8406f609beb8e0b6dec66e8d0b249af0ba7066,add-myself-to-inthewild,2026-08-21T18:39:45Z,31,1,0,1,1,2,0
github_actions,apache/airflow,32515761220,30125,pull_request,completed,success,2026-08-21T18:54:55Z,2026-08-22T07:11:11Z,2026-08-22T07:11:19Z,8.0,ac8406f609beb8e0b6dec66e8d0b249af0ba7066,add-myself-to-inthewild,2026-08-21T18:39:45Z,31,1,0,1,1,2,0
github_actions,apache/airflow,32513656098,116893,pull_request,completed,success,2026-08-21T18:30:00Z,2026-08-21T18:30:00Z,2026-08-21T18:32:10Z,130.0,bce3be37feee6beda9f8d4773201c53681f881fb,dag_breadcrumb,2026-08-21T18:29:46Z,48,1,0,1,1,1,0
github_actions,apache/airflow,32513656112,30123,pull_request,completed,success,2026-08-21T18:30:00Z,2026-08-21T18:30:00Z,2026-08-21T18:30:05Z,5.0,bce3be37feee6beda9f8d4773201c53681f881fb,dag_breadcrumb,2026-08-21T18:29:46Z,48,1,0,1,1,1,0
github_actions,apache/airflow,32512918189,40415,pull_request,completed,success,2026-08-21T18:21:26Z,2026-08-22T07:12:25Z,2026-08-22T07:20:45Z,500.0,9589d3e6b8fe5b98bf649aa268c63d568157e041,add-myself-to-inthewild,2026-08-21T18:18:09Z,25,1,0,1,1,2,0
github_actions,apache/airflow,32512917595,30122,pull_request,completed,success,2026-08-21T18:21:25Z,2026-08-22T07:12:24Z,2026-08-22T07:12:32Z,8.0,9589d3e6b8fe5b98bf649aa268c63d568157e041,add-myself-to-inthewild,2026-08-21T18:18:09Z,25,1,0,1,1,2,0
github_actions,apache/airflow,32512917610,116892,pull_request,completed,success,2026-08-21T18:21:25Z,2026-08-22T07:12:25Z,2026-08-22T07:12:39Z,14.0,9589d3e6b8fe5b98bf649aa268c63d568157e041,add-myself-to-inthewild,2026-08-21T18:18:09Z,25,1,0,1,1,2,0
github_actions,apache/airflow,32510442663,2729,push,completed,failure,2026-08-21T17:52:48Z,2026-08-21T17:52:48Z,2026-08-21T19:16:46Z,5038.0,3a7d6cfbec5ce225d5a4c000455b7878ba3f93e4,v3-3-test,2026-08-21T17:52:42Z,188,26,10,36,5,1,1
github_actions,apache/airflow,32510441777,40414,push,completed,success,2026-08-21T17:52:47Z,2026-08-21T17:52:47Z,2026-08-21T19:27:15Z,5668.0,3a7d6cfbec5ce225d5a4c000455b7878ba3f93e4,v3-3-test,2026-08-21T17:52:42Z,188,26,10,36,5,1,0
github_actions,apache/airflow,32510440474,120,push,completed,success,2026-08-21T17:52:46Z,2026-08-21T17:52:46Z,2026-08-21T18:03:35Z,649.0,3a7d6cfbec5ce225d5a4c000455b7878ba3f93e4,v3-3-test,2026-08-21T17:52:42Z,188,26,10,36,5,1,0
github_actions,apache/airflow,32509635515,40413,pull_request,completed,success,2026-08-21T17:43:29Z,2026-08-21T17:43:29Z,2026-08-21T18:18:54Z,2125.0,b099faeed8c767e87b4558dcc6e0e9e62959daae,docs-remote-logging-custom-config-71768,2026-08-21T17:42:58Z,658,43,0,43,1,1,0
github_actions,apache/airflow,32507421532,13859,push,completed,success,2026-08-21T17:17:54Z,2026-08-21T17:17:54Z,2026-08-21T17:18:18Z,24.0,08153a88f832bb553dd92153d66dd178f58683f9,main,2026-08-21T17:17:49Z,463,207,0,207,7,1,0
github_actions,apache/airflow,32507421155,5155,push,completed,success,2026-08-21T17:17:53Z,2026-08-21T17:17:53Z,2026-08-21T17:18:46Z,53.0,08153a88f832bb553dd92153d66dd178f58683f9,main,2026-08-21T17:17:49Z,463,207,0,207,7,1,0
github_actions,apache/airflow,32507420886,116889,push,completed,success,2026-08-21T17:17:53Z,2026-08-21T17:17:53Z,2026-08-21T17:25:29Z,456.0,08153a88f832bb553dd92153d66dd178f58683f9,main,2026-08-21T17:17:49Z,463,207,0,207,7,1,0
github_actions,apache/airflow,32506457717,755,schedule,completed,success,2026-08-21T17:06:58Z,2026-08-21T17:06:58Z,2026-08-21T17:07:24Z,26.0,c1fcbefd71256cc47cafc2cb989a0ac58838035a,main,2026-08-21T15:44:26Z,963,81,2,83,2,1,0
github_actions,apache/airflow,32506208411,40412,pull_request,completed,failure,2026-08-21T17:04:10Z,2026-08-21T17:04:10Z,2026-08-21T18:10:35Z,3985.0,d99214f4aab515ebae26bd450e87f571f7dd057b,dag_breadcrumb,2026-08-21T17:03:56Z,48,1,0,1,1,1,1
github_actions,apache/airflow,32506207676,116888,pull_request,completed,success,2026-08-21T17:04:10Z,2026-08-21T17:04:10Z,2026-08-21T17:06:16Z,126.0,d99214f4aab515ebae26bd450e87f571f7dd057b,dag_breadcrumb,2026-08-21T17:03:56Z,48,1,0,1,1,1,0
github_actions,apache/airflow,32506207793,30121,pull_request,completed,success,2026-08-21T17:04:10Z,2026-08-21T17:04:10Z,2026-08-21T17:04:16Z,6.0,d99214f4aab515ebae26bd450e87f571f7dd057b,dag_breadcrumb,2026-08-21T17:03:56Z,48,1,0,1,1,1,0
github_actions,apache/airflow,32506174797,116887,pull_request,completed,success,2026-08-21T17:03:48Z,2026-08-21T17:03:48Z,2026-08-21T17:04:58Z,70.0,93e906551d3fe35a6d100e31c3172ce449deed74,dependabot/github_actions/github-actions-updates-c47724762b,2026-08-21T17:03:41Z,2620,4,4,8,2,1,0
github_actions,apache/airflow,32506174730,30120,pull_request,completed,success,2026-08-21T17:03:48Z,2026-08-21T17:03:48Z,2026-08-21T17:03:56Z,8.0,93e906551d3fe35a6d100e31c3172ce449deed74,dependabot/github_actions/github-actions-updates-c47724762b,2026-08-21T17:03:41Z,2620,4,4,8,2,1,0
github_actions,apache/airflow,32506174762,1767,pull_request,completed,success,2026-08-21T17:03:48Z,2026-08-21T17:03:48Z,2026-08-21T17:04:07Z,19.0,93e906551d3fe35a6d100e31c3172ce449deed74,dependabot/github_actions/github-actions-updates-c47724762b,2026-08-21T17:03:41Z,2620,4,4,8,2,1,0
github_actions,apache/airflow,32506174751,2430,pull_request,completed,success,2026-08-21T17:03:48Z,2026-08-21T17:03:48Z,2026-08-21T17:04:10Z,22.0,93e906551d3fe35a6d100e31c3172ce449deed74,dependabot/github_actions/github-actions-updates-c47724762b,2026-08-21T17:03:41Z,2620,4,4,8,2,1,0
github_actions,apache/airflow,32505928739,1766,pull_request,completed,success,2026-08-21T17:01:02Z,2026-08-21T17:01:02Z,2026-08-21T17:01:20Z,18.0,bb2e08fcf661a8680f035ee9778b314432b13e51,dependabot/github_actions/v3-3-test/github-actions-updates-922d5d20bb,2026-08-21T17:00:54Z,4844,17,17,34,8,1,0
github_actions,apache/airflow,32505928655,116886,pull_request,completed,success,2026-08-21T17:01:02Z,2026-08-21T17:01:02Z,2026-08-21T17:02:07Z,65.0,bb2e08fcf661a8680f035ee9778b314432b13e51,dependabot/github_actions/v3-3-test/github-actions-updates-922d5d20bb,2026-08-21T17:00:54Z,4844,17,17,34,8,1,0
github_actions,apache/airflow,32505766653,116885,pull_request,completed,success,2026-08-21T16:59:16Z,2026-08-21T16:59:16Z,2026-08-21T16:59:22Z,6.0,26eb40a02985b760df41504e9cbc051143fc6442,dependabot/npm_and_yarn/airflow-core/src/airflow/ui/v3-3-test/3-3-core-ui-package-updates-e0e6670469,2026-08-21T16:59:09Z,5093,109,109,218,2,1,0
github_actions,apache/airflow,32505567661,116884,pull_request,completed,success,2026-08-21T16:56:55Z,2026-08-21T16:56:55Z,2026-08-21T16:57:03Z,8.0,9e5e961c9dae864dc36daef45db493a81e68d4ac,dependabot/npm_and_yarn/dev/react-plugin-tools/react_plugin_template/v3-3-test/3-3-ui-plugin-template-package-updates-c85e83e53f,2026-08-21T16:56:49Z,3673,83,82,165,2,1,0
github_actions,apache/airflow,32505568360,40408,pull_request,completed,success,2026-08-21T16:56:55Z,2026-08-21T16:56:55Z,2026-08-21T16:59:10Z,135.0,9e5e961c9dae864dc36daef45db493a81e68d4ac,dependabot/npm_and_yarn/dev/react-plugin-tools/react_plugin_template/v3-3-test/3-3-ui-plugin-template-package-updates-c85e83e53f,2026-08-21T16:56:49Z,3673,83,82,165,2,1,0
github_actions,apache/airflow,32505526831,40407,pull_request,completed,success,2026-08-21T16:56:26Z,2026-08-21T16:56:26Z,2026-08-21T18:01:48Z,3922.0,3e79c0536a137ed3b7a05a368ac565a43919ab7a,dependabot/npm_and_yarn/airflow-core/src/airflow/ui/core-ui-package-updates-45607460aa,2026-08-21T16:56:19Z,2110,49,33,82,2,1,0
github_actions,apache/airflow,32505526353,116883,pull_request,completed,success,2026-08-21T16:56:25Z,2026-08-21T16:56:25Z,2026-08-21T16:56:33Z,8.0,3e79c0536a137ed3b7a05a368ac565a43919ab7a,dependabot/npm_and_yarn/airflow-core/src/airflow/ui/core-ui-package-updates-45607460aa,2026-08-21T16:56:19Z,2110,49,33,82,2,1,0
github_actions,apache/airflow,32505526443,30119,pull_request,completed,success,2026-08-21T16:56:25Z,2026-08-21T16:56:25Z,2026-08-21T16:56:31Z,6.0,3e79c0536a137ed3b7a05a368ac565a43919ab7a,dependabot/npm_and_yarn/airflow-core/src/airflow/ui/core-ui-package-updates-45607460aa,2026-08-21T16:56:19Z,2110,49,33,82,2,1,0
github_actions,apache/airflow,32505523792,40406,pull_request,completed,success,2026-08-21T16:56:23Z,2026-08-21T16:56:23Z,2026-08-21T18:02:05Z,3942.0,e5a8e5b59fc2aaf2c34780a7893db3117b1cccdb,dependabot/uv/dev/breeze/v3-3-test/3-3-uv-dependency-updates-4e67a64591,2026-08-21T16:56:16Z,1986,32,32,64,1,1,0
github_actions,apache/airflow,32505522861,116882,pull_request,completed,success,2026-08-21T16:56:23Z,2026-08-21T16:56:23Z,2026-08-21T16:56:30Z,7.0,e5a8e5b59fc2aaf2c34780a7893db3117b1cccdb,dependabot/uv/dev/breeze/v3-3-test/3-3-uv-dependency-updates-4e67a64591,2026-08-21T16:56:16Z,1986,32,32,64,1,1,0
github_actions,apache/airflow,32505494657,40405,pull_request,completed,success,2026-08-21T16:56:04Z,2026-08-21T16:56:04Z,2026-08-21T17:05:28Z,564.0,49b3b63f10d7b6fc4b4ec56d99105df3e362e6cf,dependabot/npm_and_yarn/dev/react-plugin-tools/react_plugin_template/ui-plugin-template-package-updates-c85e83e53f,2026-08-21T16:55:57Z,3645,112,82,194,2,1,0
github_actions,apache/airflow,32505493978,30118,pull_request,completed,success,2026-08-21T16:56:04Z,2026-08-21T16:56:04Z,2026-08-21T16:56:15Z,11.0,49b3b63f10d7b6fc4b4ec56d99105df3e362e6cf,dependabot/npm_and_yarn/dev/react-plugin-tools/react_plugin_template/ui-plugin-template-package-updates-c85e83e53f,2026-08-21T16:55:57Z,3645,112,82,194,2,1,0
github_actions,apache/airflow,32505493928,116881,pull_request,completed,success,2026-08-21T16:56:03Z,2026-08-21T16:56:03Z,2026-08-21T16:56:09Z,6.0,49b3b63f10d7b6fc4b4ec56d99105df3e362e6cf,dependabot/npm_and_yarn/dev/react-plugin-tools/react_plugin_template/ui-plugin-template-package-updates-c85e83e53f,2026-08-21T16:55:57Z,3645,112,82,194,2,1,0
github_actions,apache/airflow,32505394061,116880,pull_request,completed,success,2026-08-21T16:54:53Z,2026-08-21T16:54:53Z,2026-08-21T16:55:00Z,7.0,14964ee6a04100f678cbffc620b086a0e17e94f7,dependabot/npm_and_yarn/airflow-core/src/airflow/ui/typescript-39febf3787,2026-08-21T16:54:47Z,2880,92,76,168,2,1,0
github_actions,apache/airflow,33173198342,41205,pull_request,completed,success,2026-08-28T12:56:39Z,2026-08-28T12:56:39Z,2026-08-28T14:09:43Z,4384.0,fcce6ddf0b2f1e57c2ccf2f453b979c0af5dacb4,deprecate_dataproc_create_cluster,2026-08-28T12:54:26Z,316,50,178,228,5,1,0
github_actions,apache/airflow,33173125458,76,schedule,completed,success,2026-08-28T12:55:39Z,2026-08-28T12:55:39Z,2026-08-28T13:06:52Z,673.0,62ecde055c8c3d9973df0e088c048deccc734994,main,2026-08-28T12:42:32Z,195,13,12,25,2,1,0
github_actions,apache/airflow,33173068494,30760,pull_request,completed,success,2026-08-28T12:54:54Z,2026-08-28T12:54:54Z,2026-08-28T12:55:00Z,6.0,fcce6ddf0b2f1e57c2ccf2f453b979c0af5dacb4,deprecate_dataproc_create_cluster,2026-08-28T12:54:26Z,316,50,178,228,5,1,0
github_actions,apache/airflow,33173068488,117678,pull_request,completed,success,2026-08-28T12:54:54Z,2026-08-28T12:54:54Z,2026-08-28T13:04:19Z,565.0,fcce6ddf0b2f1e57c2ccf2f453b979c0af5dacb4,deprecate_dataproc_create_cluster,2026-08-28T12:54:26Z,316,50,178,228,5,1,0
github_actions,apache/airflow,33172841927,41203,pull_request,completed,failure,2026-08-28T12:51:46Z,2026-08-28T12:52:11Z,2026-08-28T13:53:00Z,3649.0,61000709d669f3149f5d11217fb9b2dced057916,backport-dca333a-v3-3-test,2026-08-28T12:42:11Z,631,42,0,42,2,2,1
github_actions,apache/airflow,33172581844,41202,pull_request,completed,success,2026-08-28T12:48:02Z,2026-08-28T12:48:02Z,2026-08-28T13:57:28Z,4166.0,862ebe581c92f48f4559e5072e65bad019877448,vincbeck/team-column-deadlines,2026-08-28T12:47:07Z,315,13,7,20,1,1,0
github_actions,apache/airflow,33172580861,117677,pull_request,completed,success,2026-08-28T12:48:01Z,2026-08-28T12:48:01Z,2026-08-28T12:58:04Z,603.0,862ebe581c92f48f4559e5072e65bad019877448,vincbeck/team-column-deadlines,2026-08-28T12:47:07Z,315,13,7,20,1,1,0
github_actions,apache/airflow,33172580798,30759,pull_request,completed,success,2026-08-28T12:48:01Z,2026-08-28T12:48:01Z,2026-08-28T12:48:10Z,9.0,862ebe581c92f48f4559e5072e65bad019877448,vincbeck/team-column-deadlines,2026-08-28T12:47:07Z,315,13,7,20,1,1,0
github_actions,apache/airflow,33172538253,140,push,completed,success,2026-08-28T12:47:23Z,2026-08-28T12:47:23Z,2026-08-28T13:09:55Z,1352.0,3610b802eec49c583991eebe4c707e6acab7f393,v3-3-test,2026-08-28T12:47:19Z,920,1,8,9,1,1,0
github_actions,apache/airflow,33172537617,117676,push,completed,success,2026-08-28T12:47:23Z,2026-08-28T12:47:23Z,2026-08-28T12:56:57Z,574.0,3610b802eec49c583991eebe4c707e6acab7f393,v3-3-test,2026-08-28T12:47:19Z,920,1,8,9,1,1,0
github_actions,apache/airflow,33172537606,5271,push,completed,success,2026-08-28T12:47:23Z,2026-08-28T12:47:23Z,2026-08-28T12:48:22Z,59.0,3610b802eec49c583991eebe4c707e6acab7f393,v3-3-test,2026-08-28T12:47:19Z,920,1,8,9,1,1,0
github_actions,apache/airflow,33172524043,139,push,completed,success,2026-08-28T12:47:12Z,2026-08-28T12:47:12Z,2026-08-28T12:57:30Z,618.0,c5ba28c343ca914de29f5b5991f3dd625d45efb9,v3-3-test,2026-08-28T12:47:07Z,212,71,4,75,3,1,0
github_actions,apache/airflow,33172523158,5270,push,completed,success,2026-08-28T12:47:11Z,2026-08-28T12:47:11Z,2026-08-28T12:48:03Z,52.0,c5ba28c343ca914de29f5b5991f3dd625d45efb9,v3-3-test,2026-08-28T12:47:07Z,212,71,4,75,3,1,0
github_actions,apache/airflow,33172200708,13954,push,completed,success,2026-08-28T12:42:37Z,2026-08-28T12:42:37Z,2026-08-28T12:42:59Z,22.0,62ecde055c8c3d9973df0e088c048deccc734994,main,2026-08-28T12:42:32Z,195,13,12,25,2,1,0
github_actions,apache/airflow,33172200139,117674,push,completed,success,2026-08-28T12:42:36Z,2026-08-28T12:42:36Z,2026-08-28T12:53:19Z,643.0,62ecde055c8c3d9973df0e088c048deccc734994,main,2026-08-28T12:42:32Z,195,13,12,25,2,1,0
github_actions,apache/airflow,33172199897,5269,push,completed,success,2026-08-28T12:42:36Z,2026-08-28T12:42:36Z,2026-08-28T12:43:29Z,53.0,62ecde055c8c3d9973df0e088c048deccc734994,main,2026-08-28T12:42:32Z,195,13,12,25,2,1,0
github_actions,apache/airflow,33172179834,117673,pull_request,completed,success,2026-08-28T12:42:19Z,2026-08-28T12:51:45Z,2026-08-28T13:01:05Z,560.0,61000709d669f3149f5d11217fb9b2dced057916,backport-dca333a-v3-3-test,2026-08-28T12:42:11Z,631,42,0,42,2,2,0
github_actions,apache/airflow,33172088058,5268,push,completed,success,2026-08-28T12:41:00Z,2026-08-28T12:41:00Z,2026-08-28T12:41:51Z,51.0,dca333a6484b1de98099c6253c171110692c0be5,main,2026-08-28T12:40:56Z,497,42,0,42,2,1,0
github_actions,apache/airflow,33172088572,13953,push,completed,success,2026-08-28T12:41:00Z,2026-08-28T12:41:00Z,2026-08-28T12:42:21Z,81.0,dca333a6484b1de98099c6253c171110692c0be5,main,2026-08-28T12:40:56Z,497,42,0,42,2,1,0
github_actions,apache/airflow,33171848399,41198,pull_request,completed,failure,2026-08-28T12:37:33Z,2026-08-28T12:37:33Z,2026-08-28T13:53:53Z,4580.0,14307f66e5d47207fdcae13cd55cac5d9f60c80f,fix_dag_version_increment,2026-08-28T12:36:29Z,142,96,57,153,10,1,1
github_actions,apache/airflow,33171847914,30758,pull_request,completed,success,2026-08-28T12:37:32Z,2026-08-28T12:37:32Z,2026-08-28T12:37:38Z,6.0,14307f66e5d47207fdcae13cd55cac5d9f60c80f,fix_dag_version_increment,2026-08-28T12:36:29Z,142,96,57,153,10,1,0
github_actions,apache/airflow,33171847938,117671,pull_request,completed,success,2026-08-28T12:37:32Z,2026-08-28T12:37:32Z,2026-08-28T12:47:41Z,609.0,14307f66e5d47207fdcae13cd55cac5d9f60c80f,fix_dag_version_increment,2026-08-28T12:36:29Z,142,96,57,153,10,1,0
github_actions,apache/airflow,33171681158,13952,push,completed,success,2026-08-28T12:35:10Z,2026-08-28T12:35:10Z,2026-08-28T12:35:32Z,22.0,9da89e70ac036e8d8c23208777f9575cf6eee22d,main,2026-08-28T12:35:05Z,49,1313,179,1492,23,1,0
github_actions,apache/airflow,33171680595,5267,push,completed,success,2026-08-28T12:35:09Z,2026-08-28T12:35:09Z,2026-08-28T12:36:01Z,52.0,9da89e70ac036e8d8c23208777f9575cf6eee22d,main,2026-08-28T12:35:05Z,49,1313,179,1492,23,1,0
github_actions,apache/airflow,33171551022,30757,pull_request,completed,success,2026-08-28T12:33:21Z,2026-08-28T12:33:21Z,2026-08-28T12:33:27Z,6.0,8e1684455b5decb513db34d864f48c0e7ef0cb17,fix_dag_version_increment,2026-08-20T16:32:15Z,189,97,55,152,10,1,0
github_actions,apache/airflow,33171107595,41196,pull_request,completed,success,2026-08-28T12:26:52Z,2026-08-28T12:26:52Z,2026-08-28T13:37:22Z,4230.0,bcfbcd2ca901dbb4fd88cd17467e46172447631b,fix_bq_async_test,2026-08-27T14:18:52Z,198,2,1,3,1,1,0
github_actions,apache/airflow,33171106888,117668,pull_request,completed,success,2026-08-28T12:26:51Z,2026-08-28T12:26:51Z,2026-08-28T12:36:47Z,596.0,bcfbcd2ca901dbb4fd88cd17467e46172447631b,fix_bq_async_test,2026-08-27T14:18:52Z,198,2,1,3,1,1,0
github_actions,apache/airflow,33171106933,30756,pull_request,completed,success,2026-08-28T12:26:51Z,2026-08-28T12:26:51Z,2026-08-28T12:27:00Z,9.0,bcfbcd2ca901dbb4fd88cd17467e46172447631b,fix_bq_async_test,2026-08-27T14:18:52Z,198,2,1,3,1,1,0
github_actions,apache/airflow,33170328509,41195,pull_request,completed,failure,2026-08-28T12:15:14Z,2026-08-28T12:15:14Z,2026-08-28T13:02:22Z,2828.0,457ad00ea84489583d183de30266e9fad43d6f1f,backport-71113,2026-08-28T08:52:22Z,1302,185,58,243,5,1,1
github_actions,apache/airflow,33170327887,117667,pull_request,completed,success,2026-08-28T12:15:13Z,2026-08-28T12:15:13Z,2026-08-28T12:21:20Z,367.0,457ad00ea84489583d183de30266e9fad43d6f1f,backport-71113,2026-08-28T08:52:22Z,1302,185,58,243,5,1,0
github_actions,apache/airflow,33170146900,41194,pull_request,completed,success,2026-08-28T12:12:31Z,2026-08-28T12:12:31Z,2026-08-28T13:20:00Z,4049.0,3a9bdf0525717568eba096144f30900112e9b30b,secrets-backends-order-updated,2026-08-28T12:12:01Z,16,7,0,7,1,1,0
github_actions,apache/airflow,33170146241,117666,pull_request,completed,success,2026-08-28T12:12:30Z,2026-08-28T12:12:30Z,2026-08-28T12:22:41Z,611.0,3a9bdf0525717568eba096144f30900112e9b30b,secrets-backends-order-updated,2026-08-28T12:12:01Z,16,7,0,7,1,1,0
github_actions,apache/airflow,33170146213,30755,pull_request,completed,success,2026-08-28T12:12:30Z,2026-08-28T12:12:30Z,2026-08-28T12:12:38Z,8.0,3a9bdf0525717568eba096144f30900112e9b30b,secrets-backends-order-updated,2026-08-28T12:12:01Z,16,7,0,7,1,1,0
github_actions,apache/airflow,33168417750,117665,pull_request,completed,success,2026-08-28T11:46:18Z,2026-08-28T13:23:30Z,2026-08-28T13:23:37Z,7.0,abbb735bddc0f42741156d141cdddaffc78bca4a,backport-51ebe32-v3-3-test,2026-08-28T11:46:11Z,1440,70,18,88,4,2,0
github_actions,apache/airflow,33168337792,13951,push,completed,success,2026-08-28T11:45:06Z,2026-08-28T11:45:06Z,2026-08-28T11:46:20Z,74.0,51ebe32acc11cf39b168566e1906c26fd063557b,main,2026-08-28T11:45:01Z,1314,70,18,88,4,1,0
github_actions,apache/airflow,33168337065,117664,push,completed,success,2026-08-28T11:45:05Z,2026-08-28T11:45:05Z,2026-08-28T11:45:13Z,8.0,51ebe32acc11cf39b168566e1906c26fd063557b,main,2026-08-28T11:45:01Z,1314,70,18,88,4,1,0
github_actions,apache/airflow,33168337025,5266,push,completed,success,2026-08-28T11:45:05Z,2026-08-28T11:45:05Z,2026-08-28T11:46:00Z,55.0,51ebe32acc11cf39b168566e1906c26fd063557b,main,2026-08-28T11:45:01Z,1314,70,18,88,4,1,0
github_actions,apache/airflow,33166271901,2761,schedule,completed,failure,2026-08-28T11:12:26Z,2026-08-28T11:12:26Z,2026-08-28T12:54:17Z,6111.0,6171e2bf9922f21db4729062356eb28963bec978,main,2026-08-28T08:51:26Z,778,1,8,9,1,1,1
github_actions,apache/airflow,33163795405,41190,pull_request,completed,failure,2026-08-28T10:33:16Z,2026-08-28T10:33:16Z,2026-08-28T11:40:21Z,4025.0,e9a75e744bc1dbcfb2d347b1e9344c1b7c9f9004,secrets-backends-order-updated,2026-08-28T10:32:59Z,16,7,0,7,1,1,1
github_actions,apache/airflow,33163794567,30752,pull_request,completed,success,2026-08-28T10:33:15Z,2026-08-28T10:33:15Z,2026-08-28T10:33:24Z,9.0,e9a75e744bc1dbcfb2d347b1e9344c1b7c9f9004,secrets-backends-order-updated,2026-08-28T10:32:59Z,16,7,0,7,1,1,0
github_actions,apache/airflow,33163794607,117661,pull_request,completed,success,2026-08-28T10:33:15Z,2026-08-28T10:33:15Z,2026-08-28T10:40:54Z,459.0,e9a75e744bc1dbcfb2d347b1e9344c1b7c9f9004,secrets-backends-order-updated,2026-08-28T10:32:59Z,16,7,0,7,1,1,0
github_actions,apache/airflow,33163440799,1284,schedule,completed,success,2026-08-28T10:27:45Z,2026-08-28T10:27:45Z,2026-08-28T10:28:14Z,29.0,6171e2bf9922f21db4729062356eb28963bec978,main,2026-08-28T08:51:26Z,778,1,8,9,1,1,0
github_actions,apache/airflow,33162668191,30751,pull_request,completed,success,2026-08-28T10:15:34Z,2026-08-28T10:15:34Z,2026-08-28T10:15:45Z,11.0,f3747c331a235829aa81121eb3d042aaf669099d,add-metrics-in-rest-api,2026-08-28T10:03:50Z,843,51,80,131,3,1,0
github_actions,apache/airflow,33162668817,41189,pull_request,completed,success,2026-08-28T10:15:34Z,2026-08-28T10:15:34Z,2026-08-28T11:04:09Z,2915.0,f3747c331a235829aa81121eb3d042aaf669099d,add-metrics-in-rest-api,2026-08-28T10:03:50Z,843,51,80,131,3,1,0
github_actions,apache/airflow,33162668135,117660,pull_request,completed,success,2026-08-28T10:15:33Z,2026-08-28T10:15:33Z,2026-08-28T10:25:52Z,619.0,f3747c331a235829aa81121eb3d042aaf669099d,add-metrics-in-rest-api,2026-08-28T10:03:50Z,843,51,80,131,3,1,0
github_actions,apache/airflow,33161925270,117659,pull_request,completed,success,2026-08-28T10:04:11Z,2026-08-28T10:04:11Z,2026-08-28T10:14:09Z,598.0,56b178a9a1287077a2ab64488e13ce5168a5e72c,secrets-backends-order-updated,2026-08-28T10:03:24Z,16,7,0,7,1,1,0
github_actions,apache/airflow,33161925301,30750,pull_request,completed,success,2026-08-28T10:04:11Z,2026-08-28T10:04:11Z,2026-08-28T10:04:17Z,6.0,56b178a9a1287077a2ab64488e13ce5168a5e72c,secrets-backends-order-updated,2026-08-28T10:03:24Z,16,7,0,7,1,1,0
github_actions,apache/airflow,33161625922,41187,pull_request,completed,success,2026-08-28T09:59:50Z,2026-08-28T10:13:48Z,2026-08-28T10:59:24Z,2736.0,4f717de1bda71f90a711ec05397fcaee165fe446,postgres-hook-sqlalchemy-scheme,2026-08-28T09:59:45Z,34,0,3,3,1,2,0
github_actions,apache/airflow,33161624941,30749,pull_request,completed,success,2026-08-28T09:59:49Z,2026-08-28T10:13:48Z,2026-08-28T10:13:57Z,9.0,4f717de1bda71f90a711ec05397fcaee165fe446,postgres-hook-sqlalchemy-scheme,2026-08-28T09:59:45Z,34,0,3,3,1,2,0
github_actions,apache/airflow,33161625010,117658,pull_request,completed,success,2026-08-28T09:59:49Z,2026-08-28T10:13:48Z,2026-08-28T10:23:15Z,567.0,4f717de1bda71f90a711ec05397fcaee165fe446,postgres-hook-sqlalchemy-scheme,2026-08-28T09:59:45Z,34,0,3,3,1,2,0
github_actions,apache/airflow,33160633711,30748,pull_request,completed,success,2026-08-28T09:44:56Z,2026-08-28T09:44:56Z,2026-08-28T09:45:06Z,10.0,1e8d17aa2b8cd963d6949fb2904621b11db2ceae,add-metrics-in-rest-api,2026-08-28T09:36:20Z,843,69,80,149,3,1,0
github_actions,apache/airflow,33160633675,117657,pull_request,completed,success,2026-08-28T09:44:56Z,2026-08-28T09:44:56Z,2026-08-28T09:55:16Z,620.0,1e8d17aa2b8cd963d6949fb2904621b11db2ceae,add-metrics-in-rest-api,2026-08-28T09:36:20Z,843,69,80,149,3,1,0
github_actions,apache/airflow,33159148524,41184,pull_request,completed,success,2026-08-28T09:23:13Z,2026-08-28T09:48:28Z,2026-08-28T11:26:49Z,5901.0,b2b5483a55e5de88255e717624fa277b455c08f3,ci-upgrade-main,2026-08-28T09:23:04Z,43,292,265,557,8,2,0
github_actions,apache/airflow,33159147816,30747,pull_request,completed,success,2026-08-28T09:23:13Z,2026-08-28T09:48:28Z,2026-08-28T09:48:39Z,11.0,b2b5483a55e5de88255e717624fa277b455c08f3,ci-upgrade-main,2026-08-28T09:23:04Z,43,292,265,557,8,2,0
github_actions,apache/airflow,33159147737,117656,pull_request,completed,success,2026-08-28T09:23:13Z,2026-08-28T09:48:28Z,2026-08-28T09:58:48Z,620.0,b2b5483a55e5de88255e717624fa277b455c08f3,ci-upgrade-main,2026-08-28T09:23:04Z,43,292,265,557,8,2,0
github_actions,apache/airflow,33158808335,62,schedule,completed,success,2026-08-28T09:18:16Z,2026-08-28T09:18:16Z,2026-08-28T09:23:16Z,300.0,6171e2bf9922f21db4729062356eb28963bec978,main,2026-08-28T08:51:26Z,778,1,8,9,1,1,0
github_actions,apache/airflow,33158782352,41183,pull_request,completed,success,2026-08-28T09:17:52Z,2026-08-28T09:17:52Z,2026-08-28T10:05:40Z,2868.0,2f02c4f3f3bb0932adc2784c857129dcbf0793d0,airflow-databricks-performance-target,2026-08-28T07:43:51Z,114,54,0,54,4,1,0
github_actions,apache/airflow,33158772201,41182,pull_request,completed,success,2026-08-28T09:17:44Z,2026-08-28T09:17:44Z,2026-08-28T10:01:48Z,2644.0,6dc79bbe2c441981a46b38c7cfd4f0f8e644ccca,airflow-batch-pop-by-id-leak,2026-08-28T08:15:01Z,102,2,3,5,2,1,0
github_actions,apache/airflow,33158048677,137,schedule,completed,failure,2026-08-28T09:07:11Z,2026-08-28T09:07:11Z,2026-08-28T09:08:09Z,58.0,6171e2bf9922f21db4729062356eb28963bec978,main,2026-08-28T08:51:26Z,778,1,8,9,1,1,1
github_actions,apache/airflow,33157949713,768,schedule,completed,success,2026-08-28T09:05:46Z,2026-08-28T09:05:46Z,2026-08-28T09:06:51Z,65.0,6171e2bf9922f21db4729062356eb28963bec978,main,2026-08-28T08:51:26Z,778,1,8,9,1,1,0
github_actions,apache/airflow,33157832955,41181,pull_request,completed,failure,2026-08-28T09:04:03Z,2026-08-28T09:04:03Z,2026-08-28T09:42:40Z,2317.0,b9f627cfee1a030db7828752c0cba5770a0d25f8,backport-6171e2b-v3-3-test,2026-08-28T08:52:43Z,911,1,8,9,1,1,1
github_actions,apache/airflow,33157471487,2520,pull_request,completed,success,2026-08-28T08:58:43Z,2026-08-28T08:58:43Z,2026-08-28T09:00:38Z,115.0,230a2b791a56289c7fbfd79e143ceac4f147a31a,add-kinesis-trigger,2026-08-28T08:54:07Z,117,105,44,149,2,1,0
github_actions,apache/airflow,33157472249,41180,pull_request,completed,success,2026-08-28T08:58:43Z,2026-08-28T08:58:43Z,2026-08-28T09:51:09Z,3146.0,230a2b791a56289c7fbfd79e143ceac4f147a31a,add-kinesis-trigger,2026-08-28T08:54:07Z,117,105,44,149,2,1,0
github_actions,apache/airflow,33157471436,30746,pull_request,completed,success,2026-08-28T08:58:42Z,2026-08-28T08:58:42Z,2026-08-28T09:00:23Z,101.0,230a2b791a56289c7fbfd79e143ceac4f147a31a,add-kinesis-trigger,2026-08-28T08:54:07Z,117,105,44,149,2,1,0
github_actions,apache/airflow,33157471373,117655,pull_request,completed,success,2026-08-28T08:58:42Z,2026-08-28T08:58:42Z,2026-08-28T09:11:15Z,753.0,230a2b791a56289c7fbfd79e143ceac4f147a31a,add-kinesis-trigger,2026-08-28T08:54:07Z,117,105,44,149,2,1,0
github_actions,apache/airflow,33157238366,41179,pull_request,completed,success,2026-08-28T08:55:09Z,2026-08-28T08:55:09Z,2026-08-28T09:34:27Z,2358.0,a1a90790962c62878775374b1b5a59a7c8d2bf91,docs/debug-airflow-deployment-guide-43892,2026-08-28T08:55:01Z,66,72324,33332,105656,300,1,0
github_actions,apache/airflow,33157237524,30745,pull_request,completed,success,2026-08-28T08:55:08Z,2026-08-28T08:55:08Z,2026-08-28T08:55:15Z,7.0,a1a90790962c62878775374b1b5a59a7c8d2bf91,docs/debug-airflow-deployment-guide-43892,2026-08-28T08:55:01Z,66,72324,33332,105656,300,1,0
github_actions,apache/airflow,33157237504,117654,pull_request,completed,success,2026-08-28T08:55:08Z,2026-08-28T08:55:08Z,2026-08-28T08:55:21Z,13.0,a1a90790962c62878775374b1b5a59a7c8d2bf91,docs/debug-airflow-deployment-guide-43892,2026-08-28T08:55:01Z,66,72324,33332,105656,300,1,0
github_actions,apache/airflow,33157087498,41178,pull_request,completed,failure,2026-08-28T08:52:51Z,2026-08-28T12:38:00Z,2026-08-28T13:14:33Z,2193.0,b9f627cfee1a030db7828752c0cba5770a0d25f8,backport-6171e2b-v3-3-test,2026-08-28T08:52:43Z,911,1,8,9,1,2,1
github_actions,apache/airflow,33157086825,117653,pull_request,completed,success,2026-08-28T08:52:50Z,2026-08-28T12:37:59Z,2026-08-28T12:47:02Z,543.0,b9f627cfee1a030db7828752c0cba5770a0d25f8,backport-6171e2b-v3-3-test,2026-08-28T08:52:43Z,911,1,8,9,1,2,0
github_actions,apache/airflow,33156998996,117652,push,completed,success,2026-08-28T08:51:29Z,2026-08-28T08:51:29Z,2026-08-28T09:00:04Z,515.0,6171e2bf9922f21db4729062356eb28963bec978,main,2026-08-28T08:51:26Z,778,1,8,9,1,1,0
github_actions,apache/airflow,33156999522,13950,push,completed,success,2026-08-28T08:51:29Z,2026-08-28T08:51:29Z,2026-08-28T08:52:52Z,83.0,6171e2bf9922f21db4729062356eb28963bec978,main,2026-08-28T08:51:26Z,778,1,8,9,1,1,0
github_actions,apache/airflow,33156998937,5265,push,completed,success,2026-08-28T08:51:29Z,2026-08-28T08:51:29Z,2026-08-28T08:51:56Z,27.0,6171e2bf9922f21db4729062356eb28963bec978,main,2026-08-28T08:51:26Z,778,1,8,9,1,1,0
github_actions,apache/airflow,33156727248,2760,push,completed,success,2026-08-28T08:47:19Z,2026-08-28T08:47:19Z,2026-08-28T08:55:39Z,500.0,50c5a2c34ec87057ee7a5a25bc839c6da40b8bdb,v3-3-test,2026-08-28T08:47:15Z,389,22,0,22,1,1,0
github_actions,apache/airflow,33156727294,41177,push,completed,success,2026-08-28T08:47:19Z,2026-08-28T08:47:19Z,2026-08-28T08:59:49Z,750.0,50c5a2c34ec87057ee7a5a25bc839c6da40b8bdb,v3-3-test,2026-08-28T08:47:15Z,389,22,0,22,1,1,0
github_actions,apache/airflow,33156726569,138,push,completed,success,2026-08-28T08:47:18Z,2026-08-28T08:47:18Z,2026-08-28T09:02:27Z,909.0,50c5a2c34ec87057ee7a5a25bc839c6da40b8bdb,v3-3-test,2026-08-28T08:47:15Z,389,22,0,22,1,1,0
github_actions,apache/airflow,33156726120,117651,push,completed,success,2026-08-28T08:47:18Z,2026-08-28T08:47:18Z,2026-08-28T08:48:32Z,74.0,50c5a2c34ec87057ee7a5a25bc839c6da40b8bdb,v3-3-test,2026-08-28T08:47:15Z,389,22,0,22,1,1,0
github_actions,apache/airflow,33156726123,5264,push,completed,success,2026-08-28T08:47:18Z,2026-08-28T08:47:18Z,2026-08-28T08:49:15Z,117.0,50c5a2c34ec87057ee7a5a25bc839c6da40b8bdb,v3-3-test,2026-08-28T08:47:15Z,389,22,0,22,1,1,0
github_actions,apache/airflow,33156722080,41176,pull_request,completed,success,2026-08-28T08:47:14Z,2026-08-28T08:47:14Z,2026-08-28T08:50:45Z,211.0,c99a689aeb923dfc5d5989509373b19b16e40860,backport-a26f17f-v3-3-test,2026-08-27T20:53:06Z,380,22,0,22,1,1,0
github_actions,apache/airflow,33156674156,117650,push,completed,success,2026-08-28T08:46:30Z,2026-08-28T08:46:30Z,2026-08-28T08:46:41Z,11.0,26335dd4161b576130f2a285047c5c4995a07e19,v3-3-test,2026-08-28T08:46:26Z,559,40,30,70,1,1,0
github_actions,apache/airflow,33156674159,5263,push,completed,success,2026-08-28T08:46:30Z,2026-08-28T08:46:30Z,2026-08-28T08:48:05Z,95.0,26335dd4161b576130f2a285047c5c4995a07e19,v3-3-test,2026-08-28T08:46:26Z,559,40,30,70,1,1,0
github_actions,apache/airflow,33156670522,41174,pull_request,completed,success,2026-08-28T08:46:26Z,2026-08-28T08:46:26Z,2026-08-28T08:49:37Z,191.0,f5ec9839b28692543dfc26bc1b43899a8479de58,backport-b294df2-v3-3-test,2026-08-27T20:52:06Z,550,40,30,70,1,1,0
github_actions,apache/airflow,33156368984,41173,pull_request,completed,success,2026-08-28T08:41:56Z,2026-08-28T08:41:56Z,2026-08-28T09:24:40Z,2564.0,861415f9fa289990ef63fdf0e684e0e2176fcb16,fix-retry-docs-resource,2026-08-28T08:40:08Z,69,1,1,2,1,1,0
github_actions,apache/airflow,33156368316,117649,pull_request,completed,success,2026-08-28T08:41:55Z,2026-08-28T08:41:55Z,2026-08-28T08:43:32Z,97.0,861415f9fa289990ef63fdf0e684e0e2176fcb16,fix-retry-docs-resource,2026-08-28T08:40:08Z,69,1,1,2,1,1,0
github_actions,apache/airflow,33156368283,30744,pull_request,completed,success,2026-08-28T08:41:55Z,2026-08-28T08:41:55Z,2026-08-28T08:42:09Z,14.0,861415f9fa289990ef63fdf0e684e0e2176fcb16,fix-retry-docs-resource,2026-08-28T08:40:08Z,69,1,1,2,1,1,0
github_actions,apache/airflow,33155932808,5262,push,completed,success,2026-08-28T08:35:14Z,2026-08-28T08:35:14Z,2026-08-28T08:36:20Z,66.0,38e8c653d5bfbd88f9dea83bd1744c85b8490d97,v3-3-test,2026-08-28T08:35:10Z,864,104,39,143,6,1,0
github_actions,apache/airflow,33155932809,117648,push,completed,success,2026-08-28T08:35:14Z,2026-08-28T08:35:14Z,2026-08-28T08:44:52Z,578.0,38e8c653d5bfbd88f9dea83bd1744c85b8490d97,v3-3-test,2026-08-28T08:35:10Z,864,104,39,143,6,1,0
github_actions,apache/airflow,33155933378,136,push,completed,success,2026-08-28T08:35:14Z,2026-08-28T08:35:14Z,2026-08-28T08:51:06Z,952.0,38e8c653d5bfbd88f9dea83bd1744c85b8490d97,v3-3-test,2026-08-28T08:35:10Z,864,104,39,143,6,1,0
github_actions,apache/airflow,33154782556,41168,pull_request,completed,success,2026-08-28T08:17:51Z,2026-08-28T08:17:51Z,2026-08-28T09:02:59Z,2708.0,6dc79bbe2c441981a46b38c7cfd4f0f8e644ccca,airflow-batch-pop-by-id-leak,2026-08-28T08:15:01Z,102,2,3,5,2,1,0
github_actions,apache/airflow,33154781988,30740,pull_request,completed,success,2026-08-28T08:17:50Z,2026-08-28T08:17:50Z,2026-08-28T08:18:05Z,15.0,6dc79bbe2c441981a46b38c7cfd4f0f8e644ccca,airflow-batch-pop-by-id-leak,2026-08-28T08:15:01Z,102,2,3,5,2,1,0
github_actions,apache/airflow,33154781993,117644,pull_request,completed,success,2026-08-28T08:17:50Z,2026-08-28T08:17:50Z,2026-08-28T08:25:42Z,472.0,6dc79bbe2c441981a46b38c7cfd4f0f8e644ccca,airflow-batch-pop-by-id-leak,2026-08-28T08:15:01Z,102,2,3,5,2,1,0
github_actions,apache/airflow,33152645393,41167,pull_request,completed,success,2026-08-28T07:45:15Z,2026-08-28T07:45:15Z,2026-08-28T08:30:32Z,2717.0,2f02c4f3f3bb0932adc2784c857129dcbf0793d0,airflow-databricks-performance-target,2026-08-28T07:43:51Z,114,54,0,54,4,1,0
github_actions,apache/airflow,33152644739,117643,pull_request,completed,success,2026-08-28T07:45:14Z,2026-08-28T07:45:14Z,2026-08-28T07:54:42Z,568.0,2f02c4f3f3bb0932adc2784c857129dcbf0793d0,airflow-databricks-performance-target,2026-08-28T07:43:51Z,114,54,0,54,4,1,0
github_actions,apache/airflow,33152644638,30739,pull_request,completed,success,2026-08-28T07:45:14Z,2026-08-28T07:45:14Z,2026-08-28T07:45:23Z,9.0,2f02c4f3f3bb0932adc2784c857129dcbf0793d0,airflow-databricks-performance-target,2026-08-28T07:43:51Z,114,54,0,54,4,1,0
github_actions,apache/airflow,33152560221,30738,pull_request,completed,success,2026-08-28T07:43:59Z,2026-08-28T07:43:59Z,2026-08-28T07:44:08Z,9.0,14ed1225116b4e1405da398642c163d31cd37b39,java-sdk-verification-metadata-ci-check,2026-08-28T07:41:46Z,103,495,41,536,10,1,0
github_actions,apache/airflow,33152560235,54,pull_request,completed,success,2026-08-28T07:43:59Z,2026-08-28T07:43:59Z,2026-08-28T07:44:09Z,10.0,14ed1225116b4e1405da398642c163d31cd37b39,java-sdk-verification-metadata-ci-check,2026-08-28T07:41:46Z,103,495,41,536,10,1,0
github_actions,apache/airflow,33152560211,103,pull_request,completed,success,2026-08-28T07:43:59Z,2026-08-28T07:43:59Z,2026-08-28T07:49:21Z,322.0,14ed1225116b4e1405da398642c163d31cd37b39,java-sdk-verification-metadata-ci-check,2026-08-28T07:41:46Z,103,495,41,536,10,1,0
github_actions,apache/airflow,33152560224,117642,pull_request,completed,success,2026-08-28T07:43:59Z,2026-08-28T07:43:59Z,2026-08-28T07:49:41Z,342.0,14ed1225116b4e1405da398642c163d31cd37b39,java-sdk-verification-metadata-ci-check,2026-08-28T07:41:46Z,103,495,41,536,10,1,0
github_actions,apache/airflow,33152560800,41166,pull_request,completed,success,2026-08-28T07:43:59Z,2026-08-28T07:43:59Z,2026-08-28T08:54:22Z,4223.0,14ed1225116b4e1405da398642c163d31cd37b39,java-sdk-verification-metadata-ci-check,2026-08-28T07:41:46Z,103,495,41,536,10,1,0
github_actions,apache/airflow,33148953133,117641,pull_request,completed,success,2026-08-28T06:44:22Z,2026-08-28T06:44:22Z,2026-08-28T06:53:47Z,565.0,2b201e3d9458893d235b6766c2dd4672a85233df,perf/terminal-state-set-based-skip,2026-08-28T06:30:07Z,1248,103,13,116,3,1,0
github_actions,apache/airflow,33148953173,30737,pull_request,completed,success,2026-08-28T06:44:22Z,2026-08-28T06:44:22Z,2026-08-28T06:44:29Z,7.0,2b201e3d9458893d235b6766c2dd4672a85233df,perf/terminal-state-set-based-skip,2026-08-28T06:30:07Z,1248,103,13,116,3,1,0
github_actions,apache/airflow,33148953658,41165,pull_request,completed,failure,2026-08-28T06:44:22Z,2026-08-28T06:44:22Z,2026-08-28T07:30:31Z,2769.0,2b201e3d9458893d235b6766c2dd4672a85233df,perf/terminal-state-set-based-skip,2026-08-28T06:30:07Z,1248,103,13,116,3,1,1
github_actions,apache/airflow,33144580884,41163,pull_request,completed,success,2026-08-28T05:22:46Z,2026-08-28T05:22:46Z,2026-08-28T06:02:35Z,2389.0,977545f022bbcfbaf206c8f02f18659417798d84,fix/beam-deferrable-impersonation-chain,2026-08-27T11:04:51Z,547,21,15,36,2,1,0
github_actions,apache/airflow,33144335534,41162,pull_request,completed,success,2026-08-28T05:17:53Z,2026-08-28T05:17:53Z,2026-08-28T06:30:20Z,4347.0,bbcddc61cec50760cfc06e144397d3dc24d9f679,shorten-managed-kafka-cluster-id,2026-08-28T05:15:50Z,178,3,3,6,3,1,0
github_actions,apache/airflow,33144334999,30735,pull_request,completed,success,2026-08-28T05:17:52Z,2026-08-28T05:17:52Z,2026-08-28T05:17:58Z,6.0,bbcddc61cec50760cfc06e144397d3dc24d9f679,shorten-managed-kafka-cluster-id,2026-08-28T05:15:50Z,178,3,3,6,3,1,0
github_actions,apache/airflow,33144334993,117639,pull_request,completed,success,2026-08-28T05:17:52Z,2026-08-28T05:17:52Z,2026-08-28T05:25:34Z,462.0,bbcddc61cec50760cfc06e144397d3dc24d9f679,shorten-managed-kafka-cluster-id,2026-08-28T05:15:50Z,178,3,3,6,3,1,0
github_actions,apache/airflow,33142576289,117638,schedule,completed,success,2026-08-28T04:42:18Z,2026-08-28T04:42:18Z,2026-08-28T04:52:40Z,622.0,3d4216a7c1fef4ab5bd15deea3826688559c7e37,main,2026-08-27T23:32:40Z,77,26,9,35,1,1,0
github_actions,apache/airflow,33142051312,41161,schedule,completed,failure,2026-08-28T04:31:22Z,2026-08-28T04:31:22Z,2026-08-28T05:57:20Z,5158.0,3d4216a7c1fef4ab5bd15deea3826688559c7e37,main,2026-08-27T23:32:40Z,77,26,9,35,1,1,1
github_actions,apache/airflow,33137238872,2008,schedule,completed,success,2026-08-28T02:52:55Z,2026-08-28T02:52:55Z,2026-08-28T02:53:33Z,38.0,3d4216a7c1fef4ab5bd15deea3826688559c7e37,main,2026-08-27T23:32:40Z,77,26,9,35,1,1,0
github_actions,apache/airflow,33137141240,151,schedule,completed,success,2026-08-28T02:50:56Z,2026-08-28T02:50:56Z,2026-08-28T02:51:32Z,36.0,3d4216a7c1fef4ab5bd15deea3826688559c7e37,main,2026-08-27T23:32:40Z,77,26,9,35,1,1,0
github_actions,apache/airflow,33135564478,41160,pull_request,completed,success,2026-08-28T02:19:25Z,2026-08-28T02:19:25Z,2026-08-28T03:24:08Z,3883.0,2bcd7979f4fa1fb2573ad5c0b4a61dff62d183cd,llm-branch-ignore-trigger-rules,2026-08-28T02:18:40Z,245,47,7,54,3,1,0
github_actions,apache/airflow,33135563981,30734,pull_request,completed,success,2026-08-28T02:19:24Z,2026-08-28T02:19:24Z,2026-08-28T02:19:29Z,5.0,2bcd7979f4fa1fb2573ad5c0b4a61dff62d183cd,llm-branch-ignore-trigger-rules,2026-08-28T02:18:40Z,245,47,7,54,3,1,0
github_actions,apache/airflow,33135563955,117637,pull_request,completed,success,2026-08-28T02:19:24Z,2026-08-28T02:19:24Z,2026-08-28T02:28:42Z,558.0,2bcd7979f4fa1fb2573ad5c0b4a61dff62d183cd,llm-branch-ignore-trigger-rules,2026-08-28T02:18:40Z,245,47,7,54,3,1,0
github_actions,facebook/react,33183219700,20851,schedule,completed,success,2026-08-28T15:03:04Z,2026-08-28T15:03:04Z,2026-08-28T15:04:28Z,84.0,2dc7da790d6388b95b83198ca9b588b2ad5f5c0b,main,2026-08-28T11:06:47Z,1905,1660,1220,2880,56,1,0
github_actions,facebook/react,33174468997,1132,pull_request_target,completed,success,2026-08-28T13:13:59Z,2026-08-28T13:13:59Z,2026-08-28T13:14:07Z,8.0,4298d21ac342f797a971c04920a2296eba5a513f,codex/fix-compiler-shadowed-function-37394,2026-08-28T13:13:09Z,57,165,133,298,13,1,0
github_actions,facebook/react,33174468986,4922,pull_request_target,completed,success,2026-08-28T13:13:59Z,2026-08-28T13:13:59Z,2026-08-28T13:14:07Z,8.0,4298d21ac342f797a971c04920a2296eba5a513f,codex/fix-compiler-shadowed-function-37394,2026-08-28T13:13:09Z,57,165,133,298,13,1,0
github_actions,facebook/react,33168988163,18349,schedule,completed,success,2026-08-28T11:55:15Z,2026-08-28T11:55:15Z,2026-08-28T11:55:36Z,21.0,2dc7da790d6388b95b83198ca9b588b2ad5f5c0b,main,2026-08-28T11:06:47Z,1905,1660,1220,2880,56,1,0
github_actions,facebook/react,33166500871,158,workflow_run,completed,success,2026-08-28T11:16:00Z,2026-08-28T11:16:00Z,2026-08-28T11:16:15Z,15.0,2dc7da790d6388b95b83198ca9b588b2ad5f5c0b,main,2026-08-28T11:06:47Z,1905,1660,1220,2880,56,1,0
github_actions,facebook/react,33166473402,157,workflow_run,completed,success,2026-08-28T11:15:35Z,2026-08-28T11:15:35Z,2026-08-28T11:15:52Z,17.0,2dc7da790d6388b95b83198ca9b588b2ad5f5c0b,main,2026-08-28T11:06:47Z,1905,1660,1220,2880,56,1,0
github_actions,facebook/react,33166382565,2689,workflow_run,completed,success,2026-08-28T11:14:11Z,2026-08-28T11:14:11Z,2026-08-28T11:16:29Z,138.0,2dc7da790d6388b95b83198ca9b588b2ad5f5c0b,main,2026-08-28T11:06:47Z,1905,1660,1220,2880,56,1,0
github_actions,facebook/react,33166169483,155,workflow_run,completed,success,2026-08-28T11:10:47Z,2026-08-28T11:10:47Z,2026-08-28T11:11:06Z,19.0,2dc7da790d6388b95b83198ca9b588b2ad5f5c0b,main,2026-08-28T11:06:47Z,1905,1660,1220,2880,56,1,0
github_actions,facebook/react,33166169032,154,workflow_run,completed,success,2026-08-28T11:10:47Z,2026-08-28T11:10:47Z,2026-08-28T11:11:02Z,15.0,2dc7da790d6388b95b83198ca9b588b2ad5f5c0b,main,2026-08-28T11:06:47Z,1905,1660,1220,2880,56,1,0
github_actions,facebook/react,33166167539,9813,pull_request,completed,success,2026-08-28T11:10:45Z,2026-08-28T11:10:45Z,2026-08-28T11:12:33Z,108.0,b3b6bd3fc53a7de71ed1eb3b6181197fcd80ca84,dependabot/npm_and_yarn/fixtures/packaging/browserify/dev/brace-expansion-1.1.18,2026-08-28T11:10:39Z,492,2,2,4,1,1,0
github_actions,facebook/react,33166167538,19340,pull_request,completed,success,2026-08-28T11:10:45Z,2026-08-28T11:10:45Z,2026-08-28T11:12:34Z,109.0,b3b6bd3fc53a7de71ed1eb3b6181197fcd80ca84,dependabot/npm_and_yarn/fixtures/packaging/browserify/dev/brace-expansion-1.1.18,2026-08-28T11:10:39Z,492,2,2,4,1,1,0
github_actions,facebook/react,33166166907,9812,pull_request,completed,success,2026-08-28T11:10:45Z,2026-08-28T11:10:45Z,2026-08-28T11:12:37Z,112.0,fccc22b73a1eea28d82daf072b7afdf6dcec6f79,dependabot/npm_and_yarn/fixtures/packaging/webpack-alias/dev/brace-expansion-1.1.18,2026-08-28T11:10:38Z,495,2,2,4,1,1,0
github_actions,facebook/react,33166166858,19339,pull_request,completed,success,2026-08-28T11:10:45Z,2026-08-28T11:10:45Z,2026-08-28T11:12:51Z,126.0,fccc22b73a1eea28d82daf072b7afdf6dcec6f79,dependabot/npm_and_yarn/fixtures/packaging/webpack-alias/dev/brace-expansion-1.1.18,2026-08-28T11:10:38Z,495,2,2,4,1,1,0
github_actions,facebook/react,33166167548,13430,pull_request,completed,success,2026-08-28T11:10:45Z,2026-08-28T11:10:45Z,2026-08-28T11:15:33Z,288.0,b3b6bd3fc53a7de71ed1eb3b6181197fcd80ca84,dependabot/npm_and_yarn/fixtures/packaging/browserify/dev/brace-expansion-1.1.18,2026-08-28T11:10:39Z,492,2,2,4,1,1,0
github_actions,facebook/react,33166166896,13429,pull_request,completed,success,2026-08-28T11:10:45Z,2026-08-28T11:10:45Z,2026-08-28T11:15:58Z,313.0,fccc22b73a1eea28d82daf072b7afdf6dcec6f79,dependabot/npm_and_yarn/fixtures/packaging/webpack-alias/dev/brace-expansion-1.1.18,2026-08-28T11:10:38Z,495,2,2,4,1,1,0
github_actions,facebook/react,33166166107,2788,pull_request_target,completed,success,2026-08-28T11:10:44Z,2026-08-28T11:10:44Z,2026-08-28T11:10:52Z,8.0,fccc22b73a1eea28d82daf072b7afdf6dcec6f79,dependabot/npm_and_yarn/fixtures/packaging/webpack-alias/dev/brace-expansion-1.1.18,2026-08-28T11:10:38Z,495,2,2,4,1,1,0
github_actions,facebook/react,33166165658,2787,pull_request_target,completed,success,2026-08-28T11:10:44Z,2026-08-28T11:10:44Z,2026-08-28T11:10:52Z,8.0,b3b6bd3fc53a7de71ed1eb3b6181197fcd80ca84,dependabot/npm_and_yarn/fixtures/packaging/browserify/dev/brace-expansion-1.1.18,2026-08-28T11:10:39Z,492,2,2,4,1,1,0
github_actions,facebook/react,33166165976,4921,pull_request_target,completed,success,2026-08-28T11:10:44Z,2026-08-28T11:10:44Z,2026-08-28T11:10:52Z,8.0,fccc22b73a1eea28d82daf072b7afdf6dcec6f79,dependabot/npm_and_yarn/fixtures/packaging/webpack-alias/dev/brace-expansion-1.1.18,2026-08-28T11:10:38Z,495,2,2,4,1,1,0
github_actions,facebook/react,33166165696,4920,pull_request_target,completed,success,2026-08-28T11:10:44Z,2026-08-28T11:10:44Z,2026-08-28T11:10:55Z,11.0,b3b6bd3fc53a7de71ed1eb3b6181197fcd80ca84,dependabot/npm_and_yarn/fixtures/packaging/browserify/dev/brace-expansion-1.1.18,2026-08-28T11:10:39Z,492,2,2,4,1,1,0
github_actions,facebook/react,33166096929,912,dynamic,completed,success,2026-08-28T11:09:40Z,2026-08-28T11:09:40Z,2026-08-28T11:10:42Z,62.0,2dc7da790d6388b95b83198ca9b588b2ad5f5c0b,main,2026-08-28T11:06:47Z,1905,1660,1220,2880,56,1,0
github_actions,facebook/react,33166096196,911,dynamic,completed,success,2026-08-28T11:09:39Z,2026-08-28T11:09:39Z,2026-08-28T11:10:41Z,62.0,2dc7da790d6388b95b83198ca9b588b2ad5f5c0b,main,2026-08-28T11:06:47Z,1905,1660,1220,2880,56,1,0
github_actions,facebook/react,33165919683,20850,push,completed,success,2026-08-28T11:06:51Z,2026-08-28T11:06:51Z,2026-08-28T11:08:23Z,92.0,2dc7da790d6388b95b83198ca9b588b2ad5f5c0b,main,2026-08-28T11:06:47Z,1905,1660,1220,2880,56,1,0
github_actions,facebook/react,33165919686,19338,push,completed,success,2026-08-28T11:06:51Z,2026-08-28T11:06:51Z,2026-08-28T11:08:46Z,115.0,2dc7da790d6388b95b83198ca9b588b2ad5f5c0b,main,2026-08-28T11:06:47Z,1905,1660,1220,2880,56,1,0
github_actions,facebook/react,33165919635,8742,push,completed,success,2026-08-28T11:06:51Z,2026-08-28T11:06:51Z,2026-08-28T11:10:51Z,240.0,2dc7da790d6388b95b83198ca9b588b2ad5f5c0b,main,2026-08-28T11:06:47Z,1905,1660,1220,2880,56,1,0
github_actions,facebook/react,33165919682,8747,push,completed,success,2026-08-28T11:06:51Z,2026-08-28T11:06:51Z,2026-08-28T11:10:34Z,223.0,2dc7da790d6388b95b83198ca9b588b2ad5f5c0b,main,2026-08-28T11:06:47Z,1905,1660,1220,2880,56,1,0
github_actions,facebook/react,33165919696,9811,push,completed,success,2026-08-28T11:06:51Z,2026-08-28T11:06:51Z,2026-08-28T11:10:07Z,196.0,2dc7da790d6388b95b83198ca9b588b2ad5f5c0b,main,2026-08-28T11:06:47Z,1905,1660,1220,2880,56,1,0
github_actions,facebook/react,33165919691,13428,push,completed,success,2026-08-28T11:06:51Z,2026-08-28T11:06:51Z,2026-08-28T11:14:09Z,438.0,2dc7da790d6388b95b83198ca9b588b2ad5f5c0b,main,2026-08-28T11:06:47Z,1905,1660,1220,2880,56,1,0
github_actions,facebook/react,33165919675,1004,push,completed,success,2026-08-28T11:06:51Z,2026-08-28T11:06:51Z,2026-08-28T11:16:40Z,589.0,2dc7da790d6388b95b83198ca9b588b2ad5f5c0b,main,2026-08-28T11:06:47Z,1905,1660,1220,2880,56,1,0
github_actions,facebook/react,33165919461,2305,pull_request,completed,success,2026-08-28T11:06:50Z,2026-08-28T11:06:50Z,2026-08-28T11:07:01Z,11.0,26ffdd783c64fd4a14cfbf535c7ff2e6f094e202,sebbie/jest-30,2026-08-28T10:49:22Z,57,6,0,6,1,1,0
github_actions,facebook/react,33165359614,152,workflow_run,completed,success,2026-08-28T10:58:10Z,2026-08-28T10:58:10Z,2026-08-28T10:58:28Z,18.0,29d9d3184484b03cb0369e0494617207df777b7a,main,2026-08-26T19:45:29Z,475,37,0,37,2,1,0
github_actions,facebook/react,33164912431,151,workflow_run,completed,success,2026-08-28T10:50:58Z,2026-08-28T10:50:58Z,2026-08-28T10:51:12Z,14.0,29d9d3184484b03cb0369e0494617207df777b7a,main,2026-08-26T19:45:29Z,475,37,0,37,2,1,0
github_actions,facebook/react,33164910558,13427,pull_request,completed,success,2026-08-28T10:50:56Z,2026-08-28T10:50:56Z,2026-08-28T10:58:08Z,432.0,26ffdd783c64fd4a14cfbf535c7ff2e6f094e202,sebbie/jest-30,2026-08-28T10:49:22Z,57,6,0,6,1,1,0
github_actions,facebook/react,33164910605,19337,pull_request,completed,success,2026-08-28T10:50:56Z,2026-08-28T10:50:56Z,2026-08-28T10:52:58Z,122.0,26ffdd783c64fd4a14cfbf535c7ff2e6f094e202,sebbie/jest-30,2026-08-28T10:49:22Z,57,6,0,6,1,1,0
github_actions,facebook/react,33164910598,9810,pull_request,completed,success,2026-08-28T10:50:56Z,2026-08-28T10:50:56Z,2026-08-28T10:54:06Z,190.0,26ffdd783c64fd4a14cfbf535c7ff2e6f094e202,sebbie/jest-30,2026-08-28T10:49:22Z,57,6,0,6,1,1,0
github_actions,facebook/react,33164350422,150,workflow_run,completed,success,2026-08-28T10:42:05Z,2026-08-28T10:42:05Z,2026-08-28T10:42:19Z,14.0,29d9d3184484b03cb0369e0494617207df777b7a,main,2026-08-26T19:45:29Z,475,37,0,37,2,1,0
github_actions,facebook/react,33163990162,20849,schedule,completed,success,2026-08-28T10:36:19Z,2026-08-28T10:36:19Z,2026-08-28T10:37:30Z,71.0,29d9d3184484b03cb0369e0494617207df777b7a,main,2026-08-26T19:45:29Z,475,37,0,37,2,1,0
github_actions,facebook/react,33157438169,2071,schedule,completed,success,2026-08-28T08:58:12Z,2026-08-28T08:58:12Z,2026-08-28T08:58:23Z,11.0,29d9d3184484b03cb0369e0494617207df777b7a,main,2026-08-26T19:45:29Z,475,37,0,37,2,1,0
github_actions,facebook/react,33152208590,18348,schedule,completed,success,2026-08-28T07:38:23Z,2026-08-28T07:38:23Z,2026-08-28T07:38:47Z,24.0,29d9d3184484b03cb0369e0494617207df777b7a,main,2026-08-26T19:45:29Z,475,37,0,37,2,1,0
github_actions,facebook/react,33150583446,149,workflow_run,completed,success,2026-08-28T07:12:03Z,2026-08-28T07:12:03Z,2026-08-28T07:12:20Z,17.0,29d9d3184484b03cb0369e0494617207df777b7a,main,2026-08-26T19:45:29Z,475,37,0,37,2,1,0
github_actions,facebook/react,33148653663,20848,schedule,completed,success,2026-08-28T06:39:12Z,2026-08-28T06:39:12Z,2026-08-28T06:40:17Z,65.0,29d9d3184484b03cb0369e0494617207df777b7a,main,2026-08-26T19:45:29Z,475,37,0,37,2,1,0
github_actions,facebook/react,33144824927,148,workflow_run,completed,success,2026-08-28T05:27:35Z,2026-08-28T05:27:35Z,2026-08-28T05:27:52Z,17.0,29d9d3184484b03cb0369e0494617207df777b7a,main,2026-08-26T19:45:29Z,475,37,0,37,2,1,0
github_actions,facebook/react,33144823091,147,workflow_run,completed,success,2026-08-28T05:27:33Z,2026-08-28T05:27:33Z,2026-08-28T05:27:49Z,16.0,29d9d3184484b03cb0369e0494617207df777b7a,main,2026-08-26T19:45:29Z,475,37,0,37,2,1,0
github_actions,facebook/react,33144295985,146,workflow_run,completed,success,2026-08-28T05:17:03Z,2026-08-28T05:17:03Z,2026-08-28T05:17:19Z,16.0,29d9d3184484b03cb0369e0494617207df777b7a,main,2026-08-26T19:45:29Z,475,37,0,37,2,1,0
github_actions,facebook/react,33144295713,145,workflow_run,completed,success,2026-08-28T05:17:02Z,2026-08-28T05:17:02Z,2026-08-28T05:17:22Z,20.0,29d9d3184484b03cb0369e0494617207df777b7a,main,2026-08-26T19:45:29Z,475,37,0,37,2,1,0
github_actions,facebook/react,33142793250,18347,schedule,completed,success,2026-08-28T04:46:39Z,2026-08-28T04:46:39Z,2026-08-28T04:47:05Z,26.0,29d9d3184484b03cb0369e0494617207df777b7a,main,2026-08-26T19:45:29Z,475,37,0,37,2,1,0
github_actions,facebook/react,33138104612,20847,schedule,completed,success,2026-08-28T03:10:12Z,2026-08-28T03:10:12Z,2026-08-28T03:11:14Z,62.0,29d9d3184484b03cb0369e0494617207df777b7a,main,2026-08-26T19:45:29Z,475,37,0,37,2,1,0
github_actions,facebook/react,33136195666,778,schedule,completed,failure,2026-08-28T02:32:02Z,2026-08-28T02:32:02Z,2026-08-28T02:36:15Z,253.0,29d9d3184484b03cb0369e0494617207df777b7a,main,2026-08-26T19:45:29Z,475,37,0,37,2,1,1
github_actions,facebook/react,33135934952,2070,schedule,completed,success,2026-08-28T02:26:50Z,2026-08-28T02:26:50Z,2026-08-28T02:26:59Z,9.0,29d9d3184484b03cb0369e0494617207df777b7a,main,2026-08-26T19:45:29Z,475,37,0,37,2,1,0
github_actions,facebook/react,33133747426,18346,schedule,completed,success,2026-08-28T01:43:53Z,2026-08-28T01:43:53Z,2026-08-28T01:44:14Z,21.0,29d9d3184484b03cb0369e0494617207df777b7a,main,2026-08-26T19:45:29Z,475,37,0,37,2,1,0
github_actions,facebook/react,33130702343,144,workflow_run,completed,success,2026-08-28T00:45:02Z,2026-08-28T00:45:02Z,2026-08-28T00:45:17Z,15.0,29d9d3184484b03cb0369e0494617207df777b7a,main,2026-08-26T19:45:29Z,475,37,0,37,2,1,0
github_actions,facebook/react,33130700091,143,workflow_run,completed,success,2026-08-28T00:45:00Z,2026-08-28T00:45:00Z,2026-08-28T00:45:16Z,16.0,29d9d3184484b03cb0369e0494617207df777b7a,main,2026-08-26T19:45:29Z,475,37,0,37,2,1,0
github_actions,facebook/react,33130700500,2786,pull_request_target,completed,success,2026-08-28T00:45:00Z,2026-08-28T00:45:00Z,2026-08-28T00:45:07Z,7.0,7ecd65425739fdaff25dadcbd4839ddaf5e36e40,fix/flight-deferred-props-freeze,2026-08-28T00:43:38Z,55,114,1,115,2,1,0
github_actions,facebook/react,33130700520,4919,pull_request_target,completed,success,2026-08-28T00:45:00Z,2026-08-28T00:45:00Z,2026-08-28T00:45:07Z,7.0,7ecd65425739fdaff25dadcbd4839ddaf5e36e40,fix/flight-deferred-props-freeze,2026-08-28T00:43:38Z,55,114,1,115,2,1,0
github_actions,facebook/react,33130698891,2785,pull_request_target,completed,success,2026-08-28T00:44:58Z,2026-08-28T00:44:58Z,2026-08-28T00:45:08Z,10.0,fcee1e2cc44dd71f8d9e55b5f70da48f28edf3a5,fix/reentrant-act-queue,2026-08-28T00:43:38Z,46,54,6,60,2,1,0
github_actions,facebook/react,33130698896,4918,pull_request_target,completed,success,2026-08-28T00:44:58Z,2026-08-28T00:44:58Z,2026-08-28T00:45:06Z,8.0,fcee1e2cc44dd71f8d9e55b5f70da48f28edf3a5,fix/reentrant-act-queue,2026-08-28T00:43:38Z,46,54,6,60,2,1,0
github_actions,facebook/react,33125344736,20846,schedule,completed,success,2026-08-27T23:11:01Z,2026-08-27T23:11:01Z,2026-08-27T23:12:01Z,60.0,29d9d3184484b03cb0369e0494617207df777b7a,main,2026-08-26T19:45:29Z,475,37,0,37,2,1,0
github_actions,facebook/react,33122268043,18345,schedule,completed,success,2026-08-27T22:22:58Z,2026-08-27T22:22:58Z,2026-08-27T22:23:27Z,29.0,29d9d3184484b03cb0369e0494617207df777b7a,main,2026-08-26T19:45:29Z,475,37,0,37,2,1,0
github_actions,facebook/react,33116692272,2069,schedule,completed,success,2026-08-27T21:08:02Z,2026-08-27T21:08:02Z,2026-08-27T21:08:13Z,11.0,29d9d3184484b03cb0369e0494617207df777b7a,main,2026-08-26T19:45:29Z,475,37,0,37,2,1,0
github_actions,facebook/react,33109884815,537,schedule,completed,success,2026-08-27T19:44:18Z,2026-08-27T19:44:18Z,2026-08-27T19:45:11Z,53.0,29d9d3184484b03cb0369e0494617207df777b7a,main,2026-08-26T19:45:29Z,475,37,0,37,2,1,0
github_actions,facebook/react,33109775549,93,schedule,completed,success,2026-08-27T19:43:00Z,2026-08-27T19:43:00Z,2026-08-27T19:46:41Z,221.0,29d9d3184484b03cb0369e0494617207df777b7a,main,2026-08-26T19:45:29Z,475,37,0,37,2,1,0
github_actions,facebook/react,33109187803,20845,schedule,completed,success,2026-08-27T19:35:41Z,2026-08-27T19:35:41Z,2026-08-27T19:36:58Z,77.0,29d9d3184484b03cb0369e0494617207df777b7a,main,2026-08-26T19:45:29Z,475,37,0,37,2,1,0
github_actions,facebook/react,33104206709,18344,schedule,completed,success,2026-08-27T18:35:09Z,2026-08-27T18:35:09Z,2026-08-27T18:35:44Z,35.0,29d9d3184484b03cb0369e0494617207df777b7a,main,2026-08-26T19:45:29Z,475,37,0,37,2,1,0
github_actions,facebook/react,33089902876,20844,schedule,completed,success,2026-08-27T15:49:09Z,2026-08-27T15:49:09Z,2026-08-27T15:50:17Z,68.0,29d9d3184484b03cb0369e0494617207df777b7a,main,2026-08-26T19:45:29Z,475,37,0,37,2,1,0
github_actions,facebook/react,33088388212,2068,schedule,completed,success,2026-08-27T15:32:39Z,2026-08-27T15:32:39Z,2026-08-27T15:32:52Z,13.0,29d9d3184484b03cb0369e0494617207df777b7a,main,2026-08-26T19:45:29Z,475,37,0,37,2,1,0
github_actions,facebook/react,33083771354,18343,schedule,completed,success,2026-08-27T14:42:59Z,2026-08-27T14:42:59Z,2026-08-27T14:43:30Z,31.0,29d9d3184484b03cb0369e0494617207df777b7a,main,2026-08-26T19:45:29Z,475,37,0,37,2,1,0
github_actions,facebook/react,33067629121,20843,schedule,completed,success,2026-08-27T11:29:58Z,2026-08-27T11:29:58Z,2026-08-27T11:31:03Z,65.0,29d9d3184484b03cb0369e0494617207df777b7a,main,2026-08-26T19:45:29Z,475,37,0,37,2,1,0
github_actions,facebook/react,33062655584,18342,schedule,completed,success,2026-08-27T10:21:10Z,2026-08-27T10:21:10Z,2026-08-27T10:21:32Z,22.0,29d9d3184484b03cb0369e0494617207df777b7a,main,2026-08-26T19:45:29Z,475,37,0,37,2,1,0
github_actions,facebook/react,33056244653,2067,schedule,completed,success,2026-08-27T08:56:13Z,2026-08-27T08:56:13Z,2026-08-27T08:56:23Z,10.0,29d9d3184484b03cb0369e0494617207df777b7a,main,2026-08-26T19:45:29Z,475,37,0,37,2,1,0
github_actions,facebook/react,33050501087,20842,schedule,completed,success,2026-08-27T07:37:32Z,2026-08-27T07:37:32Z,2026-08-27T07:38:45Z,73.0,29d9d3184484b03cb0369e0494617207df777b7a,main,2026-08-26T19:45:29Z,475,37,0,37,2,1,0
github_actions,facebook/react,33044858798,18341,schedule,completed,success,2026-08-27T06:09:24Z,2026-08-27T06:09:24Z,2026-08-27T06:09:48Z,24.0,29d9d3184484b03cb0369e0494617207df777b7a,main,2026-08-26T19:45:29Z,475,37,0,37,2,1,0
github_actions,facebook/react,33040791546,20841,schedule,completed,success,2026-08-27T04:53:40Z,2026-08-27T04:53:40Z,2026-08-27T04:54:46Z,66.0,29d9d3184484b03cb0369e0494617207df777b7a,main,2026-08-26T19:45:29Z,475,37,0,37,2,1,0
github_actions,facebook/react,33037491037,18340,schedule,completed,success,2026-08-27T03:48:59Z,2026-08-27T03:48:59Z,2026-08-27T03:49:24Z,25.0,29d9d3184484b03cb0369e0494617207df777b7a,main,2026-08-26T19:45:29Z,475,37,0,37,2,1,0
github_actions,facebook/react,33034017389,20840,schedule,completed,success,2026-08-27T02:40:44Z,2026-08-27T02:40:44Z,2026-08-27T02:41:53Z,69.0,29d9d3184484b03cb0369e0494617207df777b7a,main,2026-08-26T19:45:29Z,475,37,0,37,2,1,0
github_actions,facebook/react,33030794298,18339,schedule,completed,success,2026-08-27T01:39:34Z,2026-08-27T01:39:34Z,2026-08-27T01:40:02Z,28.0,29d9d3184484b03cb0369e0494617207df777b7a,main,2026-08-26T19:45:29Z,475,37,0,37,2,1,0
github_actions,facebook/react,33029593788,142,workflow_run,completed,success,2026-08-27T01:16:52Z,2026-08-27T01:16:52Z,2026-08-27T01:17:09Z,17.0,29d9d3184484b03cb0369e0494617207df777b7a,main,2026-08-26T19:45:29Z,475,37,0,37,2,1,0
github_actions,facebook/react,33029208174,777,schedule,completed,failure,2026-08-27T01:09:49Z,2026-08-27T01:09:49Z,2026-08-27T01:14:27Z,278.0,29d9d3184484b03cb0369e0494617207df777b7a,main,2026-08-26T19:45:29Z,475,37,0,37,2,1,1
github_actions,facebook/react,33028955033,2066,schedule,completed,success,2026-08-27T01:05:04Z,2026-08-27T01:05:04Z,2026-08-27T01:05:10Z,6.0,29d9d3184484b03cb0369e0494617207df777b7a,main,2026-08-26T19:45:29Z,475,37,0,37,2,1,0
github_actions,facebook/react,33026286049,141,workflow_run,completed,success,2026-08-27T00:16:27Z,2026-08-27T00:16:27Z,2026-08-27T00:16:42Z,15.0,29d9d3184484b03cb0369e0494617207df777b7a,main,2026-08-26T19:45:29Z,475,37,0,37,2,1,0
github_actions,facebook/react,33026284470,4917,pull_request_target,completed,success,2026-08-27T00:16:25Z,2026-08-27T00:16:25Z,2026-08-27T00:16:37Z,12.0,6eba50cbbc305118c409ed7db28d7e2a0b5e3f0c,fix/portal-hydration-cursor,2026-08-27T00:15:46Z,977,121,1,122,5,1,0
github_actions,facebook/react,33026284525,2784,pull_request_target,completed,success,2026-08-27T00:16:25Z,2026-08-27T00:16:25Z,2026-08-27T00:16:38Z,13.0,6eba50cbbc305118c409ed7db28d7e2a0b5e3f0c,fix/portal-hydration-cursor,2026-08-27T00:15:46Z,977,121,1,122,5,1,0
github_actions,facebook/react,33025983769,20839,schedule,completed,success,2026-08-27T00:11:14Z,2026-08-27T00:11:14Z,2026-08-27T00:12:27Z,73.0,29d9d3184484b03cb0369e0494617207df777b7a,main,2026-08-26T19:45:29Z,475,37,0,37,2,1,0
github_actions,facebook/react,33022163534,18338,schedule,completed,success,2026-08-26T23:08:19Z,2026-08-26T23:08:19Z,2026-08-26T23:08:43Z,24.0,29d9d3184484b03cb0369e0494617207df777b7a,main,2026-08-26T19:45:29Z,475,37,0,37,2,1,0
github_actions,facebook/react,33017930332,20838,schedule,completed,success,2026-08-26T22:01:43Z,2026-08-26T22:01:43Z,2026-08-26T22:03:00Z,77.0,29d9d3184484b03cb0369e0494617207df777b7a,main,2026-08-26T19:45:29Z,475,37,0,37,2,1,0
github_actions,facebook/react,33017774910,18337,schedule,completed,success,2026-08-26T21:59:18Z,2026-08-26T21:59:18Z,2026-08-26T21:59:39Z,21.0,29d9d3184484b03cb0369e0494617207df777b7a,main,2026-08-26T19:45:29Z,475,37,0,37,2,1,0
github_actions,facebook/react,33012644013,20837,schedule,completed,success,2026-08-26T20:53:09Z,2026-08-26T20:53:09Z,2026-08-26T20:54:30Z,81.0,29d9d3184484b03cb0369e0494617207df777b7a,main,2026-08-26T19:45:29Z,475,37,0,37,2,1,0
github_actions,facebook/react,33012431625,18336,schedule,completed,success,2026-08-26T20:50:40Z,2026-08-26T20:50:40Z,2026-08-26T20:51:11Z,31.0,29d9d3184484b03cb0369e0494617207df777b7a,main,2026-08-26T19:45:29Z,475,37,0,37,2,1,0
github_actions,facebook/react,33010832445,140,workflow_run,completed,success,2026-08-26T20:31:27Z,2026-08-26T20:31:27Z,2026-08-26T20:31:43Z,16.0,29d9d3184484b03cb0369e0494617207df777b7a,main,2026-08-26T19:45:29Z,475,37,0,37,2,1,0
github_actions,facebook/react,33007183267,2688,workflow_run,completed,success,2026-08-26T19:49:17Z,2026-08-26T19:49:17Z,2026-08-26T19:53:11Z,234.0,29d9d3184484b03cb0369e0494617207df777b7a,main,2026-08-26T19:45:29Z,475,37,0,37,2,1,0
github_actions,facebook/react,33006861894,19328,push,completed,success,2026-08-26T19:45:35Z,2026-08-26T19:45:35Z,2026-08-26T19:46:42Z,67.0,29d9d3184484b03cb0369e0494617207df777b7a,main,2026-08-26T19:45:29Z,475,37,0,37,2,1,0
github_actions,facebook/react,33006861667,9802,push,completed,success,2026-08-26T19:45:35Z,2026-08-26T19:45:35Z,2026-08-26T19:47:31Z,116.0,29d9d3184484b03cb0369e0494617207df777b7a,main,2026-08-26T19:45:29Z,475,37,0,37,2,1,0
github_actions,facebook/react,33006861591,8740,push,completed,success,2026-08-26T19:45:35Z,2026-08-26T19:45:35Z,2026-08-26T19:49:02Z,207.0,29d9d3184484b03cb0369e0494617207df777b7a,main,2026-08-26T19:45:29Z,475,37,0,37,2,1,0
github_actions,facebook/react,33006861592,13419,push,completed,success,2026-08-26T19:45:35Z,2026-08-26T19:45:35Z,2026-08-26T19:49:15Z,220.0,29d9d3184484b03cb0369e0494617207df777b7a,main,2026-08-26T19:45:29Z,475,37,0,37,2,1,0
github_actions,facebook/react,33006861586,8745,push,completed,success,2026-08-26T19:45:35Z,2026-08-26T19:45:35Z,2026-08-26T19:49:36Z,241.0,29d9d3184484b03cb0369e0494617207df777b7a,main,2026-08-26T19:45:29Z,475,37,0,37,2,1,0
github_actions,facebook/react,33006861621,1002,push,completed,success,2026-08-26T19:45:35Z,2026-08-26T19:45:35Z,2026-08-26T19:55:26Z,591.0,29d9d3184484b03cb0369e0494617207df777b7a,main,2026-08-26T19:45:29Z,475,37,0,37,2,1,0
github_actions,facebook/react,33006861528,20836,push,completed,success,2026-08-26T19:45:34Z,2026-08-26T19:45:34Z,2026-08-26T19:47:02Z,88.0,29d9d3184484b03cb0369e0494617207df777b7a,main,2026-08-26T19:45:29Z,475,37,0,37,2,1,0
github_actions,facebook/react,33006859822,2304,pull_request,completed,success,2026-08-26T19:45:33Z,2026-08-26T19:45:33Z,2026-08-26T19:45:48Z,15.0,56741ad096eb0d8c93fcab2fb6691159ffb30e5e,fix/toggle-event-source,2026-08-26T12:49:33Z,51,37,0,37,2,1,0
github_actions,facebook/react,33005934292,20835,schedule,completed,success,2026-08-26T19:35:12Z,2026-08-26T19:35:12Z,2026-08-26T19:36:28Z,76.0,269bd40a953a5339ad47c643f9b9dbce88ab878d,main,2026-08-26T17:24:58Z,856,9,61,70,5,1,0
github_actions,facebook/react,33005911799,18335,schedule,completed,success,2026-08-26T19:34:57Z,2026-08-26T19:34:57Z,2026-08-26T19:36:11Z,74.0,269bd40a953a5339ad47c643f9b9dbce88ab878d,main,2026-08-26T17:24:58Z,856,9,61,70,5,1,0
github_actions,facebook/react,33001125573,20834,schedule,completed,success,2026-08-26T18:42:02Z,2026-08-26T18:42:02Z,2026-08-26T18:43:11Z,69.0,269bd40a953a5339ad47c643f9b9dbce88ab878d,main,2026-08-26T17:24:58Z,856,9,61,70,5,1,0
github_actions,facebook/react,33000883188,18334,schedule,completed,success,2026-08-26T18:39:27Z,2026-08-26T18:39:27Z,2026-08-26T18:39:50Z,23.0,269bd40a953a5339ad47c643f9b9dbce88ab878d,main,2026-08-26T17:24:58Z,856,9,61,70,5,1,0
github_actions,facebook/react,33000060165,2065,schedule,completed,success,2026-08-26T18:30:31Z,2026-08-26T18:30:31Z,2026-08-26T18:30:44Z,13.0,269bd40a953a5339ad47c643f9b9dbce88ab878d,main,2026-08-26T17:24:58Z,856,9,61,70,5,1,0
github_actions,facebook/react,32997138987,20833,schedule,completed,success,2026-08-26T17:58:48Z,2026-08-26T17:58:48Z,2026-08-26T18:00:05Z,77.0,269bd40a953a5339ad47c643f9b9dbce88ab878d,main,2026-08-26T17:24:58Z,856,9,61,70,5,1,0
github_actions,facebook/react,32996934121,18333,schedule,completed,success,2026-08-26T17:56:37Z,2026-08-26T17:56:37Z,2026-08-26T17:57:00Z,23.0,269bd40a953a5339ad47c643f9b9dbce88ab878d,main,2026-08-26T17:24:58Z,856,9,61,70,5,1,0
github_actions,facebook/react,32995217311,137,workflow_run,completed,success,2026-08-26T17:37:03Z,2026-08-26T17:37:03Z,2026-08-26T17:37:30Z,27.0,269bd40a953a5339ad47c643f9b9dbce88ab878d,main,2026-08-26T17:24:58Z,856,9,61,70,5,1,0
github_actions,facebook/react,32994737924,135,workflow_run,completed,success,2026-08-26T17:32:20Z,2026-08-26T17:32:20Z,2026-08-26T17:32:42Z,22.0,269bd40a953a5339ad47c643f9b9dbce88ab878d,main,2026-08-26T17:24:58Z,856,9,61,70,5,1,0
github_actions,facebook/react,32994516084,2687,workflow_run,completed,success,2026-08-26T17:30:10Z,2026-08-26T17:30:10Z,2026-08-26T17:31:35Z,85.0,269bd40a953a5339ad47c643f9b9dbce88ab878d,main,2026-08-26T17:24:58Z,856,9,61,70,5,1,0
github_actions,facebook/react,32994104490,133,workflow_run,completed,success,2026-08-26T17:26:01Z,2026-08-26T17:26:01Z,2026-08-26T17:26:30Z,29.0,269bd40a953a5339ad47c643f9b9dbce88ab878d,main,2026-08-26T17:24:58Z,856,9,61,70,5,1,0
github_actions,facebook/react,32994049859,19327,pull_request,completed,success,2026-08-26T17:25:28Z,2026-08-26T17:25:28Z,2026-08-26T17:26:32Z,64.0,7a8ba654dbd6fc799088fbaaf62c1b68c597fb22,sebbie/jest-30,2026-08-26T17:25:02Z,3003,1654,1220,2874,56,1,0
github_actions,facebook/react,32994049820,9801,pull_request,completed,success,2026-08-26T17:25:28Z,2026-08-26T17:25:28Z,2026-08-26T17:27:32Z,124.0,7a8ba654dbd6fc799088fbaaf62c1b68c597fb22,sebbie/jest-30,2026-08-26T17:25:02Z,3003,1654,1220,2874,56,1,0
github_actions,facebook/react,32994049081,13418,pull_request,completed,success,2026-08-26T17:25:28Z,2026-08-26T17:25:28Z,2026-08-26T17:31:06Z,338.0,7a8ba654dbd6fc799088fbaaf62c1b68c597fb22,sebbie/jest-30,2026-08-26T17:25:02Z,3003,1654,1220,2874,56,1,0
github_actions,facebook/react,32994040341,8739,push,completed,success,2026-08-26T17:25:23Z,2026-08-26T17:25:23Z,2026-08-26T17:29:30Z,247.0,269bd40a953a5339ad47c643f9b9dbce88ab878d,main,2026-08-26T17:24:58Z,856,9,61,70,5,1,0
github_actions,facebook/react,32994036288,19326,push,completed,success,2026-08-26T17:25:21Z,2026-08-26T17:25:21Z,2026-08-26T17:26:26Z,65.0,269bd40a953a5339ad47c643f9b9dbce88ab878d,main,2026-08-26T17:24:58Z,856,9,61,70,5,1,0
github_actions,facebook/react,32994036838,9800,push,completed,success,2026-08-26T17:25:21Z,2026-08-26T17:25:21Z,2026-08-26T17:27:26Z,125.0,269bd40a953a5339ad47c643f9b9dbce88ab878d,main,2026-08-26T17:24:58Z,856,9,61,70,5,1,0
github_actions,facebook/react,32994037530,8744,push,completed,success,2026-08-26T17:25:21Z,2026-08-26T17:25:21Z,2026-08-26T17:29:11Z,230.0,269bd40a953a5339ad47c643f9b9dbce88ab878d,main,2026-08-26T17:24:58Z,856,9,61,70,5,1,0
github_actions,facebook/react,32994037278,13417,push,completed,success,2026-08-26T17:25:21Z,2026-08-26T17:25:21Z,2026-08-26T17:29:48Z,267.0,269bd40a953a5339ad47c643f9b9dbce88ab878d,main,2026-08-26T17:24:58Z,856,9,61,70,5,1,0
github_actions,facebook/react,32994036015,1001,push,completed,success,2026-08-26T17:25:20Z,2026-08-26T17:25:20Z,2026-08-26T17:35:37Z,617.0,269bd40a953a5339ad47c643f9b9dbce88ab878d,main,2026-08-26T17:24:58Z,856,9,61,70,5,1,0
github_actions,facebook/react,32994034636,2303,pull_request,completed,success,2026-08-26T17:25:20Z,2026-08-26T17:25:20Z,2026-08-26T17:25:28Z,8.0,d98c1de9024e5e3be1922c274a99632f36d1c2de,sebbie/drop-tothrow-override,2026-08-26T09:59:44Z,638,9,61,70,5,1,0
github_actions,facebook/react,32994035667,20832,push,completed,success,2026-08-26T17:25:20Z,2026-08-26T17:25:20Z,2026-08-26T17:26:37Z,77.0,269bd40a953a5339ad47c643f9b9dbce88ab878d,main,2026-08-26T17:24:58Z,856,9,61,70,5,1,0
github_actions,facebook/react,32989143937,92,schedule,completed,success,2026-08-26T16:34:24Z,2026-08-26T16:34:24Z,2026-08-26T16:38:09Z,225.0,a1124489a5e8f81e16ac957699a60038b965f502,main,2026-08-26T11:09:31Z,957,42,1,43,2,1,0
github_actions,facebook/react,32989134833,536,schedule,completed,success,2026-08-26T16:34:18Z,2026-08-26T16:34:18Z,2026-08-26T16:35:09Z,51.0,a1124489a5e8f81e16ac957699a60038b965f502,main,2026-08-26T11:09:31Z,957,42,1,43,2,1,0
github_actions,facebook/react,32988698204,20831,schedule,completed,success,2026-08-26T16:29:53Z,2026-08-26T16:29:53Z,2026-08-26T16:31:14Z,81.0,a1124489a5e8f81e16ac957699a60038b965f502,main,2026-08-26T11:09:31Z,957,42,1,43,2,1,0
github_actions,facebook/react,32988598957,18332,schedule,completed,success,2026-08-26T16:28:46Z,2026-08-26T16:28:46Z,2026-08-26T16:29:07Z,21.0,a1124489a5e8f81e16ac957699a60038b965f502,main,2026-08-26T11:09:31Z,957,42,1,43,2,1,0
github_actions,facebook/react,32986127417,20830,schedule,completed,success,2026-08-26T15:47:40Z,2026-08-26T15:47:40Z,2026-08-26T15:49:31Z,111.0,a1124489a5e8f81e16ac957699a60038b965f502,main,2026-08-26T11:09:31Z,957,42,1,43,2,1,0
github_actions,facebook/react,32986112527,18331,schedule,completed,success,2026-08-26T15:47:05Z,2026-08-26T15:47:05Z,2026-08-26T15:47:32Z,27.0,a1124489a5e8f81e16ac957699a60038b965f502,main,2026-08-26T11:09:31Z,957,42,1,43,2,1,0
github_actions,facebook/react,32979875389,132,workflow_run,completed,success,2026-08-26T14:22:24Z,2026-08-26T14:22:24Z,2026-08-26T14:22:44Z,20.0,a1124489a5e8f81e16ac957699a60038b965f502,main,2026-08-26T11:09:31Z,957,42,1,43,2,1,0
github_actions,facebook/react,32979356860,20829,schedule,completed,success,2026-08-26T14:17:27Z,2026-08-26T14:17:27Z,2026-08-26T14:18:46Z,79.0,a1124489a5e8f81e16ac957699a60038b965f502,main,2026-08-26T11:09:31Z,957,42,1,43,2,1,0
github_actions,facebook/react,32979252881,18330,schedule,completed,success,2026-08-26T14:16:24Z,2026-08-26T14:16:24Z,2026-08-26T14:16:48Z,24.0,a1124489a5e8f81e16ac957699a60038b965f502,main,2026-08-26T11:09:31Z,957,42,1,43,2,1,0
github_actions,facebook/react,32973915396,20828,schedule,completed,success,2026-08-26T13:23:28Z,2026-08-26T13:23:28Z,2026-08-26T13:24:43Z,75.0,a1124489a5e8f81e16ac957699a60038b965f502,main,2026-08-26T11:09:31Z,957,42,1,43,2,1,0
github_actions,facebook/react,32973837646,18329,schedule,completed,success,2026-08-26T13:22:41Z,2026-08-26T13:22:41Z,2026-08-26T13:23:11Z,30.0,a1124489a5e8f81e16ac957699a60038b965f502,main,2026-08-26T11:09:31Z,957,42,1,43,2,1,0
github_actions,facebook/react,32970877927,131,workflow_run,completed,success,2026-08-26T12:51:50Z,2026-08-26T12:51:50Z,2026-08-26T12:52:03Z,13.0,a1124489a5e8f81e16ac957699a60038b965f502,main,2026-08-26T11:09:31Z,957,42,1,43,2,1,0
github_actions,facebook/react,32970694192,130,workflow_run,completed,success,2026-08-26T12:49:50Z,2026-08-26T12:49:50Z,2026-08-26T12:50:09Z,19.0,a1124489a5e8f81e16ac957699a60038b965f502,main,2026-08-26T11:09:31Z,957,42,1,43,2,1,0
github_actions,facebook/react,32970690277,4916,pull_request_target,completed,success,2026-08-26T12:49:48Z,2026-08-26T12:49:48Z,2026-08-26T12:49:55Z,7.0,56741ad096eb0d8c93fcab2fb6691159ffb30e5e,fix/toggle-event-source,2026-08-26T12:49:33Z,51,37,0,37,2,1,0
github_actions,facebook/react,32970690340,2783,pull_request_target,completed,success,2026-08-26T12:49:48Z,2026-08-26T12:49:48Z,2026-08-26T12:49:55Z,7.0,56741ad096eb0d8c93fcab2fb6691159ffb30e5e,fix/toggle-event-source,2026-08-26T12:49:33Z,51,37,0,37,2,1,0
github_actions,facebook/react,32970690885,19323,pull_request,completed,success,2026-08-26T12:49:48Z,2026-08-26T17:26:54Z,2026-08-26T17:28:12Z,78.0,56741ad096eb0d8c93fcab2fb6691159ffb30e5e,fix/toggle-event-source,2026-08-26T12:49:33Z,51,37,0,37,2,2,0
github_actions,facebook/react,32970690911,13414,pull_request,completed,success,2026-08-26T12:49:48Z,2026-08-26T17:26:54Z,2026-08-26T17:31:44Z,290.0,56741ad096eb0d8c93fcab2fb6691159ffb30e5e,fix/toggle-event-source,2026-08-26T12:49:33Z,51,37,0,37,2,2,0
github_actions,facebook/react,32970690859,9797,pull_request,completed,success,2026-08-26T12:49:48Z,2026-08-26T17:26:54Z,2026-08-26T17:32:32Z,338.0,56741ad096eb0d8c93fcab2fb6691159ffb30e5e,fix/toggle-event-source,2026-08-26T12:49:33Z,51,37,0,37,2,2,0
github_actions,facebook/react,32968842425,2782,pull_request_target,completed,success,2026-08-26T12:29:38Z,2026-08-26T12:29:38Z,2026-08-26T12:30:12Z,34.0,6529fd33932dfbb871eaf2b61e8951943aa5b79b,sebbie/jest-30,2026-08-26T12:13:27Z,3003,1654,1220,2874,56,1,0
github_actions,facebook/react,32968354265,129,workflow_run,completed,success,2026-08-26T12:23:58Z,2026-08-26T12:23:58Z,2026-08-26T12:24:15Z,17.0,a1124489a5e8f81e16ac957699a60038b965f502,main,2026-08-26T11:09:31Z,957,42,1,43,2,1,0
github_actions,facebook/react,32967721865,128,workflow_run,completed,success,2026-08-26T12:16:52Z,2026-08-26T12:16:52Z,2026-08-26T12:17:05Z,13.0,a1124489a5e8f81e16ac957699a60038b965f502,main,2026-08-26T11:09:31Z,957,42,1,43,2,1,0
github_actions,facebook/react,32967719394,19322,pull_request,completed,success,2026-08-26T12:16:50Z,2026-08-26T12:16:50Z,2026-08-26T12:18:57Z,127.0,6529fd33932dfbb871eaf2b61e8951943aa5b79b,sebbie/jest-30,2026-08-26T12:13:27Z,3003,1654,1220,2874,56,1,0
github_actions,facebook/react,32967719246,9796,pull_request,completed,success,2026-08-26T12:16:50Z,2026-08-26T12:16:50Z,2026-08-26T12:20:16Z,206.0,6529fd33932dfbb871eaf2b61e8951943aa5b79b,sebbie/jest-30,2026-08-26T12:13:27Z,3003,1654,1220,2874,56,1,0
github_actions,facebook/react,32967719318,13413,pull_request,completed,success,2026-08-26T12:16:50Z,2026-08-26T12:16:50Z,2026-08-26T12:23:56Z,426.0,6529fd33932dfbb871eaf2b61e8951943aa5b79b,sebbie/jest-30,2026-08-26T12:13:27Z,3003,1654,1220,2874,56,1,0
github_actions,facebook/react,32967527601,2302,pull_request,completed,success,2026-08-26T12:14:42Z,2026-08-26T12:14:42Z,2026-08-26T12:14:53Z,11.0,6d3cbe989fc9bc412355e858f21013c88a3985df,sebbie/unpin-jsdom,2026-08-26T11:23:43Z,1027,178,185,363,4,1,0
github_actions,facebook/react,32967314276,20827,schedule,completed,success,2026-08-26T12:12:19Z,2026-08-26T12:12:19Z,2026-08-26T12:13:35Z,76.0,a1124489a5e8f81e16ac957699a60038b965f502,main,2026-08-26T11:09:31Z,957,42,1,43,2,1,0
github_actions,facebook/react,32967157540,18328,schedule,completed,success,2026-08-26T12:10:35Z,2026-08-26T12:10:35Z,2026-08-26T12:11:05Z,30.0,a1124489a5e8f81e16ac957699a60038b965f502,main,2026-08-26T11:09:31Z,957,42,1,43,2,1,0
github_actions,facebook/react,32966612862,2064,schedule,completed,success,2026-08-26T12:04:25Z,2026-08-26T12:04:25Z,2026-08-26T12:04:40Z,15.0,a1124489a5e8f81e16ac957699a60038b965f502,main,2026-08-26T11:09:31Z,957,42,1,43,2,1,0
github_actions,facebook/react,32964211802,127,workflow_run,completed,success,2026-08-26T11:36:58Z,2026-08-26T11:36:58Z,2026-08-26T11:37:16Z,18.0,a1124489a5e8f81e16ac957699a60038b965f502,main,2026-08-26T11:09:31Z,957,42,1,43,2,1,0
github_actions,facebook/react,32964148934,126,workflow_run,completed,success,2026-08-26T11:36:15Z,2026-08-26T11:36:15Z,2026-08-26T11:36:29Z,14.0,a1124489a5e8f81e16ac957699a60038b965f502,main,2026-08-26T11:09:31Z,957,42,1,43,2,1,0
github_actions,facebook/react,32963833097,125,workflow_run,completed,success,2026-08-26T11:32:35Z,2026-08-26T11:32:35Z,2026-08-26T11:32:55Z,20.0,a1124489a5e8f81e16ac957699a60038b965f502,main,2026-08-26T11:09:31Z,957,42,1,43,2,1,0
github_actions,facebook/react,32963832021,124,workflow_run,completed,success,2026-08-26T11:32:34Z,2026-08-26T11:32:34Z,2026-08-26T11:32:46Z,12.0,a1124489a5e8f81e16ac957699a60038b965f502,main,2026-08-26T11:09:31Z,957,42,1,43,2,1,0
github_actions,facebook/react,32963829322,13411,pull_request,completed,failure,2026-08-26T11:32:32Z,2026-08-26T11:32:32Z,2026-08-26T11:36:13Z,221.0,6d3cbe989fc9bc412355e858f21013c88a3985df,sebbie/unpin-jsdom,2026-08-26T11:23:43Z,1027,178,185,363,4,1,1
github_actions,facebook/react,32963829525,13412,pull_request,completed,success,2026-08-26T11:32:32Z,2026-08-26T11:32:32Z,2026-08-26T11:36:57Z,265.0,12e58fa03a44610b040bc649ff25663df30a6ed1,sebbie/jest-30,2026-08-26T11:26:35Z,2457,1477,1035,2512,55,1,0
github_actions,facebook/react,32963829549,19321,pull_request,completed,success,2026-08-26T11:32:32Z,2026-08-26T11:32:32Z,2026-08-26T11:33:31Z,59.0,12e58fa03a44610b040bc649ff25663df30a6ed1,sebbie/jest-30,2026-08-26T11:26:35Z,2457,1477,1035,2512,55,1,0
github_actions,facebook/react,32963829692,9795,pull_request,completed,success,2026-08-26T11:32:32Z,2026-08-26T11:32:32Z,2026-08-26T11:34:26Z,114.0,12e58fa03a44610b040bc649ff25663df30a6ed1,sebbie/jest-30,2026-08-26T11:26:35Z,2457,1477,1035,2512,55,1,0
github_actions,facebook/react,32963829241,19320,pull_request,completed,success,2026-08-26T11:32:32Z,2026-08-26T11:32:32Z,2026-08-26T11:33:29Z,57.0,6d3cbe989fc9bc412355e858f21013c88a3985df,sebbie/unpin-jsdom,2026-08-26T11:23:43Z,1027,178,185,363,4,1,0
github_actions,facebook/react,32963829261,9794,pull_request,completed,success,2026-08-26T11:32:32Z,2026-08-26T11:32:32Z,2026-08-26T11:34:24Z,112.0,6d3cbe989fc9bc412355e858f21013c88a3985df,sebbie/unpin-jsdom,2026-08-26T11:23:43Z,1027,178,185,363,4,1,0
github_actions,facebook/react,32962191446,2686,workflow_run,completed,success,2026-08-26T11:13:00Z,2026-08-26T11:13:00Z,2026-08-26T11:16:10Z,190.0,a1124489a5e8f81e16ac957699a60038b965f502,main,2026-08-26T11:09:31Z,957,42,1,43,2,1,0
github_actions,facebook/react,32961953550,20826,schedule,completed,success,2026-08-26T11:10:13Z,2026-08-26T11:10:13Z,2026-08-26T11:11:30Z,77.0,a1124489a5e8f81e16ac957699a60038b965f502,main,2026-08-26T11:09:31Z,957,42,1,43,2,1,0
github_actions,facebook/react,32961898094,2301,pull_request,completed,success,2026-08-26T11:09:35Z,2026-08-26T11:09:35Z,2026-08-26T11:09:42Z,7.0,def5abc423ea26ce8c1c037cad0beec72113f5bf,repair/fragment-remove-unregistered-listener,2026-08-25T09:25:29Z,640,2,5,7,2,1,0
github_actions,facebook/react,32961897862,19319,push,completed,success,2026-08-26T11:09:35Z,2026-08-26T11:09:35Z,2026-08-26T11:10:32Z,57.0,a1124489a5e8f81e16ac957699a60038b965f502,main,2026-08-26T11:09:31Z,957,42,1,43,2,1,0
github_actions,facebook/react,32961897844,20825,push,completed,success,2026-08-26T11:09:35Z,2026-08-26T11:09:35Z,2026-08-26T11:10:47Z,72.0,a1124489a5e8f81e16ac957699a60038b965f502,main,2026-08-26T11:09:31Z,957,42,1,43,2,1,0
github_actions,facebook/react,32961897896,9793,push,completed,success,2026-08-26T11:09:35Z,2026-08-26T11:09:35Z,2026-08-26T11:11:29Z,114.0,a1124489a5e8f81e16ac957699a60038b965f502,main,2026-08-26T11:09:31Z,957,42,1,43,2,1,0
github_actions,facebook/react,32961898075,13410,push,completed,success,2026-08-26T11:09:35Z,2026-08-26T11:09:35Z,2026-08-26T11:12:58Z,203.0,a1124489a5e8f81e16ac957699a60038b965f502,main,2026-08-26T11:09:31Z,957,42,1,43,2,1,0
github_actions,facebook/react,32961897902,8743,push,completed,success,2026-08-26T11:09:35Z,2026-08-26T11:09:35Z,2026-08-26T11:13:18Z,223.0,a1124489a5e8f81e16ac957699a60038b965f502,main,2026-08-26T11:09:31Z,957,42,1,43,2,1,0
github_actions,facebook/react,32961897857,8738,push,completed,success,2026-08-26T11:09:35Z,2026-08-26T11:09:35Z,2026-08-26T11:13:29Z,234.0,a1124489a5e8f81e16ac957699a60038b965f502,main,2026-08-26T11:09:31Z,957,42,1,43,2,1,0
github_actions,facebook/react,32961897839,1000,push,completed,success,2026-08-26T11:09:35Z,2026-08-26T11:09:35Z,2026-08-26T11:19:22Z,587.0,a1124489a5e8f81e16ac957699a60038b965f502,main,2026-08-26T11:09:31Z,957,42,1,43,2,1,0
github_actions,facebook/react,32961886484,18327,schedule,completed,success,2026-08-26T11:09:27Z,2026-08-26T11:09:27Z,2026-08-26T11:09:53Z,26.0,3c397fe76015d6988cdcb6f74aff978a3cc6a37a,main,2026-08-26T10:49:48Z,1613,14,50,64,6,1,0
github_actions,facebook/react,32960877390,121,workflow_run,completed,success,2026-08-26T10:57:36Z,2026-08-26T10:57:36Z,2026-08-26T10:57:52Z,16.0,3c397fe76015d6988cdcb6f74aff978a3cc6a37a,main,2026-08-26T10:49:48Z,1613,14,50,64,6,1,0
github_actions,facebook/react,32960503924,2685,workflow_run,completed,success,2026-08-26T10:53:12Z,2026-08-26T10:53:12Z,2026-08-26T10:54:16Z,64.0,3c397fe76015d6988cdcb6f74aff978a3cc6a37a,main,2026-08-26T10:49:48Z,1613,14,50,64,6,1,0
github_actions,facebook/react,32960497884,119,workflow_run,completed,success,2026-08-26T10:53:08Z,2026-08-26T10:53:08Z,2026-08-26T10:53:21Z,13.0,3c397fe76015d6988cdcb6f74aff978a3cc6a37a,main,2026-08-26T10:49:48Z,1613,14,50,64,6,1,0
github_actions,facebook/react,32960219630,19318,push,completed,success,2026-08-26T10:49:52Z,2026-08-26T10:49:52Z,2026-08-26T10:50:55Z,63.0,3c397fe76015d6988cdcb6f74aff978a3cc6a37a,main,2026-08-26T10:49:48Z,1613,14,50,64,6,1,0
github_actions,facebook/react,32960219493,8737,push,completed,success,2026-08-26T10:49:52Z,2026-08-26T10:49:52Z,2026-08-26T10:53:42Z,230.0,3c397fe76015d6988cdcb6f74aff978a3cc6a37a,main,2026-08-26T10:49:48Z,1613,14,50,64,6,1,0
github_actions,facebook/react,32960219533,999,push,completed,success,2026-08-26T10:49:52Z,2026-08-26T10:49:52Z,2026-08-26T10:57:40Z,468.0,3c397fe76015d6988cdcb6f74aff978a3cc6a37a,main,2026-08-26T10:49:48Z,1613,14,50,64,6,1,0
github_actions,facebook/react,32960219432,9792,push,completed,success,2026-08-26T10:49:51Z,2026-08-26T10:49:51Z,2026-08-26T10:51:41Z,110.0,3c397fe76015d6988cdcb6f74aff978a3cc6a37a,main,2026-08-26T10:49:48Z,1613,14,50,64,6,1,0
github_actions,facebook/react,32960219253,2300,pull_request,completed,success,2026-08-26T10:49:51Z,2026-08-26T10:49:51Z,2026-08-26T10:50:01Z,10.0,c71633e18d4e6940310256c1d37f206db9939cb5,sebbie/stop-leaking-performance-mocks,2026-08-26T06:07:41Z,1263,14,50,64,6,1,0
github_actions,facebook/react,32960219412,20824,push,completed,success,2026-08-26T10:49:51Z,2026-08-26T10:49:51Z,2026-08-26T10:51:03Z,72.0,3c397fe76015d6988cdcb6f74aff978a3cc6a37a,main,2026-08-26T10:49:48Z,1613,14,50,64,6,1,0
github_actions,facebook/react,32960219459,8742,push,completed,success,2026-08-26T10:49:51Z,2026-08-26T10:49:51Z,2026-08-26T10:52:17Z,146.0,3c397fe76015d6988cdcb6f74aff978a3cc6a37a,main,2026-08-26T10:49:48Z,1613,14,50,64,6,1,0
github_actions,facebook/react,32960219415,13409,push,completed,success,2026-08-26T10:49:51Z,2026-08-26T10:49:51Z,2026-08-26T10:53:09Z,198.0,3c397fe76015d6988cdcb6f74aff978a3cc6a37a,main,2026-08-26T10:49:48Z,1613,14,50,64,6,1,0
github_actions,facebook/react,32960167788,117,workflow_run,completed,success,2026-08-26T10:49:14Z,2026-08-26T10:49:14Z,2026-08-26T10:49:26Z,12.0,373d35eee53e3bcb0be4b31eea70f3b67ce5e4c1,main,2026-08-26T05:58:18Z,942,48,18,66,1,1,0
github_actions,facebook/react,32960139798,116,workflow_run,completed,success,2026-08-26T10:48:54Z,2026-08-26T10:48:54Z,2026-08-26T10:49:09Z,15.0,373d35eee53e3bcb0be4b31eea70f3b67ce5e4c1,main,2026-08-26T05:58:18Z,942,48,18,66,1,1,0
github_actions,facebook/react,32960136944,19317,pull_request,completed,success,2026-08-26T10:48:52Z,2026-08-26T10:48:52Z,2026-08-26T10:50:43Z,111.0,60a045e7c4ecb7d9adfc7e33f8f910fa1cc1c534,sebbie/unpin-jsdom,2026-08-26T10:31:30Z,603,174,181,355,2,1,0
github_actions,facebook/react,32960136969,9791,pull_request,completed,success,2026-08-26T10:48:52Z,2026-08-26T10:48:52Z,2026-08-26T10:52:10Z,198.0,60a045e7c4ecb7d9adfc7e33f8f910fa1cc1c534,sebbie/unpin-jsdom,2026-08-26T10:31:30Z,603,174,181,355,2,1,0
github_actions,facebook/react,32960136850,13408,pull_request,completed,failure,2026-08-26T10:48:52Z,2026-08-26T10:48:52Z,2026-08-26T10:57:34Z,522.0,60a045e7c4ecb7d9adfc7e33f8f910fa1cc1c534,sebbie/unpin-jsdom,2026-08-26T10:31:30Z,603,174,181,355,2,1,1
github_actions,facebook/react,32959735561,115,workflow_run,completed,success,2026-08-26T10:44:03Z,2026-08-26T10:44:03Z,2026-08-26T10:44:22Z,19.0,373d35eee53e3bcb0be4b31eea70f3b67ce5e4c1,main,2026-08-26T05:58:18Z,942,48,18,66,1,1,0
github_actions,facebook/react,32959732599,19316,pull_request,completed,success,2026-08-26T10:44:01Z,2026-08-26T10:44:01Z,2026-08-26T10:46:09Z,128.0,eda98cda8d623a891235d5aad38d67cf149604ae,sebbie/jest-30,2026-08-26T10:43:17Z,2457,1477,1035,2512,55,1,0
github_actions,facebook/react,32959732577,9790,pull_request,completed,success,2026-08-26T10:44:01Z,2026-08-26T10:44:01Z,2026-08-26T10:47:19Z,198.0,eda98cda8d623a891235d5aad38d67cf149604ae,sebbie/jest-30,2026-08-26T10:43:17Z,2457,1477,1035,2512,55,1,0
github_actions,facebook/react,32959732627,13407,pull_request,completed,failure,2026-08-26T10:44:01Z,2026-08-26T10:44:01Z,2026-08-26T10:53:05Z,544.0,eda98cda8d623a891235d5aad38d67cf149604ae,sebbie/jest-30,2026-08-26T10:43:17Z,2457,1477,1035,2512,55,1,1
github_actions,facebook/react,32959729178,114,workflow_run,completed,success,2026-08-26T10:43:58Z,2026-08-26T10:43:58Z,2026-08-26T10:44:11Z,13.0,373d35eee53e3bcb0be4b31eea70f3b67ce5e4c1,main,2026-08-26T05:58:18Z,942,48,18,66,1,1,0
github_actions,facebook/react,32959726778,4915,pull_request_target,completed,success,2026-08-26T10:43:56Z,2026-08-26T10:43:56Z,2026-08-26T10:44:29Z,33.0,eda98cda8d623a891235d5aad38d67cf149604ae,sebbie/unpin-jsdom,2026-08-26T10:43:17Z,2457,1477,1035,2512,55,1,0
github_actions,facebook/react,32959726310,19315,pull_request,completed,success,2026-08-26T10:43:56Z,2026-08-26T10:43:56Z,2026-08-26T10:45:59Z,123.0,eda98cda8d623a891235d5aad38d67cf149604ae,sebbie/unpin-jsdom,2026-08-26T10:43:17Z,2457,1477,1035,2512,55,1,0
github_actions,facebook/react,32959726231,9789,pull_request,completed,success,2026-08-26T10:43:56Z,2026-08-26T10:43:56Z,2026-08-26T10:47:13Z,197.0,eda98cda8d623a891235d5aad38d67cf149604ae,sebbie/unpin-jsdom,2026-08-26T10:43:17Z,2457,1477,1035,2512,55,1,0
github_actions,facebook/react,32958175395,2780,pull_request_target,completed,success,2026-08-26T10:25:33Z,2026-08-26T10:25:33Z,2026-08-26T10:25:55Z,22.0,d98c1de9024e5e3be1922c274a99632f36d1c2de,sebbie/drop-tothrow-override,2026-08-26T09:59:44Z,638,9,61,70,5,1,0
github_actions,facebook/react,32957202406,20823,schedule,completed,success,2026-08-26T10:14:13Z,2026-08-26T10:14:13Z,2026-08-26T10:15:17Z,64.0,373d35eee53e3bcb0be4b31eea70f3b67ce5e4c1,main,2026-08-26T05:58:18Z,942,48,18,66,1,1,0
github_actions,facebook/react,32957175314,113,workflow_run,completed,success,2026-08-26T10:13:54Z,2026-08-26T10:13:54Z,2026-08-26T10:14:10Z,16.0,373d35eee53e3bcb0be4b31eea70f3b67ce5e4c1,main,2026-08-26T05:58:18Z,942,48,18,66,1,1,0
github_actions,facebook/react,32957073122,18326,schedule,completed,success,2026-08-26T10:12:46Z,2026-08-26T10:12:46Z,2026-08-26T10:13:15Z,29.0,373d35eee53e3bcb0be4b31eea70f3b67ce5e4c1,main,2026-08-26T05:58:18Z,942,48,18,66,1,1,0
github_actions,facebook/react,32956867290,112,workflow_run,completed,success,2026-08-26T10:10:20Z,2026-08-26T10:10:20Z,2026-08-26T10:10:34Z,14.0,373d35eee53e3bcb0be4b31eea70f3b67ce5e4c1,main,2026-08-26T05:58:18Z,942,48,18,66,1,1,0
github_actions,facebook/react,32956863944,4914,pull_request_target,completed,success,2026-08-26T10:10:18Z,2026-08-26T10:10:18Z,2026-08-26T10:10:41Z,23.0,d98c1de9024e5e3be1922c274a99632f36d1c2de,sebbie/drop-tothrow-override,2026-08-26T09:59:44Z,638,9,61,70,5,1,0
github_actions,facebook/react,32956863328,19314,pull_request,completed,success,2026-08-26T10:10:18Z,2026-08-26T10:10:18Z,2026-08-26T10:11:17Z,59.0,d98c1de9024e5e3be1922c274a99632f36d1c2de,sebbie/drop-tothrow-override,2026-08-26T09:59:44Z,638,9,61,70,5,1,0
github_actions,facebook/react,32956863490,9788,pull_request,completed,success,2026-08-26T10:10:18Z,2026-08-26T10:10:18Z,2026-08-26T10:12:12Z,114.0,d98c1de9024e5e3be1922c274a99632f36d1c2de,sebbie/drop-tothrow-override,2026-08-26T09:59:44Z,638,9,61,70,5,1,0
github_actions,facebook/react,32956863404,13405,pull_request,completed,success,2026-08-26T10:10:18Z,2026-08-26T10:10:18Z,2026-08-26T10:13:52Z,214.0,d98c1de9024e5e3be1922c274a99632f36d1c2de,sebbie/drop-tothrow-override,2026-08-26T09:59:44Z,638,9,61,70,5,1,0
github_actions,vuejs/core,33168488841,11527,workflow_run,completed,success,2026-08-28T11:47:26Z,2026-08-28T11:47:26Z,2026-08-28T11:49:18Z,112.0,d63616ca17de965ed32dcb449a4c5cd9982f15d2,main,2026-08-27T05:43:30Z,16,28,12,40,13,1,0
github_actions,vuejs/core,33168434094,25229,pull_request,completed,success,2026-08-28T11:46:34Z,2026-08-28T11:46:34Z,2026-08-28T11:47:52Z,78.0,ed4744eff846e11d00804ee7bb723b8a9ca2a56a,renovate/lint,2026-08-28T11:46:28Z,24,168,68,236,2,1,0
github_actions,vuejs/core,33168434031,10894,pull_request,completed,success,2026-08-28T11:46:33Z,2026-08-28T11:46:33Z,2026-08-28T11:47:24Z,51.0,ed4744eff846e11d00804ee7bb723b8a9ca2a56a,renovate/lint,2026-08-28T11:46:28Z,24,168,68,236,2,1,0
github_actions,vuejs/core,33168433935,12363,pull_request,completed,success,2026-08-28T11:46:33Z,2026-08-28T11:46:33Z,2026-08-28T11:47:24Z,51.0,ed4744eff846e11d00804ee7bb723b8a9ca2a56a,renovate/lint,2026-08-28T11:46:28Z,24,168,68,236,2,1,0
github_actions,vuejs/core,33168431847,25228,push,completed,success,2026-08-28T11:46:31Z,2026-08-28T11:46:31Z,2026-08-28T11:48:23Z,112.0,ed4744eff846e11d00804ee7bb723b8a9ca2a56a,renovate/lint,2026-08-28T11:46:28Z,24,168,68,236,2,1,0
github_actions,vuejs/core,33156538395,11526,workflow_run,completed,success,2026-08-28T08:44:29Z,2026-08-28T08:44:29Z,2026-08-28T08:45:32Z,63.0,d63616ca17de965ed32dcb449a4c5cd9982f15d2,main,2026-08-27T05:43:30Z,16,28,12,40,13,1,0
github_actions,vuejs/core,33156494055,25227,pull_request,completed,success,2026-08-28T08:43:49Z,2026-08-28T08:43:49Z,2026-08-28T08:46:00Z,131.0,4e967d749bab1eb1e92cf93a924f09113ab7cc5e,fix/issue-15365-ssr-component-v-html,2026-08-28T08:43:35Z,61,10,0,10,1,1,0
github_actions,vuejs/core,33156493696,12362,pull_request,completed,success,2026-08-28T08:43:48Z,2026-08-28T08:43:48Z,2026-08-28T08:44:27Z,39.0,4e967d749bab1eb1e92cf93a924f09113ab7cc5e,fix/issue-15365-ssr-component-v-html,2026-08-28T08:43:35Z,61,10,0,10,1,1,0
github_actions,vuejs/core,33156493563,10893,pull_request,completed,success,2026-08-28T08:43:48Z,2026-08-28T08:43:48Z,2026-08-28T08:44:31Z,43.0,4e967d749bab1eb1e92cf93a924f09113ab7cc5e,fix/issue-15365-ssr-component-v-html,2026-08-28T08:43:35Z,61,10,0,10,1,1,0
github_actions,vuejs/core,33152461698,11525,workflow_run,completed,success,2026-08-28T07:42:24Z,2026-08-28T07:42:24Z,2026-08-28T07:43:36Z,72.0,d63616ca17de965ed32dcb449a4c5cd9982f15d2,main,2026-08-27T05:43:30Z,16,28,12,40,13,1,0
github_actions,vuejs/core,33152416662,12361,pull_request,completed,success,2026-08-28T07:41:42Z,2026-08-28T07:41:42Z,2026-08-28T07:42:22Z,40.0,e4ff78150b3ecf262e016935b0b0c5183f3e8eb4,fix/issue-15365-ssr-component-v-html,2026-08-28T07:41:34Z,61,25,0,25,1,1,0
github_actions,vuejs/core,33152416681,10892,pull_request,completed,success,2026-08-28T07:41:42Z,2026-08-28T07:41:42Z,2026-08-28T07:42:32Z,50.0,e4ff78150b3ecf262e016935b0b0c5183f3e8eb4,fix/issue-15365-ssr-component-v-html,2026-08-28T07:41:34Z,61,25,0,25,1,1,0
github_actions,vuejs/core,33152416792,25226,pull_request,completed,success,2026-08-28T07:41:42Z,2026-08-28T07:41:42Z,2026-08-28T07:43:16Z,94.0,e4ff78150b3ecf262e016935b0b0c5183f3e8eb4,fix/issue-15365-ssr-component-v-html,2026-08-28T07:41:34Z,61,25,0,25,1,1,0
github_actions,vuejs/core,33152051709,11524,workflow_run,completed,success,2026-08-28T07:35:49Z,2026-08-28T07:35:49Z,2026-08-28T07:36:51Z,62.0,d63616ca17de965ed32dcb449a4c5cd9982f15d2,main,2026-08-27T05:43:30Z,16,28,12,40,13,1,0
github_actions,vuejs/core,33152007441,12360,pull_request,completed,success,2026-08-28T07:35:08Z,2026-08-28T07:35:08Z,2026-08-28T07:35:47Z,39.0,3a4000dd0f6ddec846fd8c9ad4e1cc9c6141fa6a,fix/issue-15365-ssr-component-v-html,2026-08-28T07:34:50Z,65,49,0,49,4,1,0
github_actions,vuejs/core,33152007382,10891,pull_request,completed,success,2026-08-28T07:35:08Z,2026-08-28T07:35:08Z,2026-08-28T07:35:53Z,45.0,3a4000dd0f6ddec846fd8c9ad4e1cc9c6141fa6a,fix/issue-15365-ssr-component-v-html,2026-08-28T07:34:50Z,65,49,0,49,4,1,0
github_actions,vuejs/core,33152007573,25225,pull_request,completed,success,2026-08-28T07:35:08Z,2026-08-28T07:35:08Z,2026-08-28T07:36:39Z,91.0,3a4000dd0f6ddec846fd8c9ad4e1cc9c6141fa6a,fix/issue-15365-ssr-component-v-html,2026-08-28T07:34:50Z,65,49,0,49,4,1,0
github_actions,vuejs/core,33146000108,12359,push,completed,success,2026-08-28T05:50:49Z,2026-08-28T05:50:49Z,2026-08-28T05:51:18Z,29.0,b281c7a604e4440a7764f30d13c1e79ac3a202a5,minor,2026-08-28T05:50:14Z,20,37,14,51,15,1,0
github_actions,vuejs/core,33146000274,25224,push,completed,success,2026-08-28T05:50:49Z,2026-08-28T05:50:49Z,2026-08-28T05:51:40Z,51.0,b281c7a604e4440a7764f30d13c1e79ac3a202a5,minor,2026-08-28T05:50:14Z,20,37,14,51,15,1,0
github_actions,vuejs/core,33145997090,85,push,completed,success,2026-08-28T05:50:46Z,2026-08-28T05:50:46Z,2026-08-28T05:54:08Z,202.0,b281c7a604e4440a7764f30d13c1e79ac3a202a5,v3.6.0-rc.6,2026-08-28T05:50:14Z,20,37,14,51,15,1,0
github_actions,vuejs/core,33138105007,1088,schedule,completed,success,2026-08-28T03:10:13Z,2026-08-28T03:10:13Z,2026-08-28T03:10:27Z,14.0,d63616ca17de965ed32dcb449a4c5cd9982f15d2,main,2026-08-27T05:43:30Z,16,28,12,40,13,1,0
github_actions,vuejs/core,33136744365,742,schedule,completed,failure,2026-08-28T02:43:02Z,2026-08-28T02:43:02Z,2026-08-28T02:43:12Z,10.0,d63616ca17de965ed32dcb449a4c5cd9982f15d2,main,2026-08-27T05:43:30Z,16,28,12,40,13,1,1
github_actions,vuejs/core,33131522231,12358,push,completed,success,2026-08-28T01:00:48Z,2026-08-28T01:00:48Z,2026-08-28T01:01:22Z,34.0,f945b0edb587efc03a7e50c680906562c1da9fb1,minor,2026-08-28T01:00:42Z,75,25,1,26,2,1,0
github_actions,vuejs/core,33131522259,25223,push,completed,success,2026-08-28T01:00:48Z,2026-08-28T01:00:48Z,2026-08-28T01:02:43Z,115.0,f945b0edb587efc03a7e50c680906562c1da9fb1,minor,2026-08-28T01:00:42Z,75,25,1,26,2,1,0
github_actions,vuejs/core,33130458054,12357,push,completed,success,2026-08-28T00:40:21Z,2026-08-28T00:40:21Z,2026-08-28T00:40:50Z,29.0,70bd789b9636e7fd74a136991a4ee78bef060a3c,minor,2026-08-28T00:40:18Z,58,182,22,204,2,1,0
github_actions,vuejs/core,33130458195,25222,push,completed,success,2026-08-28T00:40:21Z,2026-08-28T00:40:21Z,2026-08-28T00:42:06Z,105.0,70bd789b9636e7fd74a136991a4ee78bef060a3c,minor,2026-08-28T00:40:18Z,58,182,22,204,2,1,0
github_actions,vuejs/core,33094781579,25221,pull_request,completed,failure,2026-08-27T16:44:22Z,2026-08-27T16:44:22Z,2026-08-27T16:44:56Z,34.0,9dc2dea416331f417867064cc00c832b882a088d,renovate/major-compiler,2026-08-27T16:44:15Z,28,75,46,121,4,1,1
github_actions,vuejs/core,33094781768,12356,pull_request,completed,failure,2026-08-27T16:44:22Z,2026-08-27T16:44:22Z,2026-08-27T16:44:53Z,31.0,9dc2dea416331f417867064cc00c832b882a088d,renovate/major-compiler,2026-08-27T16:44:15Z,28,75,46,121,4,1,1
github_actions,vuejs/core,33094781352,10890,pull_request,completed,success,2026-08-27T16:44:22Z,2026-08-27T16:44:22Z,2026-08-27T16:45:18Z,56.0,9dc2dea416331f417867064cc00c832b882a088d,renovate/major-compiler,2026-08-27T16:44:15Z,28,75,46,121,4,1,0
github_actions,vuejs/core,33094776392,25220,push,completed,failure,2026-08-27T16:44:19Z,2026-08-27T16:44:19Z,2026-08-27T16:46:20Z,121.0,9dc2dea416331f417867064cc00c832b882a088d,renovate/major-compiler,2026-08-27T16:44:15Z,28,75,46,121,4,1,1
github_actions,vuejs/core,33061367055,11519,workflow_run,completed,success,2026-08-27T10:03:37Z,2026-08-27T10:03:37Z,2026-08-27T10:05:07Z,90.0,d63616ca17de965ed32dcb449a4c5cd9982f15d2,main,2026-08-27T05:43:30Z,16,28,12,40,13,1,0
github_actions,vuejs/core,33061323326,25219,pull_request,completed,success,2026-08-27T10:03:02Z,2026-08-27T10:03:02Z,2026-08-27T10:04:52Z,110.0,5fa56f77def22c0606d4718935700d72bc9ff7d0,scheduler,2026-08-27T10:01:03Z,66,24,0,24,2,1,0
github_actions,vuejs/core,33061323150,12355,pull_request,completed,success,2026-08-27T10:03:01Z,2026-08-27T10:03:01Z,2026-08-27T10:03:35Z,34.0,5fa56f77def22c0606d4718935700d72bc9ff7d0,scheduler,2026-08-27T10:01:03Z,66,24,0,24,2,1,0
github_actions,vuejs/core,33061323174,10889,pull_request,completed,success,2026-08-27T10:03:01Z,2026-08-27T10:03:01Z,2026-08-27T10:03:37Z,36.0,5fa56f77def22c0606d4718935700d72bc9ff7d0,scheduler,2026-08-27T10:01:03Z,66,24,0,24,2,1,0
github_actions,vuejs/core,33059643758,11518,workflow_run,completed,success,2026-08-27T09:40:38Z,2026-08-27T09:40:38Z,2026-08-27T09:41:58Z,80.0,d63616ca17de965ed32dcb449a4c5cd9982f15d2,main,2026-08-27T05:43:30Z,16,28,12,40,13,1,0
github_actions,vuejs/core,33059601847,10888,pull_request,completed,success,2026-08-27T09:40:06Z,2026-08-27T09:40:06Z,2026-08-27T09:40:41Z,35.0,7e649dcd7ac947be35791f880fb1921f2f9331d6,fix/vForUpdate,2026-08-27T09:33:02Z,66,25,1,26,2,1,0
github_actions,vuejs/core,33059601813,12354,pull_request,completed,success,2026-08-27T09:40:06Z,2026-08-27T09:40:06Z,2026-08-27T09:40:36Z,30.0,7e649dcd7ac947be35791f880fb1921f2f9331d6,fix/vForUpdate,2026-08-27T09:33:02Z,66,25,1,26,2,1,0
github_actions,vuejs/core,33059602072,25218,pull_request,completed,success,2026-08-27T09:40:06Z,2026-08-27T09:40:06Z,2026-08-27T09:41:59Z,113.0,7e649dcd7ac947be35791f880fb1921f2f9331d6,fix/vForUpdate,2026-08-27T09:33:02Z,66,25,1,26,2,1,0
github_actions,vuejs/core,33054273509,12353,push,completed,success,2026-08-27T08:29:41Z,2026-08-27T08:29:41Z,2026-08-27T08:30:09Z,28.0,bc8bd6852c6727389d0852ae8db86acf9ea992de,minor,2026-08-27T08:29:08Z,44,1123,49,1172,24,1,0
github_actions,vuejs/core,33054273762,25217,push,completed,success,2026-08-27T08:29:41Z,2026-08-27T08:31:44Z,2026-08-27T08:32:55Z,71.0,bc8bd6852c6727389d0852ae8db86acf9ea992de,minor,2026-08-27T08:29:08Z,44,1123,49,1172,24,2,0
github_actions,vuejs/core,33052679975,12352,push,completed,success,2026-08-27T08:07:52Z,2026-08-27T08:07:52Z,2026-08-27T08:08:20Z,28.0,9ab65a1e443c3a87f60fb628193ece792cbdccfc,minor,2026-08-27T08:07:49Z,78,229,70,299,7,1,0
github_actions,vuejs/core,33052680098,25216,push,completed,success,2026-08-27T08:07:52Z,2026-08-27T08:07:52Z,2026-08-27T08:09:36Z,104.0,9ab65a1e443c3a87f60fb628193ece792cbdccfc,minor,2026-08-27T08:07:49Z,78,229,70,299,7,1,0
github_actions,vuejs/core,33046382600,11515,workflow_run,completed,success,2026-08-27T06:34:53Z,2026-08-27T06:34:53Z,2026-08-27T06:36:13Z,80.0,d63616ca17de965ed32dcb449a4c5cd9982f15d2,main,2026-08-27T05:43:30Z,16,28,12,40,13,1,0
github_actions,vuejs/core,33046348683,10887,pull_request,completed,success,2026-08-27T06:34:21Z,2026-08-27T06:34:21Z,2026-08-27T06:34:52Z,31.0,2462604c2e5a55b9481b03013acc195e5295a78c,edison/refactor/vapor-hmr,2026-08-27T06:10:46Z,78,229,70,299,7,1,0
github_actions,vuejs/core,33046348698,12351,pull_request,completed,success,2026-08-27T06:34:21Z,2026-08-27T06:34:21Z,2026-08-27T06:34:52Z,31.0,2462604c2e5a55b9481b03013acc195e5295a78c,edison/refactor/vapor-hmr,2026-08-27T06:10:46Z,78,229,70,299,7,1,0
github_actions,vuejs/core,33046348943,25215,pull_request,completed,success,2026-08-27T06:34:21Z,2026-08-27T06:34:21Z,2026-08-27T06:35:16Z,55.0,2462604c2e5a55b9481b03013acc195e5295a78c,edison/refactor/vapor-hmr,2026-08-27T06:10:46Z,78,229,70,299,7,1,0
github_actions,vuejs/core,33046309928,25214,push,completed,success,2026-08-27T06:33:44Z,2026-08-27T06:33:44Z,2026-08-27T06:35:35Z,111.0,2462604c2e5a55b9481b03013acc195e5295a78c,edison/refactor/vapor-hmr,2026-08-27T06:10:46Z,78,229,70,299,7,1,0
github_actions,vuejs/core,33043557966,11514,workflow_run,completed,success,2026-08-27T05:46:14Z,2026-08-27T05:46:14Z,2026-08-27T05:47:25Z,71.0,d63616ca17de965ed32dcb449a4c5cd9982f15d2,main,2026-08-27T05:43:30Z,16,28,12,40,13,1,0
github_actions,vuejs/core,33043515656,10886,pull_request,completed,success,2026-08-27T05:45:26Z,2026-08-27T05:45:26Z,2026-08-27T05:46:11Z,45.0,f7ba0cc446cd0da90327bd7a2b178988bd36754e,renovate/all-minor-patch,2026-08-27T05:45:21Z,46,57,58,115,9,1,0
github_actions,vuejs/core,33043515654,12350,pull_request,completed,success,2026-08-27T05:45:26Z,2026-08-27T05:45:26Z,2026-08-27T05:46:12Z,46.0,f7ba0cc446cd0da90327bd7a2b178988bd36754e,renovate/all-minor-patch,2026-08-27T05:45:21Z,46,57,58,115,9,1,0
github_actions,vuejs/core,33043515865,25213,pull_request,completed,success,2026-08-27T05:45:26Z,2026-08-27T05:45:26Z,2026-08-27T05:46:50Z,84.0,f7ba0cc446cd0da90327bd7a2b178988bd36754e,renovate/all-minor-patch,2026-08-27T05:45:21Z,46,57,58,115,9,1,0
github_actions,vuejs/core,33043513337,25212,push,completed,success,2026-08-27T05:45:24Z,2026-08-27T05:45:24Z,2026-08-27T05:47:23Z,119.0,f7ba0cc446cd0da90327bd7a2b178988bd36754e,renovate/all-minor-patch,2026-08-27T05:45:21Z,46,57,58,115,9,1,0
github_actions,vuejs/core,33043448572,110,dynamic,completed,failure,2026-08-27T05:44:14Z,2026-08-27T05:44:14Z,2026-08-27T05:45:24Z,70.0,d63616ca17de965ed32dcb449a4c5cd9982f15d2,main,2026-08-27T05:43:30Z,16,28,12,40,13,1,1
github_actions,vuejs/core,33043448573,111,dynamic,completed,failure,2026-08-27T05:44:14Z,2026-08-27T05:44:14Z,2026-08-27T05:45:24Z,70.0,d63616ca17de965ed32dcb449a4c5cd9982f15d2,main,2026-08-27T05:43:30Z,16,28,12,40,13,1,1
github_actions,vuejs/core,33043447804,109,dynamic,completed,failure,2026-08-27T05:44:13Z,2026-08-27T05:44:13Z,2026-08-27T05:45:12Z,59.0,d63616ca17de965ed32dcb449a4c5cd9982f15d2,main,2026-08-27T05:43:30Z,16,28,12,40,13,1,1
github_actions,vuejs/core,33043447733,108,dynamic,completed,failure,2026-08-27T05:44:13Z,2026-08-27T05:44:13Z,2026-08-27T05:45:14Z,61.0,d63616ca17de965ed32dcb449a4c5cd9982f15d2,main,2026-08-27T05:43:30Z,16,28,12,40,13,1,1
github_actions,vuejs/core,33043441030,12349,push,completed,success,2026-08-27T05:44:06Z,2026-08-27T05:44:06Z,2026-08-27T05:44:43Z,37.0,d63616ca17de965ed32dcb449a4c5cd9982f15d2,main,2026-08-27T05:43:30Z,16,28,12,40,13,1,0
github_actions,vuejs/core,33043441109,25211,push,completed,success,2026-08-27T05:44:06Z,2026-08-27T05:44:06Z,2026-08-27T05:45:22Z,76.0,d63616ca17de965ed32dcb449a4c5cd9982f15d2,main,2026-08-27T05:43:30Z,16,28,12,40,13,1,0
github_actions,vuejs/core,33043438818,84,push,completed,success,2026-08-27T05:44:04Z,2026-08-27T05:44:04Z,2026-08-27T05:47:47Z,223.0,d63616ca17de965ed32dcb449a4c5cd9982f15d2,v3.5.42,2026-08-27T05:43:30Z,16,28,12,40,13,1,0
github_actions,vuejs/core,33037553826,11511,workflow_run,completed,success,2026-08-27T03:50:15Z,2026-08-27T03:50:15Z,2026-08-27T03:51:35Z,80.0,b8543dcf06eea9b5ca3e4550274d4aa4af21662b,main,2026-08-27T03:49:39Z,156,2,38,40,3,1,0
github_actions,vuejs/core,33037524896,25208,push,completed,success,2026-08-27T03:49:42Z,2026-08-27T03:49:42Z,2026-08-27T03:51:07Z,85.0,b8543dcf06eea9b5ca3e4550274d4aa4af21662b,main,2026-08-27T03:49:39Z,156,2,38,40,3,1,0
github_actions,vuejs/core,33037524822,12346,push,completed,success,2026-08-27T03:49:41Z,2026-08-27T03:49:41Z,2026-08-27T03:50:24Z,43.0,b8543dcf06eea9b5ca3e4550274d4aa4af21662b,main,2026-08-27T03:49:39Z,156,2,38,40,3,1,0
github_actions,vuejs/core,33037518842,12345,pull_request,completed,success,2026-08-27T03:49:34Z,2026-08-27T03:49:34Z,2026-08-27T03:50:14Z,40.0,f8b211e5ec6fa958311ebf0829277ff7791417a5,revert-15347-fix-vbind-shorthand-invalid-arg,2026-08-27T03:49:22Z,142,2,38,40,3,1,0
github_actions,vuejs/core,33037518884,10883,pull_request,completed,success,2026-08-27T03:49:34Z,2026-08-27T03:49:34Z,2026-08-27T03:50:18Z,44.0,f8b211e5ec6fa958311ebf0829277ff7791417a5,revert-15347-fix-vbind-shorthand-invalid-arg,2026-08-27T03:49:22Z,142,2,38,40,3,1,0
github_actions,vuejs/core,33037518929,25207,pull_request,completed,success,2026-08-27T03:49:34Z,2026-08-27T03:49:34Z,2026-08-27T03:50:43Z,69.0,f8b211e5ec6fa958311ebf0829277ff7791417a5,revert-15347-fix-vbind-shorthand-invalid-arg,2026-08-27T03:49:22Z,142,2,38,40,3,1,0
github_actions,vuejs/core,33037511423,25206,push,completed,success,2026-08-27T03:49:24Z,2026-08-27T03:49:24Z,2026-08-27T03:50:46Z,82.0,f8b211e5ec6fa958311ebf0829277ff7791417a5,revert-15347-fix-vbind-shorthand-invalid-arg,2026-08-27T03:49:22Z,142,2,38,40,3,1,0
github_actions,vuejs/core,33031233087,1087,schedule,completed,success,2026-08-27T01:47:38Z,2026-08-27T01:47:38Z,2026-08-27T01:47:55Z,17.0,38577161c0cfcd4e1013eec0030b781a32fc3744,main,2026-08-27T00:24:53Z,84,38,2,40,3,1,0
github_actions,vuejs/core,33029781230,741,schedule,completed,failure,2026-08-27T01:20:30Z,2026-08-27T01:20:30Z,2026-08-27T01:20:53Z,23.0,38577161c0cfcd4e1013eec0030b781a32fc3744,main,2026-08-27T00:24:53Z,84,38,2,40,3,1,1
github_actions,vuejs/core,33026758338,25205,push,completed,success,2026-08-27T00:24:56Z,2026-08-27T00:24:56Z,2026-08-27T00:28:01Z,185.0,38577161c0cfcd4e1013eec0030b781a32fc3744,main,2026-08-27T00:24:53Z,84,38,2,40,3,1,0
github_actions,vuejs/core,33026758077,12344,push,completed,success,2026-08-27T00:24:56Z,2026-08-27T00:24:56Z,2026-08-27T00:25:52Z,56.0,38577161c0cfcd4e1013eec0030b781a32fc3744,main,2026-08-27T00:24:53Z,84,38,2,40,3,1,0
github_actions,vuejs/core,33026735693,25204,push,completed,success,2026-08-27T00:24:31Z,2026-08-27T00:24:31Z,2026-08-27T00:26:11Z,100.0,31da934fcbe73ab8ed187bf820c80b24ced474be,main,2026-08-27T00:24:27Z,87,13,1,14,2,1,0
github_actions,vuejs/core,33026735498,12343,push,completed,success,2026-08-27T00:24:30Z,2026-08-27T00:24:30Z,2026-08-27T00:25:11Z,41.0,31da934fcbe73ab8ed187bf820c80b24ced474be,main,2026-08-27T00:24:27Z,87,13,1,14,2,1,0
github_actions,vuejs/core,33026647207,25203,push,completed,success,2026-08-27T00:22:56Z,2026-08-27T00:22:56Z,2026-08-27T00:24:43Z,107.0,f8d42e1cf2a0ccb43c50fad6e972cb130c53824e,main,2026-08-27T00:22:52Z,89,24,1,25,2,1,0
github_actions,vuejs/core,33026647049,12342,push,completed,success,2026-08-27T00:22:55Z,2026-08-27T00:22:55Z,2026-08-27T00:23:47Z,52.0,f8d42e1cf2a0ccb43c50fad6e972cb130c53824e,main,2026-08-27T00:22:52Z,89,24,1,25,2,1,0
github_actions,vuejs/core,33026629704,12341,push,completed,success,2026-08-27T00:22:36Z,2026-08-27T00:22:36Z,2026-08-27T00:23:14Z,38.0,cd1974562357dd73101d048f207a694a4e5310ec,main,2026-08-27T00:22:33Z,111,166,4,170,2,1,0
github_actions,vuejs/core,33026582180,12339,push,completed,success,2026-08-27T00:21:45Z,2026-08-27T00:21:45Z,2026-08-27T00:22:37Z,52.0,ef82a26775952a665545d3771788bd23b2efec91,main,2026-08-27T00:21:42Z,72,115,1,116,3,1,0
github_actions,vuejs/core,33026558332,12338,push,completed,success,2026-08-27T00:21:21Z,2026-08-27T00:21:21Z,2026-08-27T00:22:07Z,46.0,6eaecc14d8151a7d258b80ce0519e5ecc17a2bef,main,2026-08-27T00:21:18Z,94,333,12,345,2,1,0
github_actions,vuejs/core,33026558517,25199,push,completed,success,2026-08-27T00:21:21Z,2026-08-27T00:21:21Z,2026-08-27T00:23:20Z,119.0,6eaecc14d8151a7d258b80ce0519e5ecc17a2bef,main,2026-08-27T00:21:18Z,94,333,12,345,2,1,0
github_actions,vuejs/core,33026523941,12337,push,completed,success,2026-08-27T00:20:44Z,2026-08-27T00:20:44Z,2026-08-27T00:21:24Z,40.0,b535917d46d5c6e28c1d3b9185bfa1665127c73a,main,2026-08-27T00:20:41Z,83,75,1,76,2,1,0
github_actions,vuejs/core,33026490509,12336,push,completed,success,2026-08-27T00:20:10Z,2026-08-27T00:20:10Z,2026-08-27T00:20:49Z,39.0,a72036f66bcb9a4f3b3737cda19eeba1bc531e15,main,2026-08-27T00:20:07Z,64,42,1,43,2,1,0
github_actions,vuejs/core,33026462786,12335,push,completed,success,2026-08-27T00:19:41Z,2026-08-27T00:19:41Z,2026-08-27T00:20:15Z,34.0,6e1814aa355aad8dd32a89873e95267297ae0609,main,2026-08-27T00:19:37Z,77,80,5,85,2,1,0
github_actions,vuejs/core,33026462888,25196,push,completed,success,2026-08-27T00:19:41Z,2026-08-27T00:19:41Z,2026-08-27T00:21:40Z,119.0,6e1814aa355aad8dd32a89873e95267297ae0609,main,2026-08-27T00:19:37Z,77,80,5,85,2,1,0
github_actions,vuejs/core,33014579505,11500,workflow_run,completed,success,2026-08-26T21:16:28Z,2026-08-26T21:16:28Z,2026-08-26T21:18:16Z,108.0,e2bede96134f757aad5c5b33ac9be055022dbfc8,main,2026-08-21T00:21:46Z,53,2,0,2,1,1,0
github_actions,vuejs/core,33014534167,11499,workflow_run,completed,success,2026-08-26T21:15:52Z,2026-08-26T21:15:52Z,2026-08-26T21:18:20Z,148.0,e2bede96134f757aad5c5b33ac9be055022dbfc8,main,2026-08-21T00:21:46Z,53,2,0,2,1,1,0
github_actions,vuejs/core,33014509931,11498,workflow_run,completed,success,2026-08-26T21:15:34Z,2026-08-26T21:15:34Z,2026-08-26T21:18:28Z,174.0,e2bede96134f757aad5c5b33ac9be055022dbfc8,main,2026-08-21T00:21:46Z,53,2,0,2,1,1,0
github_actions,vuejs/core,33014508533,12334,pull_request,completed,success,2026-08-26T21:15:33Z,2026-08-26T21:15:33Z,2026-08-26T21:16:26Z,53.0,6d9ca835aec2589989c86ad7df706e8bfa9f0db6,renovate/build,2026-08-26T21:15:27Z,25,456,486,942,4,1,0
github_actions,vuejs/core,33014508510,10882,pull_request,completed,success,2026-08-26T21:15:33Z,2026-08-26T21:15:33Z,2026-08-26T21:16:35Z,62.0,6d9ca835aec2589989c86ad7df706e8bfa9f0db6,renovate/build,2026-08-26T21:15:27Z,25,456,486,942,4,1,0
github_actions,vuejs/core,33014508901,25195,pull_request,completed,failure,2026-08-26T21:15:33Z,2026-08-26T21:15:33Z,2026-08-26T21:17:21Z,108.0,6d9ca835aec2589989c86ad7df706e8bfa9f0db6,renovate/build,2026-08-26T21:15:27Z,25,456,486,942,4,1,1
github_actions,vuejs/core,33014504839,25194,push,completed,failure,2026-08-26T21:15:30Z,2026-08-26T21:15:30Z,2026-08-26T21:17:24Z,114.0,6d9ca835aec2589989c86ad7df706e8bfa9f0db6,renovate/build,2026-08-26T21:15:27Z,25,456,486,942,4,1,1
github_actions,vuejs/core,33014479180,12333,pull_request,completed,success,2026-08-26T21:15:13Z,2026-08-26T21:15:13Z,2026-08-26T21:15:49Z,36.0,c15f894107f38848bb2ea7864b232621a5416a24,renovate/compiler,2026-08-26T21:15:05Z,26,44,37,81,2,1,0
github_actions,vuejs/core,33014479132,10881,pull_request,completed,success,2026-08-26T21:15:13Z,2026-08-26T21:15:13Z,2026-08-26T21:16:02Z,49.0,c15f894107f38848bb2ea7864b232621a5416a24,renovate/compiler,2026-08-26T21:15:05Z,26,44,37,81,2,1,0
github_actions,vuejs/core,33014479351,25193,pull_request,completed,success,2026-08-26T21:15:13Z,2026-08-26T21:15:13Z,2026-08-26T21:16:32Z,79.0,c15f894107f38848bb2ea7864b232621a5416a24,renovate/compiler,2026-08-26T21:15:05Z,26,44,37,81,2,1,0
github_actions,vuejs/core,33014472987,25192,push,completed,success,2026-08-26T21:15:09Z,2026-08-26T21:15:09Z,2026-08-26T21:16:43Z,94.0,c15f894107f38848bb2ea7864b232621a5416a24,renovate/compiler,2026-08-26T21:15:05Z,26,44,37,81,2,1,0
github_actions,vuejs/core,33014444025,12332,pull_request,completed,success,2026-08-26T21:14:47Z,2026-08-26T21:14:47Z,2026-08-26T21:15:32Z,45.0,bc83b7179c9c2687cd98d2fe81024e78f7ee6c6a,renovate/test,2026-08-26T21:14:41Z,24,128,114,242,2,1,0
github_actions,vuejs/core,33014444250,25191,pull_request,completed,success,2026-08-26T21:14:47Z,2026-08-26T21:14:47Z,2026-08-26T21:16:04Z,77.0,bc83b7179c9c2687cd98d2fe81024e78f7ee6c6a,renovate/test,2026-08-26T21:14:41Z,24,128,114,242,2,1,0
github_actions,vuejs/core,33014444008,10880,pull_request,completed,success,2026-08-26T21:14:47Z,2026-08-26T21:14:47Z,2026-08-26T21:15:36Z,49.0,bc83b7179c9c2687cd98d2fe81024e78f7ee6c6a,renovate/test,2026-08-26T21:14:41Z,24,128,114,242,2,1,0
github_actions,vuejs/core,33014440828,25190,push,completed,success,2026-08-26T21:14:45Z,2026-08-26T21:14:45Z,2026-08-26T21:16:28Z,103.0,bc83b7179c9c2687cd98d2fe81024e78f7ee6c6a,renovate/test,2026-08-26T21:14:41Z,24,128,114,242,2,1,0
github_actions,vuejs/core,32943567669,25188,push,completed,success,2026-08-26T07:36:11Z,2026-08-26T07:36:11Z,2026-08-26T07:37:54Z,103.0,37c81f936cbe404f5ec00a6827020febda3c41ce,minor,2026-08-26T07:35:53Z,123,106,61,167,5,1,0
github_actions,vuejs/core,32943567335,12330,push,completed,success,2026-08-26T07:36:11Z,2026-08-26T07:36:11Z,2026-08-26T07:36:43Z,32.0,37c81f936cbe404f5ec00a6827020febda3c41ce,minor,2026-08-26T07:35:53Z,123,106,61,167,5,1,0
github_actions,vuejs/core,32942727759,11496,workflow_run,completed,success,2026-08-26T07:25:59Z,2026-08-26T07:25:59Z,2026-08-26T07:27:16Z,77.0,e2bede96134f757aad5c5b33ac9be055022dbfc8,main,2026-08-21T00:21:46Z,53,2,0,2,1,1,0
github_actions,vuejs/core,32942627085,11495,workflow_run,completed,success,2026-08-26T07:24:45Z,2026-08-26T07:24:45Z,2026-08-26T07:25:45Z,60.0,e2bede96134f757aad5c5b33ac9be055022dbfc8,main,2026-08-21T00:21:46Z,53,2,0,2,1,1,0
github_actions,vuejs/core,32942608299,11494,workflow_run,completed,success,2026-08-26T07:24:31Z,2026-08-26T07:24:31Z,2026-08-26T07:25:52Z,81.0,e2bede96134f757aad5c5b33ac9be055022dbfc8,main,2026-08-21T00:21:46Z,53,2,0,2,1,1,0
github_actions,vuejs/core,32942594303,11493,workflow_run,completed,failure,2026-08-26T07:24:21Z,2026-08-26T07:24:21Z,2026-08-26T07:26:01Z,100.0,e2bede96134f757aad5c5b33ac9be055022dbfc8,main,2026-08-21T00:21:46Z,53,2,0,2,1,1,1
github_actions,vuejs/core,32942555888,11492,workflow_run,completed,success,2026-08-26T07:23:52Z,2026-08-26T07:23:52Z,2026-08-26T07:25:40Z,108.0,e2bede96134f757aad5c5b33ac9be055022dbfc8,main,2026-08-21T00:21:46Z,53,2,0,2,1,1,0
github_actions,vuejs/core,32942553398,11491,workflow_run,completed,success,2026-08-26T07:23:50Z,2026-08-26T07:23:50Z,2026-08-26T07:25:35Z,105.0,e2bede96134f757aad5c5b33ac9be055022dbfc8,main,2026-08-21T00:21:46Z,53,2,0,2,1,1,0
github_actions,vuejs/core,32942539910,11490,workflow_run,completed,success,2026-08-26T07:23:40Z,2026-08-26T07:23:40Z,2026-08-26T07:26:27Z,167.0,e2bede96134f757aad5c5b33ac9be055022dbfc8,main,2026-08-21T00:21:46Z,53,2,0,2,1,1,0
github_actions,vuejs/core,32942489746,11489,workflow_run,completed,success,2026-08-26T07:23:04Z,2026-08-26T07:23:04Z,2026-08-26T07:24:44Z,100.0,e2bede96134f757aad5c5b33ac9be055022dbfc8,main,2026-08-21T00:21:46Z,53,2,0,2,1,1,0
github_actions,vuejs/core,32942352127,25182,pull_request,completed,success,2026-08-26T07:21:25Z,2026-08-26T07:21:25Z,2026-08-26T07:23:11Z,106.0,755a248b854000ff7cf12f543c99c5997c81c521,edison/refactor/interop-slot-markers,2026-08-26T07:21:18Z,14,10,10,20,2,1,0
github_actions,vuejs/core,32942352057,10875,pull_request,completed,success,2026-08-26T07:21:25Z,2026-08-26T07:21:25Z,2026-08-26T07:24:06Z,161.0,a433e11637323670b430da8cbe527c812f9f490c,edison/refactor/slot-outlet,2026-08-26T07:21:16Z,77,384,450,834,1,1,0
github_actions,vuejs/core,32942353345,25186,pull_request,completed,success,2026-08-26T07:21:25Z,2026-08-26T07:21:25Z,2026-08-26T07:24:15Z,170.0,61344e212bdfc9252c27c203a53c6d43c60f0331,edison/refactor/interop-typed-seam,2026-08-26T07:21:20Z,14,2,2,4,2,1,0
github_actions,vuejs/core,32942352009,10874,pull_request,completed,success,2026-08-26T07:21:25Z,2026-08-26T07:21:25Z,2026-08-26T07:24:11Z,166.0,9c4dfe2a35c44690d4cbf3721762f170f579bf7a,edison/refactor/interop-update-origin,2026-08-26T07:21:17Z,76,22,11,33,1,1,0
github_actions,vuejs/core,32942352229,25184,pull_request,completed,success,2026-08-26T07:21:25Z,2026-08-26T07:21:25Z,2026-08-26T07:24:27Z,182.0,a433e11637323670b430da8cbe527c812f9f490c,edison/refactor/slot-outlet,2026-08-26T07:21:16Z,77,384,450,834,1,1,0
github_actions,vuejs/core,32942352018,12325,pull_request,completed,success,2026-08-26T07:21:25Z,2026-08-26T07:21:25Z,2026-08-26T07:24:19Z,174.0,9c4dfe2a35c44690d4cbf3721762f170f579bf7a,edison/refactor/interop-update-origin,2026-08-26T07:21:17Z,76,22,11,33,1,1,0
github_actions,vuejs/core,32942353080,12327,pull_request,completed,success,2026-08-26T07:21:25Z,2026-08-26T07:21:25Z,2026-08-26T07:24:29Z,184.0,61344e212bdfc9252c27c203a53c6d43c60f0331,edison/refactor/interop-typed-seam,2026-08-26T07:21:20Z,14,2,2,4,2,1,0
github_actions,vuejs/core,32942352088,12326,pull_request,completed,success,2026-08-26T07:21:25Z,2026-08-26T07:21:25Z,2026-08-26T07:24:43Z,198.0,a433e11637323670b430da8cbe527c812f9f490c,edison/refactor/slot-outlet,2026-08-26T07:21:16Z,77,384,450,834,1,1,0
github_actions,vuejs/core,32942353196,10877,pull_request,completed,success,2026-08-26T07:21:25Z,2026-08-26T07:21:25Z,2026-08-26T07:24:56Z,211.0,61344e212bdfc9252c27c203a53c6d43c60f0331,edison/refactor/interop-typed-seam,2026-08-26T07:21:20Z,14,2,2,4,2,1,0
github_actions,vuejs/core,32942352190,25183,pull_request,completed,success,2026-08-26T07:21:25Z,2026-08-26T07:21:25Z,2026-08-26T07:25:10Z,225.0,9c4dfe2a35c44690d4cbf3721762f170f579bf7a,edison/refactor/interop-update-origin,2026-08-26T07:21:17Z,76,22,11,33,1,1,0
github_actions,vuejs/core,32942353085,12328,pull_request,completed,success,2026-08-26T07:21:25Z,2026-08-26T07:25:28Z,2026-08-26T07:25:57Z,29.0,61344e212bdfc9252c27c203a53c6d43c60f0331,edison/refactor/interop-typed-seam,2026-08-26T07:21:20Z,14,2,2,4,2,2,0
github_actions,vuejs/core,32942351914,10873,pull_request,completed,success,2026-08-26T07:21:24Z,2026-08-26T07:21:24Z,2026-08-26T07:22:56Z,92.0,755a248b854000ff7cf12f543c99c5997c81c521,edison/refactor/interop-slot-markers,2026-08-26T07:21:18Z,14,10,10,20,2,1,0
github_actions,vuejs/core,32942351866,12324,pull_request,completed,success,2026-08-26T07:21:24Z,2026-08-26T07:21:24Z,2026-08-26T07:23:02Z,98.0,755a248b854000ff7cf12f543c99c5997c81c521,edison/refactor/interop-slot-markers,2026-08-26T07:21:18Z,14,10,10,20,2,1,0
github_actions,vuejs/core,32942351459,12322,pull_request,completed,success,2026-08-26T07:21:24Z,2026-08-26T07:21:24Z,2026-08-26T07:23:38Z,134.0,b28567cb8c8c7fe3d465791f80b8696095ca508d,edison/refactor/interop-unmount-suspense,2026-08-26T07:21:19Z,89,57,55,112,4,1,0
github_actions,vuejs/core,32942350927,12320,pull_request,completed,success,2026-08-26T07:21:24Z,2026-08-26T07:21:24Z,2026-08-26T07:23:50Z,146.0,4e6b3e0d6bc5c225b0ed0a28b8919f02ba847d19,edison/refactor/interop-fragment-protocol,2026-08-26T07:21:19Z,80,56,32,88,7,1,0
github_actions,vuejs/core,32942351715,25180,pull_request,completed,success,2026-08-26T07:21:24Z,2026-08-26T07:21:24Z,2026-08-26T07:24:03Z,159.0,b28567cb8c8c7fe3d465791f80b8696095ca508d,edison/refactor/interop-unmount-suspense,2026-08-26T07:21:19Z,89,57,55,112,4,1,0
github_actions,vuejs/core,32942350944,10869,pull_request,completed,success,2026-08-26T07:21:24Z,2026-08-26T07:21:24Z,2026-08-26T07:24:24Z,180.0,4e6b3e0d6bc5c225b0ed0a28b8919f02ba847d19,edison/refactor/interop-fragment-protocol,2026-08-26T07:21:19Z,80,56,32,88,7,1,0
github_actions,vuejs/core,32942350568,25177,pull_request,completed,success,2026-08-26T07:21:24Z,2026-08-26T07:21:24Z,2026-08-26T07:24:43Z,199.0,342db3bd79eb117a69c974f58986172b09856e34,edison/refactor/interop,2026-08-26T07:21:16Z,95,46,31,77,3,1,0
github_actions,vuejs/core,32942351106,25178,pull_request,completed,success,2026-08-26T07:21:24Z,2026-08-26T07:21:24Z,2026-08-26T07:25:07Z,223.0,4e6b3e0d6bc5c225b0ed0a28b8919f02ba847d19,edison/refactor/interop-fragment-protocol,2026-08-26T07:21:19Z,80,56,32,88,7,1,0
github_actions,vuejs/core,32942351500,10872,pull_request,completed,success,2026-08-26T07:21:24Z,2026-08-26T07:21:24Z,2026-08-26T07:24:53Z,209.0,b28567cb8c8c7fe3d465791f80b8696095ca508d,edison/refactor/interop-unmount-suspense,2026-08-26T07:21:19Z,89,57,55,112,4,1,0
github_actions,vuejs/core,32942350444,10868,pull_request,completed,success,2026-08-26T07:21:23Z,2026-08-26T07:21:23Z,2026-08-26T07:23:37Z,134.0,342db3bd79eb117a69c974f58986172b09856e34,edison/refactor/interop,2026-08-26T07:21:16Z,95,46,31,77,3,1,0
github_actions,vuejs/core,32942350394,12319,pull_request,completed,success,2026-08-26T07:21:23Z,2026-08-26T07:21:23Z,2026-08-26T07:23:48Z,145.0,342db3bd79eb117a69c974f58986172b09856e34,edison/refactor/interop,2026-08-26T07:21:16Z,95,46,31,77,3,1,0
github_actions,vuejs/core,32942349118,25176,push,completed,success,2026-08-26T07:21:22Z,2026-08-26T07:21:22Z,2026-08-26T07:25:35Z,253.0,61344e212bdfc9252c27c203a53c6d43c60f0331,edison/refactor/interop-typed-seam,2026-08-26T07:21:20Z,14,2,2,4,2,1,0
github_actions,vuejs/core,32942347951,25175,push,completed,success,2026-08-26T07:21:22Z,2026-08-26T07:21:22Z,2026-08-26T07:25:53Z,271.0,4e6b3e0d6bc5c225b0ed0a28b8919f02ba847d19,edison/refactor/interop-fragment-protocol,2026-08-26T07:21:19Z,80,56,32,88,7,1,0
github_actions,vuejs/core,32942347087,25173,push,completed,success,2026-08-26T07:21:21Z,2026-08-26T07:21:21Z,2026-08-26T07:24:15Z,174.0,755a248b854000ff7cf12f543c99c5997c81c521,edison/refactor/interop-slot-markers,2026-08-26T07:21:18Z,14,10,10,20,2,1,0
github_actions,vuejs/core,32942347695,25174,push,completed,success,2026-08-26T07:21:21Z,2026-08-26T07:21:21Z,2026-08-26T07:24:22Z,181.0,b28567cb8c8c7fe3d465791f80b8696095ca508d,edison/refactor/interop-unmount-suspense,2026-08-26T07:21:19Z,89,57,55,112,4,1,0
github_actions,vuejs/core,32942346042,25172,push,completed,success,2026-08-26T07:21:20Z,2026-08-26T07:21:20Z,2026-08-26T07:25:05Z,225.0,9c4dfe2a35c44690d4cbf3721762f170f579bf7a,edison/refactor/interop-update-origin,2026-08-26T07:21:17Z,76,22,11,33,1,1,0
github_actions,vuejs/core,32942344902,25171,push,completed,success,2026-08-26T07:21:19Z,2026-08-26T07:21:19Z,2026-08-26T07:22:59Z,100.0,a433e11637323670b430da8cbe527c812f9f490c,edison/refactor/slot-outlet,2026-08-26T07:21:16Z,77,384,450,834,1,1,0
github_actions,vuejs/core,32942343983,25170,push,completed,success,2026-08-26T07:21:19Z,2026-08-26T07:21:19Z,2026-08-26T07:23:09Z,110.0,342db3bd79eb117a69c974f58986172b09856e34,edison/refactor/interop,2026-08-26T07:21:16Z,95,46,31,77,3,1,0
github_actions,vuejs/core,32942292424,12318,push,completed,success,2026-08-26T07:20:40Z,2026-08-26T07:20:40Z,2026-08-26T07:21:17Z,37.0,b1e6c185d88a821939514c636d4c50f3ae2b14e2,minor,2026-08-26T07:20:37Z,43,1416,1718,3134,44,1,0
github_actions,vuejs/core,32942292790,25169,push,completed,success,2026-08-26T07:20:40Z,2026-08-26T07:20:40Z,2026-08-26T07:22:36Z,116.0,b1e6c185d88a821939514c636d4c50f3ae2b14e2,minor,2026-08-26T07:20:37Z,43,1416,1718,3134,44,1,0
github_actions,vuejs/core,32941962000,11484,workflow_run,completed,success,2026-08-26T07:16:31Z,2026-08-26T07:16:31Z,2026-08-26T07:18:01Z,90.0,e2bede96134f757aad5c5b33ac9be055022dbfc8,main,2026-08-21T00:21:46Z,53,2,0,2,1,1,0
github_actions,vuejs/core,32941925675,12317,pull_request,completed,success,2026-08-26T07:16:03Z,2026-08-26T07:16:03Z,2026-08-26T07:16:28Z,25.0,16a73bf2258929d5dd8fce6ec61f640779d5fe17,edison/chore/updateVite+,2026-08-26T07:15:31Z,13,1,11,12,2,1,0
github_actions,vuejs/core,32941925591,10867,pull_request,completed,success,2026-08-26T07:16:03Z,2026-08-26T07:16:03Z,2026-08-26T07:16:30Z,27.0,16a73bf2258929d5dd8fce6ec61f640779d5fe17,edison/chore/updateVite+,2026-08-26T07:15:31Z,13,1,11,12,2,1,0
github_actions,vuejs/core,32941925773,25168,pull_request,completed,success,2026-08-26T07:16:03Z,2026-08-26T07:16:03Z,2026-08-26T07:16:49Z,46.0,16a73bf2258929d5dd8fce6ec61f640779d5fe17,edison/chore/updateVite+,2026-08-26T07:15:31Z,13,1,11,12,2,1,0
github_actions,vuejs/core,32941920885,25167,push,completed,success,2026-08-26T07:16:00Z,2026-08-26T07:16:00Z,2026-08-26T07:17:38Z,98.0,16a73bf2258929d5dd8fce6ec61f640779d5fe17,edison/chore/updateVite+,2026-08-26T07:15:31Z,13,1,11,12,2,1,0
github_actions,vuejs/core,32940864778,11483,workflow_run,completed,success,2026-08-26T07:02:53Z,2026-08-26T07:02:53Z,2026-08-26T07:04:13Z,80.0,e2bede96134f757aad5c5b33ac9be055022dbfc8,main,2026-08-21T00:21:46Z,53,2,0,2,1,1,0
github_actions,vuejs/core,32940821275,10866,pull_request,completed,success,2026-08-26T07:02:20Z,2026-08-26T07:02:20Z,2026-08-26T07:02:47Z,27.0,5c8c749e723c5f79c378cf99289a831269e0782e,edison/chore/updateVite+,2026-08-26T07:01:16Z,15,1,1,2,1,1,0
github_actions,vuejs/core,32940821363,25166,pull_request,completed,success,2026-08-26T07:02:20Z,2026-08-26T07:02:20Z,2026-08-26T07:03:14Z,54.0,5c8c749e723c5f79c378cf99289a831269e0782e,edison/chore/updateVite+,2026-08-26T07:01:16Z,15,1,1,2,1,1,0
github_actions,vuejs/core,32940821243,12316,pull_request,completed,success,2026-08-26T07:02:20Z,2026-08-26T07:02:20Z,2026-08-26T07:02:51Z,31.0,5c8c749e723c5f79c378cf99289a831269e0782e,edison/chore/updateVite+,2026-08-26T07:01:16Z,15,1,1,2,1,1,0
github_actions,vuejs/core,32940816788,25165,push,completed,success,2026-08-26T07:02:17Z,2026-08-26T07:02:17Z,2026-08-26T07:03:57Z,100.0,5c8c749e723c5f79c378cf99289a831269e0782e,edison/chore/updateVite+,2026-08-26T07:01:16Z,15,1,1,2,1,1,0
github_actions,vuejs/core,32940715360,11482,workflow_run,completed,success,2026-08-26T07:00:59Z,2026-08-26T07:00:59Z,2026-08-26T07:03:51Z,172.0,e2bede96134f757aad5c5b33ac9be055022dbfc8,main,2026-08-21T00:21:46Z,53,2,0,2,1,1,0
github_actions,vuejs/core,32940676275,10865,pull_request,completed,success,2026-08-26T07:00:32Z,2026-08-26T07:00:32Z,2026-08-26T07:01:06Z,34.0,1e01dfd943e9c95b3946a49917fdeef26360613d,edison/refactor/interop-typed-seam,2026-08-26T07:00:15Z,14,2,2,4,2,1,0
github_actions,vuejs/core,32940676303,12315,pull_request,completed,success,2026-08-26T07:00:32Z,2026-08-26T07:00:32Z,2026-08-26T07:00:57Z,25.0,1e01dfd943e9c95b3946a49917fdeef26360613d,edison/refactor/interop-typed-seam,2026-08-26T07:00:15Z,14,2,2,4,2,1,0
github_actions,vuejs/core,32940676517,25164,pull_request,completed,success,2026-08-26T07:00:32Z,2026-08-26T07:00:32Z,2026-08-26T07:01:22Z,50.0,1e01dfd943e9c95b3946a49917fdeef26360613d,edison/refactor/interop-typed-seam,2026-08-26T07:00:15Z,14,2,2,4,2,1,0
github_actions,vuejs/core,32940670815,25163,push,completed,success,2026-08-26T07:00:28Z,2026-08-26T07:00:28Z,2026-08-26T07:02:16Z,108.0,1e01dfd943e9c95b3946a49917fdeef26360613d,edison/refactor/interop-typed-seam,2026-08-26T07:00:15Z,14,2,2,4,2,1,0
github_actions,vuejs/core,32940329079,11481,workflow_run,completed,success,2026-08-26T06:55:59Z,2026-08-26T06:55:59Z,2026-08-26T06:56:59Z,60.0,e2bede96134f757aad5c5b33ac9be055022dbfc8,main,2026-08-21T00:21:46Z,53,2,0,2,1,1,0
github_actions,vuejs/core,32940287033,12314,pull_request,completed,success,2026-08-26T06:55:27Z,2026-08-26T06:55:27Z,2026-08-26T06:55:57Z,30.0,4d1a8a3098856193beaf01030ce7131142069573,edison/chore/updateVite+,2026-08-26T06:55:22Z,34,30,45,75,5,1,0
github_actions,vuejs/core,32940286950,10864,pull_request,completed,success,2026-08-26T06:55:27Z,2026-08-26T06:55:27Z,2026-08-26T06:55:54Z,27.0,4d1a8a3098856193beaf01030ce7131142069573,edison/chore/updateVite+,2026-08-26T06:55:22Z,34,30,45,75,5,1,0
github_actions,vuejs/core,32940287099,25162,pull_request,completed,success,2026-08-26T06:55:27Z,2026-08-26T06:55:27Z,2026-08-26T06:56:23Z,56.0,4d1a8a3098856193beaf01030ce7131142069573,edison/chore/updateVite+,2026-08-26T06:55:22Z,34,30,45,75,5,1,0
github_actions,vuejs/core,32940284902,25161,push,completed,failure,2026-08-26T06:55:25Z,2026-08-26T06:55:25Z,2026-08-26T06:57:24Z,119.0,4d1a8a3098856193beaf01030ce7131142069573,edison/chore/updateVite+,2026-08-26T06:55:22Z,34,30,45,75,5,1,1
github_actions,vuejs/core,32940277420,11480,workflow_run,completed,success,2026-08-26T06:55:19Z,2026-08-26T06:55:19Z,2026-08-26T06:56:21Z,62.0,e2bede96134f757aad5c5b33ac9be055022dbfc8,main,2026-08-21T00:21:46Z,53,2,0,2,1,1,0
github_actions,vuejs/core,32940235091,12313,pull_request,completed,success,2026-08-26T06:54:46Z,2026-08-26T06:54:46Z,2026-08-26T06:55:17Z,31.0,88a9156aaf74fa2ce4e4d985614c2c607ab044b0,edison/chore/updateVite+,2026-08-26T06:54:02Z,34,1394,1671,3065,38,1,0
github_actions,vuejs/core,32940235127,10863,pull_request,completed,failure,2026-08-26T06:54:46Z,2026-08-26T06:54:46Z,2026-08-26T06:55:20Z,34.0,88a9156aaf74fa2ce4e4d985614c2c607ab044b0,edison/chore/updateVite+,2026-08-26T06:54:02Z,34,1394,1671,3065,38,1,1
github_actions,vuejs/core,32939792648,11479,workflow_run,completed,success,2026-08-26T06:48:47Z,2026-08-26T06:48:47Z,2026-08-26T06:50:36Z,109.0,e2bede96134f757aad5c5b33ac9be055022dbfc8,main,2026-08-21T00:21:46Z,53,2,0,2,1,1,0
github_actions,vuejs/core,32939755110,25158,pull_request,completed,success,2026-08-26T06:48:16Z,2026-08-26T06:48:16Z,2026-08-26T06:49:13Z,57.0,120b3092c116511b60998dd94633dd93c181175d,edison/refactor/interop-typed-seam,2026-08-26T06:47:32Z,46,105,60,165,5,1,0
github_actions,vuejs/core,32939754946,12312,pull_request,completed,success,2026-08-26T06:48:16Z,2026-08-26T06:48:16Z,2026-08-26T06:48:45Z,29.0,120b3092c116511b60998dd94633dd93c181175d,edison/refactor/interop-typed-seam,2026-08-26T06:47:32Z,46,105,60,165,5,1,0
github_actions,vuejs/core,32939755012,10862,pull_request,completed,success,2026-08-26T06:48:16Z,2026-08-26T06:48:16Z,2026-08-26T06:48:48Z,32.0,120b3092c116511b60998dd94633dd93c181175d,edison/refactor/interop-typed-seam,2026-08-26T06:47:32Z,46,105,60,165,5,1,0
github_actions,vuejs/core,32939725680,25157,push,completed,success,2026-08-26T06:47:52Z,2026-08-26T06:47:52Z,2026-08-26T06:49:18Z,86.0,120b3092c116511b60998dd94633dd93c181175d,edison/refactor/interop-typed-seam,2026-08-26T06:47:32Z,46,105,60,165,5,1,0
github_actions,vuejs/core,32938491282,11478,workflow_run,completed,success,2026-08-26T06:30:57Z,2026-08-26T06:30:57Z,2026-08-26T06:32:37Z,100.0,e2bede96134f757aad5c5b33ac9be055022dbfc8,main,2026-08-21T00:21:46Z,53,2,0,2,1,1,0
github_actions,vuejs/core,32938452570,10861,pull_request,completed,success,2026-08-26T06:30:28Z,2026-08-26T06:30:28Z,2026-08-26T06:30:54Z,26.0,8439b0d1fcb6cb88e754eb6344cbc57312c2e6af,edison/refactor/interop-unmount-suspense,2026-08-26T06:29:15Z,89,57,55,112,4,1,0
github_actions,vuejs/core,32938452847,12311,pull_request,completed,success,2026-08-26T06:30:28Z,2026-08-26T06:30:28Z,2026-08-26T06:30:55Z,27.0,8439b0d1fcb6cb88e754eb6344cbc57312c2e6af,edison/refactor/interop-unmount-suspense,2026-08-26T06:29:15Z,89,57,55,112,4,1,0
github_actions,vuejs/core,32938452863,25156,pull_request,completed,success,2026-08-26T06:30:28Z,2026-08-26T06:30:28Z,2026-08-26T06:31:16Z,48.0,8439b0d1fcb6cb88e754eb6344cbc57312c2e6af,edison/refactor/interop-unmount-suspense,2026-08-26T06:29:15Z,89,57,55,112,4,1,0
github_actions,vuejs/core,32938381483,25155,push,completed,success,2026-08-26T06:29:31Z,2026-08-26T06:29:31Z,2026-08-26T06:30:59Z,88.0,8439b0d1fcb6cb88e754eb6344cbc57312c2e6af,edison/refactor/interop-unmount-suspense,2026-08-26T06:29:15Z,89,57,55,112,4,1,0
github_actions,vuejs/core,32937994409,11477,workflow_run,completed,success,2026-08-26T06:24:08Z,2026-08-26T06:24:08Z,2026-08-26T06:25:21Z,73.0,e2bede96134f757aad5c5b33ac9be055022dbfc8,main,2026-08-21T00:21:46Z,53,2,0,2,1,1,0
github_actions,vuejs/core,32937596228,25154,pull_request,completed,success,2026-08-26T06:18:39Z,2026-08-26T06:23:32Z,2026-08-26T06:25:12Z,100.0,19c87feface1b5c3061cffedb44123cd25284547,fix/13964-setup-fn-optional-props,2026-08-26T06:18:26Z,336,25,1,26,2,2,0
github_actions,vuejs/core,32937596183,12310,pull_request,completed,success,2026-08-26T06:18:39Z,2026-08-26T06:23:32Z,2026-08-26T06:24:06Z,34.0,19c87feface1b5c3061cffedb44123cd25284547,fix/13964-setup-fn-optional-props,2026-08-26T06:18:26Z,336,25,1,26,2,2,0
github_actions,vuejs/core,32937596212,10860,pull_request,completed,success,2026-08-26T06:18:39Z,2026-08-26T06:23:32Z,2026-08-26T06:24:25Z,53.0,19c87feface1b5c3061cffedb44123cd25284547,fix/13964-setup-fn-optional-props,2026-08-26T06:18:26Z,336,25,1,26,2,2,0
github_actions,vuejs/core,32936875315,11476,workflow_run,completed,success,2026-08-26T06:08:36Z,2026-08-26T06:08:36Z,2026-08-26T06:09:40Z,64.0,e2bede96134f757aad5c5b33ac9be055022dbfc8,main,2026-08-21T00:21:46Z,53,2,0,2,1,1,0
github_actions,vuejs/core,32936836404,12309,pull_request,completed,success,2026-08-26T06:08:02Z,2026-08-26T06:08:02Z,2026-08-26T06:08:34Z,32.0,b8e00129f8d16435c122c36e4408c45379e552b0,edison/refactor/interop-fragment-protocol,2026-08-26T06:07:04Z,80,56,32,88,7,1,0
github_actions,vuejs/core,32936836547,10859,pull_request,completed,success,2026-08-26T06:08:02Z,2026-08-26T06:08:02Z,2026-08-26T06:08:30Z,28.0,b8e00129f8d16435c122c36e4408c45379e552b0,edison/refactor/interop-fragment-protocol,2026-08-26T06:07:04Z,80,56,32,88,7,1,0
github_actions,vuejs/core,32936836583,25153,pull_request,completed,success,2026-08-26T06:08:02Z,2026-08-26T06:08:02Z,2026-08-26T06:09:00Z,58.0,b8e00129f8d16435c122c36e4408c45379e552b0,edison/refactor/interop-fragment-protocol,2026-08-26T06:07:04Z,80,56,32,88,7,1,0
github_actions,vuejs/core,32936788787,25152,push,completed,success,2026-08-26T06:07:22Z,2026-08-26T06:07:22Z,2026-08-26T06:09:25Z,123.0,b8e00129f8d16435c122c36e4408c45379e552b0,edison/refactor/interop-fragment-protocol,2026-08-26T06:07:04Z,80,56,32,88,7,1,0
github_actions,vuejs/core,32928078482,11475,workflow_run,completed,success,2026-08-26T03:52:29Z,2026-08-26T03:52:29Z,2026-08-26T03:53:43Z,74.0,e2bede96134f757aad5c5b33ac9be055022dbfc8,main,2026-08-21T00:21:46Z,53,2,0,2,1,1,0
github_actions,vuejs/core,32928041151,12307,pull_request,completed,success,2026-08-26T03:51:54Z,2026-08-26T03:51:54Z,2026-08-26T03:52:27Z,33.0,7ec4454c9d66a4b942f0bd084c653662d70de49d,edison/refactor/slot-outlet,2026-08-26T03:06:55Z,77,384,450,834,1,1,0
github_actions,vuejs/core,32928041123,10857,pull_request,completed,success,2026-08-26T03:51:54Z,2026-08-26T03:51:54Z,2026-08-26T03:52:20Z,26.0,7ec4454c9d66a4b942f0bd084c653662d70de49d,edison/refactor/slot-outlet,2026-08-26T03:06:55Z,77,384,450,834,1,1,0
github_actions,vuejs/core,32928041297,25150,pull_request,completed,success,2026-08-26T03:51:54Z,2026-08-26T03:51:54Z,2026-08-26T03:52:39Z,45.0,7ec4454c9d66a4b942f0bd084c653662d70de49d,edison/refactor/slot-outlet,2026-08-26T03:06:55Z,77,384,450,834,1,1,0
github_actions,vuejs/core,32928036743,25149,push,completed,success,2026-08-26T03:51:49Z,2026-08-26T03:51:49Z,2026-08-26T03:53:35Z,106.0,7ec4454c9d66a4b942f0bd084c653662d70de49d,edison/refactor/slot-outlet,2026-08-26T03:06:55Z,77,384,450,834,1,1,0
github_actions,vuejs/core,32927869672,11474,workflow_run,completed,success,2026-08-26T03:49:07Z,2026-08-26T03:49:07Z,2026-08-26T03:51:50Z,163.0,e2bede96134f757aad5c5b33ac9be055022dbfc8,main,2026-08-21T00:21:46Z,53,2,0,2,1,1,0
github_actions,vuejs/core,32927846022,12306,pull_request,completed,success,2026-08-26T03:48:41Z,2026-08-26T03:48:41Z,2026-08-26T03:49:05Z,24.0,0fae223cc888e52509808ee4cf123345ab5f469d,edison/refactor/interop-slot-markers,2026-08-26T03:48:26Z,14,10,10,20,2,1,0
github_actions,vuejs/core,32927846036,10856,pull_request,completed,success,2026-08-26T03:48:41Z,2026-08-26T03:48:41Z,2026-08-26T03:49:11Z,30.0,0fae223cc888e52509808ee4cf123345ab5f469d,edison/refactor/interop-slot-markers,2026-08-26T03:48:26Z,14,10,10,20,2,1,0
github_actions,vuejs/core,32927846124,25148,pull_request,completed,success,2026-08-26T03:48:41Z,2026-08-26T03:48:41Z,2026-08-26T03:49:34Z,53.0,0fae223cc888e52509808ee4cf123345ab5f469d,edison/refactor/interop-slot-markers,2026-08-26T03:48:26Z,14,10,10,20,2,1,0
github_actions,vuejs/core,32927842619,25147,push,completed,success,2026-08-26T03:48:37Z,2026-08-26T03:48:37Z,2026-08-26T03:50:24Z,107.0,0fae223cc888e52509808ee4cf123345ab5f469d,edison/refactor/interop-slot-markers,2026-08-26T03:48:26Z,14,10,10,20,2,1,0
github_actions,vuejs/core,32927555181,11473,workflow_run,completed,success,2026-08-26T03:44:00Z,2026-08-26T03:44:00Z,2026-08-26T03:45:08Z,68.0,e2bede96134f757aad5c5b33ac9be055022dbfc8,main,2026-08-21T00:21:46Z,53,2,0,2,1,1,0
github_actions,vuejs/core,32927530746,12305,pull_request,completed,success,2026-08-26T03:43:33Z,2026-08-26T03:43:33Z,2026-08-26T03:43:58Z,25.0,bd994878e87ff8058eb5ed0658810ba66e31f09f,edison/refactor/interop-slot-markers,2026-08-26T03:42:42Z,77,56,27,83,5,1,0
github_actions,vuejs/core,32927530909,25146,pull_request,completed,failure,2026-08-26T03:43:33Z,2026-08-26T03:43:33Z,2026-08-26T03:44:11Z,38.0,bd994878e87ff8058eb5ed0658810ba66e31f09f,edison/refactor/interop-slot-markers,2026-08-26T03:42:42Z,77,56,27,83,5,1,1
github_actions,vuejs/core,32927530853,10855,pull_request,completed,success,2026-08-26T03:43:33Z,2026-08-26T03:43:33Z,2026-08-26T03:44:06Z,33.0,bd994878e87ff8058eb5ed0658810ba66e31f09f,edison/refactor/interop-slot-markers,2026-08-26T03:42:42Z,77,56,27,83,5,1,0
github_actions,vuejs/core,32927487137,25145,push,completed,failure,2026-08-26T03:42:56Z,2026-08-26T03:42:56Z,2026-08-26T03:44:48Z,112.0,bd994878e87ff8058eb5ed0658810ba66e31f09f,edison/refactor/interop-slot-markers,2026-08-26T03:42:42Z,77,56,27,83,5,1,1
github_actions,vuejs/core,32927098846,11472,workflow_run,completed,success,2026-08-26T03:36:45Z,2026-08-26T03:36:45Z,2026-08-26T03:38:20Z,95.0,e2bede96134f757aad5c5b33ac9be055022dbfc8,main,2026-08-21T00:21:46Z,53,2,0,2,1,1,0
github_actions,vuejs/core,32927060142,12304,pull_request,completed,success,2026-08-26T03:36:08Z,2026-08-26T03:36:08Z,2026-08-26T03:36:43Z,35.0,91d417b79c67d70dc7e2548b5fa198ab61dd5434,edison/refactor/slot-outlet,2026-08-26T03:36:01Z,137,196,5,201,14,1,0
github_actions,vuejs/core,32927060165,10854,pull_request,completed,success,2026-08-26T03:36:08Z,2026-08-26T03:36:08Z,2026-08-26T03:36:51Z,43.0,91d417b79c67d70dc7e2548b5fa198ab61dd5434,edison/refactor/slot-outlet,2026-08-26T03:36:01Z,137,196,5,201,14,1,0
github_actions,vuejs/core,32927060272,25144,pull_request,completed,success,2026-08-26T03:36:08Z,2026-08-26T03:36:08Z,2026-08-26T03:37:01Z,53.0,91d417b79c67d70dc7e2548b5fa198ab61dd5434,edison/refactor/slot-outlet,2026-08-26T03:36:01Z,137,196,5,201,14,1,0
github_actions,vuejs/core,32927057250,25143,push,completed,success,2026-08-26T03:36:05Z,2026-08-26T03:36:05Z,2026-08-26T03:37:54Z,109.0,91d417b79c67d70dc7e2548b5fa198ab61dd5434,edison/refactor/slot-outlet,2026-08-26T03:36:01Z,137,196,5,201,14,1,0
github_actions,axios/axios,33129584864,2549,issue_comment,completed,success,2026-08-28T00:23:52Z,2026-08-28T00:23:52Z,2026-08-28T00:24:02Z,10.0,fede1d1562e308077da7994305d63fb7722b66ac,v1.x,2026-08-26T08:20:52Z,236,54,52,106,1,1,0
github_actions,axios/axios,33089105784,1456,pull_request,completed,success,2026-08-27T15:40:34Z,2026-08-27T15:40:34Z,2026-08-27T15:40:53Z,19.0,4d247cf9dc2ed69ecce2988dc8b30cba7ac234ca,fix/http-prototype-handling,2026-08-27T15:40:17Z,768,70,10,80,1,1,0
github_actions,axios/axios,33089105032,64,pull_request,completed,failure,2026-08-27T15:40:33Z,2026-08-27T15:40:33Z,2026-08-27T15:41:53Z,80.0,4d247cf9dc2ed69ecce2988dc8b30cba7ac234ca,fix/http-prototype-handling,2026-08-27T15:40:17Z,768,70,10,80,1,1,1
github_actions,axios/axios,33051196215,2548,issue_comment,completed,success,2026-08-27T07:47:23Z,2026-08-27T07:47:23Z,2026-08-27T07:47:34Z,11.0,fede1d1562e308077da7994305d63fb7722b66ac,v1.x,2026-08-26T08:20:52Z,236,54,52,106,1,1,0
github_actions,axios/axios,33050724762,1455,pull_request,completed,success,2026-08-27T07:40:41Z,2026-08-27T07:40:41Z,2026-08-27T07:40:59Z,18.0,36e3794ace2122f10e8739da448609c89ddabe32,fix/http-prototype-handling,2026-08-27T07:37:57Z,751,403,1,404,2,1,0
github_actions,axios/axios,33050724799,63,pull_request,completed,success,2026-08-27T07:40:41Z,2026-08-27T07:40:41Z,2026-08-27T07:41:52Z,71.0,36e3794ace2122f10e8739da448609c89ddabe32,fix/http-prototype-handling,2026-08-27T07:37:57Z,751,403,1,404,2,1,0
github_actions,axios/axios,33050488533,181,pull_request,completed,success,2026-08-27T07:37:21Z,2026-08-27T07:37:21Z,2026-08-27T07:37:37Z,16.0,e59423d0584d4bcc3a7a48922122be4b14d680ba,plan/rolldown-modern-umd,2026-08-27T07:37:16Z,151,1,1,2,1,1,0
github_actions,axios/axios,33050488521,1454,pull_request,completed,success,2026-08-27T07:37:21Z,2026-08-27T07:37:21Z,2026-08-27T07:37:47Z,26.0,e59423d0584d4bcc3a7a48922122be4b14d680ba,plan/rolldown-modern-umd,2026-08-27T07:37:16Z,151,1,1,2,1,1,0
github_actions,axios/axios,33050488550,824,pull_request,completed,success,2026-08-27T07:37:21Z,2026-08-27T07:37:21Z,2026-08-27T07:37:46Z,25.0,e59423d0584d4bcc3a7a48922122be4b14d680ba,plan/rolldown-modern-umd,2026-08-27T07:37:16Z,151,1,1,2,1,1,0
github_actions,axios/axios,33050488572,571,pull_request,completed,success,2026-08-27T07:37:21Z,2026-08-27T07:37:21Z,2026-08-27T07:37:44Z,23.0,e59423d0584d4bcc3a7a48922122be4b14d680ba,plan/rolldown-modern-umd,2026-08-27T07:37:16Z,151,1,1,2,1,1,0
github_actions,axios/axios,33050488528,1561,pull_request,completed,success,2026-08-27T07:37:21Z,2026-08-27T07:37:21Z,2026-08-27T07:40:47Z,206.0,e59423d0584d4bcc3a7a48922122be4b14d680ba,plan/rolldown-modern-umd,2026-08-27T07:37:16Z,151,1,1,2,1,1,0
github_actions,axios/axios,33044597637,2547,issue_comment,completed,success,2026-08-27T06:04:58Z,2026-08-27T06:04:58Z,2026-08-27T06:05:06Z,8.0,fede1d1562e308077da7994305d63fb7722b66ac,v1.x,2026-08-26T08:20:52Z,236,54,52,106,1,1,0
github_actions,axios/axios,33012725825,2545,issue_comment,completed,success,2026-08-26T20:54:06Z,2026-08-26T20:54:06Z,2026-08-26T20:54:14Z,8.0,fede1d1562e308077da7994305d63fb7722b66ac,v1.x,2026-08-26T08:20:52Z,236,54,52,106,1,1,0
github_actions,axios/axios,32947286095,1450,push,completed,success,2026-08-26T08:20:55Z,2026-08-26T08:20:55Z,2026-08-26T08:21:21Z,26.0,fede1d1562e308077da7994305d63fb7722b66ac,v1.x,2026-08-26T08:20:52Z,236,54,52,106,1,1,0
github_actions,axios/axios,32947286106,180,push,completed,success,2026-08-26T08:20:55Z,2026-08-26T08:20:55Z,2026-08-26T08:21:09Z,14.0,fede1d1562e308077da7994305d63fb7722b66ac,v1.x,2026-08-26T08:20:52Z,236,54,52,106,1,1,0
github_actions,axios/axios,32947286235,820,push,completed,success,2026-08-26T08:20:55Z,2026-08-26T08:20:55Z,2026-08-26T08:21:29Z,34.0,fede1d1562e308077da7994305d63fb7722b66ac,v1.x,2026-08-26T08:20:52Z,236,54,52,106,1,1,0
github_actions,axios/axios,32947285934,1859,dynamic,completed,success,2026-08-26T08:20:55Z,2026-08-26T08:20:55Z,2026-08-26T08:21:39Z,44.0,fede1d1562e308077da7994305d63fb7722b66ac,v1.x,2026-08-26T08:20:52Z,236,54,52,106,1,1,0
github_actions,axios/axios,32947285588,1858,dynamic,completed,success,2026-08-26T08:20:55Z,2026-08-26T08:20:55Z,2026-08-26T08:21:49Z,54.0,fede1d1562e308077da7994305d63fb7722b66ac,v1.x,2026-08-26T08:20:52Z,236,54,52,106,1,1,0
github_actions,axios/axios,32871078651,2544,issue_comment,completed,success,2026-08-25T16:17:33Z,2026-08-25T16:17:33Z,2026-08-25T16:17:45Z,12.0,84a9f3b9a4f3244b8c8e818f557d64c7b964fb25,v1.x,2026-08-19T15:53:46Z,208,4,4,8,3,1,0
github_actions,axios/axios,32836134455,2543,issue_comment,completed,success,2026-08-25T10:13:41Z,2026-08-25T10:13:41Z,2026-08-25T10:13:49Z,8.0,84a9f3b9a4f3244b8c8e818f557d64c7b964fb25,v1.x,2026-08-19T15:53:46Z,208,4,4,8,3,1,0
github_actions,axios/axios,32836101603,179,pull_request,completed,success,2026-08-25T10:13:19Z,2026-08-25T10:13:19Z,2026-08-25T10:13:37Z,18.0,28c76c9d6f44a0c9889919df6a69c6371cf87a23,dependabot/npm_and_yarn/development_dependencies-111c106178,2026-08-25T10:13:12Z,2299,54,52,106,1,1,0
github_actions,axios/axios,32836101672,817,pull_request,completed,success,2026-08-25T10:13:19Z,2026-08-25T10:13:19Z,2026-08-25T10:13:55Z,36.0,28c76c9d6f44a0c9889919df6a69c6371cf87a23,dependabot/npm_and_yarn/development_dependencies-111c106178,2026-08-25T10:13:12Z,2299,54,52,106,1,1,0
github_actions,axios/axios,32836101588,565,pull_request,completed,success,2026-08-25T10:13:19Z,2026-08-25T10:13:19Z,2026-08-25T10:13:45Z,26.0,28c76c9d6f44a0c9889919df6a69c6371cf87a23,dependabot/npm_and_yarn/development_dependencies-111c106178,2026-08-25T10:13:12Z,2299,54,52,106,1,1,0
github_actions,axios/axios,32836101744,1447,pull_request,completed,success,2026-08-25T10:13:19Z,2026-08-25T10:13:19Z,2026-08-25T10:13:46Z,27.0,28c76c9d6f44a0c9889919df6a69c6371cf87a23,dependabot/npm_and_yarn/development_dependencies-111c106178,2026-08-25T10:13:12Z,2299,54,52,106,1,1,0
github_actions,axios/axios,32836101601,1555,pull_request,completed,success,2026-08-25T10:13:19Z,2026-08-25T10:13:19Z,2026-08-25T10:16:19Z,180.0,28c76c9d6f44a0c9889919df6a69c6371cf87a23,dependabot/npm_and_yarn/development_dependencies-111c106178,2026-08-25T10:13:12Z,2299,54,52,106,1,1,0
github_actions,axios/axios,32836081289,2542,issue_comment,completed,success,2026-08-25T10:13:06Z,2026-08-25T10:13:06Z,2026-08-25T10:13:15Z,9.0,84a9f3b9a4f3244b8c8e818f557d64c7b964fb25,v1.x,2026-08-19T15:53:46Z,208,4,4,8,3,1,0
github_actions,axios/axios,32835973088,553,dynamic,completed,success,2026-08-25T10:11:52Z,2026-08-25T10:11:52Z,2026-08-25T10:13:14Z,82.0,84a9f3b9a4f3244b8c8e818f557d64c7b964fb25,v1.x,2026-08-19T15:53:46Z,208,4,4,8,3,1,0
github_actions,axios/axios,32835972235,551,dynamic,completed,success,2026-08-25T10:11:51Z,2026-08-25T10:11:51Z,2026-08-25T10:13:51Z,120.0,84a9f3b9a4f3244b8c8e818f557d64c7b964fb25,v1.x,2026-08-19T15:53:46Z,208,4,4,8,3,1,0
github_actions,axios/axios,32835972767,552,dynamic,completed,success,2026-08-25T10:11:51Z,2026-08-25T10:11:51Z,2026-08-25T10:12:51Z,60.0,84a9f3b9a4f3244b8c8e818f557d64c7b964fb25,v1.x,2026-08-19T15:53:46Z,208,4,4,8,3,1,0
github_actions,axios/axios,32822298537,2541,issue_comment,completed,success,2026-08-25T07:34:59Z,2026-08-25T07:34:59Z,2026-08-25T07:35:10Z,11.0,84a9f3b9a4f3244b8c8e818f557d64c7b964fb25,v1.x,2026-08-19T15:53:46Z,208,4,4,8,3,1,0
github_actions,axios/axios,32822159948,2540,issue_comment,completed,success,2026-08-25T07:33:14Z,2026-08-25T07:33:14Z,2026-08-25T07:33:25Z,11.0,84a9f3b9a4f3244b8c8e818f557d64c7b964fb25,v1.x,2026-08-19T15:53:46Z,208,4,4,8,3,1,0
github_actions,axios/axios,32782824312,1857,dynamic,completed,success,2026-08-24T22:04:23Z,2026-08-24T22:04:23Z,2026-08-24T22:05:20Z,57.0,84a9f3b9a4f3244b8c8e818f557d64c7b964fb25,v1.x,2026-08-19T15:53:46Z,208,4,4,8,3,1,0
github_actions,axios/axios,32734096423,701,push,completed,success,2026-08-24T13:40:42Z,2026-08-24T13:40:42Z,2026-08-24T13:41:31Z,49.0,84a9f3b9a4f3244b8c8e818f557d64c7b964fb25,v1.20.0,2026-08-19T15:53:46Z,208,4,4,8,3,1,0
github_actions,axios/axios,32728972063,2539,issue_comment,completed,success,2026-08-24T12:47:20Z,2026-08-24T12:47:20Z,2026-08-24T12:47:29Z,9.0,84a9f3b9a4f3244b8c8e818f557d64c7b964fb25,v1.x,2026-08-19T15:53:46Z,208,4,4,8,3,1,0
github_actions,axios/axios,32709236804,2538,issues,completed,success,2026-08-24T09:00:58Z,2026-08-24T09:00:58Z,2026-08-24T09:01:09Z,11.0,84a9f3b9a4f3244b8c8e818f557d64c7b964fb25,v1.x,2026-08-19T15:53:46Z,208,4,4,8,3,1,0
github_actions,axios/axios,32707268018,2537,issue_comment,completed,success,2026-08-24T08:37:39Z,2026-08-24T08:37:39Z,2026-08-24T08:37:46Z,7.0,84a9f3b9a4f3244b8c8e818f557d64c7b964fb25,v1.x,2026-08-19T15:53:46Z,208,4,4,8,3,1,0
github_actions,axios/axios,32678963219,2536,issue_comment,completed,success,2026-08-24T01:10:43Z,2026-08-24T01:10:43Z,2026-08-24T01:10:50Z,7.0,84a9f3b9a4f3244b8c8e818f557d64c7b964fb25,v1.x,2026-08-19T15:53:46Z,208,4,4,8,3,1,0
github_actions,axios/axios,32657765518,2533,issue_comment,completed,success,2026-08-23T18:21:15Z,2026-08-23T18:21:15Z,2026-08-23T18:21:24Z,9.0,84a9f3b9a4f3244b8c8e818f557d64c7b964fb25,v1.x,2026-08-19T15:53:46Z,208,4,4,8,3,1,0
github_actions,axios/axios,32622398755,550,dynamic,completed,failure,2026-08-23T06:14:13Z,2026-08-23T06:14:13Z,2026-08-23T06:15:09Z,56.0,84a9f3b9a4f3244b8c8e818f557d64c7b964fb25,v1.x,2026-08-19T15:53:46Z,208,4,4,8,3,1,1
github_actions,axios/axios,32588433551,2530,issue_comment,completed,success,2026-08-22T17:40:16Z,2026-08-22T17:40:16Z,2026-08-22T17:40:27Z,11.0,84a9f3b9a4f3244b8c8e818f557d64c7b964fb25,v1.x,2026-08-19T15:53:46Z,208,4,4,8,3,1,0
github_actions,axios/axios,32587892173,559,pull_request,completed,success,2026-08-22T17:29:39Z,2026-08-22T17:29:39Z,2026-08-22T17:30:02Z,23.0,78bdb3a72949bff6ed81a7693fb3b80ca023fc77,plan/rolldown-modern-umd,2026-08-22T17:29:23Z,30,194,1796,1990,10,1,0
github_actions,axios/axios,32587892138,178,pull_request,completed,success,2026-08-22T17:29:39Z,2026-08-22T17:29:39Z,2026-08-22T17:29:56Z,17.0,78bdb3a72949bff6ed81a7693fb3b80ca023fc77,plan/rolldown-modern-umd,2026-08-22T17:29:23Z,30,194,1796,1990,10,1,0
github_actions,axios/axios,32587892202,1441,pull_request,completed,success,2026-08-22T17:29:39Z,2026-08-22T17:29:39Z,2026-08-22T17:29:58Z,19.0,78bdb3a72949bff6ed81a7693fb3b80ca023fc77,plan/rolldown-modern-umd,2026-08-22T17:29:23Z,30,194,1796,1990,10,1,0
github_actions,axios/axios,32587892208,811,pull_request,completed,success,2026-08-22T17:29:39Z,2026-08-22T17:29:39Z,2026-08-22T17:30:00Z,21.0,78bdb3a72949bff6ed81a7693fb3b80ca023fc77,plan/rolldown-modern-umd,2026-08-22T17:29:23Z,30,194,1796,1990,10,1,0
github_actions,axios/axios,32587892190,1549,pull_request,completed,success,2026-08-22T17:29:39Z,2026-08-22T17:29:39Z,2026-08-22T17:32:47Z,188.0,78bdb3a72949bff6ed81a7693fb3b80ca023fc77,plan/rolldown-modern-umd,2026-08-22T17:29:23Z,30,194,1796,1990,10,1,0
github_actions,axios/axios,32587602885,2529,pull_request_review_comment,completed,success,2026-08-22T17:23:52Z,2026-08-22T17:23:52Z,2026-08-22T17:24:02Z,10.0,69a76ab51df9c904458ba617bed6f956e9e4b77e,plan/rolldown-modern-umd,2026-08-22T17:19:51Z,49,91,49,140,7,1,0
github_actions,axios/axios,32587404115,177,pull_request,completed,success,2026-08-22T17:19:56Z,2026-08-22T17:19:56Z,2026-08-22T17:20:13Z,17.0,69a76ab51df9c904458ba617bed6f956e9e4b77e,plan/rolldown-modern-umd,2026-08-22T17:19:51Z,49,91,49,140,7,1,0
github_actions,axios/axios,32587404152,558,pull_request,completed,success,2026-08-22T17:19:56Z,2026-08-22T17:19:56Z,2026-08-22T17:20:16Z,20.0,69a76ab51df9c904458ba617bed6f956e9e4b77e,plan/rolldown-modern-umd,2026-08-22T17:19:51Z,49,91,49,140,7,1,0
github_actions,axios/axios,32587404204,1440,pull_request,completed,success,2026-08-22T17:19:56Z,2026-08-22T17:19:56Z,2026-08-22T17:20:18Z,22.0,69a76ab51df9c904458ba617bed6f956e9e4b77e,plan/rolldown-modern-umd,2026-08-22T17:19:51Z,49,91,49,140,7,1,0
github_actions,axios/axios,32587404141,810,pull_request,completed,success,2026-08-22T17:19:56Z,2026-08-22T17:19:56Z,2026-08-22T17:20:20Z,24.0,69a76ab51df9c904458ba617bed6f956e9e4b77e,plan/rolldown-modern-umd,2026-08-22T17:19:51Z,49,91,49,140,7,1,0
github_actions,axios/axios,32587404081,1548,pull_request,completed,success,2026-08-22T17:19:56Z,2026-08-22T17:19:56Z,2026-08-22T17:23:05Z,189.0,69a76ab51df9c904458ba617bed6f956e9e4b77e,plan/rolldown-modern-umd,2026-08-22T17:19:51Z,49,91,49,140,7,1,0
github_actions,axios/axios,32587368053,2528,issue_comment,completed,success,2026-08-22T17:19:10Z,2026-08-22T17:19:10Z,2026-08-22T17:19:21Z,11.0,84a9f3b9a4f3244b8c8e818f557d64c7b964fb25,v1.x,2026-08-19T15:53:46Z,208,4,4,8,3,1,0
github_actions,axios/axios,32587317537,176,pull_request,completed,success,2026-08-22T17:18:10Z,2026-08-22T17:18:10Z,2026-08-22T17:18:25Z,15.0,6c9e3da0e8eba10f714553207870dc64938d7a97,plan/rolldown-modern-umd,2026-08-22T17:17:05Z,111,1707,3752,5459,16,1,0
github_actions,axios/axios,32587317549,809,pull_request,completed,success,2026-08-22T17:18:10Z,2026-08-22T17:18:10Z,2026-08-22T17:18:38Z,28.0,6c9e3da0e8eba10f714553207870dc64938d7a97,plan/rolldown-modern-umd,2026-08-22T17:17:05Z,111,1707,3752,5459,16,1,0
github_actions,axios/axios,32587317535,1439,pull_request,completed,success,2026-08-22T17:18:10Z,2026-08-22T17:18:10Z,2026-08-22T17:18:39Z,29.0,6c9e3da0e8eba10f714553207870dc64938d7a97,plan/rolldown-modern-umd,2026-08-22T17:17:05Z,111,1707,3752,5459,16,1,0
github_actions,axios/axios,32587317541,557,pull_request,completed,success,2026-08-22T17:18:10Z,2026-08-22T17:18:10Z,2026-08-22T17:18:35Z,25.0,6c9e3da0e8eba10f714553207870dc64938d7a97,plan/rolldown-modern-umd,2026-08-22T17:17:05Z,111,1707,3752,5459,16,1,0
github_actions,axios/axios,32485969866,2527,issue_comment,completed,success,2026-08-21T13:16:20Z,2026-08-21T13:16:20Z,2026-08-21T13:16:30Z,10.0,84a9f3b9a4f3244b8c8e818f557d64c7b964fb25,v1.x,2026-08-19T15:53:46Z,208,4,4,8,3,1,0
github_actions,axios/axios,32485422735,556,pull_request,completed,success,2026-08-21T13:09:51Z,2026-08-21T13:09:51Z,2026-08-21T13:10:22Z,31.0,043fe4b49b3688861642b8ab37125c993dc15ceb,docs/archive-node-20-runtime-baseline,2026-08-21T13:08:41Z,43,91,49,140,7,1,0
github_actions,axios/axios,32485422763,1438,pull_request,completed,success,2026-08-21T13:09:51Z,2026-08-21T13:09:51Z,2026-08-21T13:10:25Z,34.0,043fe4b49b3688861642b8ab37125c993dc15ceb,docs/archive-node-20-runtime-baseline,2026-08-21T13:08:41Z,43,91,49,140,7,1,0
github_actions,axios/axios,32485422822,1546,pull_request,completed,success,2026-08-21T13:09:51Z,2026-08-21T13:09:51Z,2026-08-21T13:12:54Z,183.0,043fe4b49b3688861642b8ab37125c993dc15ceb,docs/archive-node-20-runtime-baseline,2026-08-21T13:08:41Z,43,91,49,140,7,1,0
github_actions,axios/axios,32477564066,2526,pull_request_review_comment,completed,success,2026-08-21T11:31:07Z,2026-08-21T11:31:07Z,2026-08-21T11:31:20Z,13.0,09b51559f573fc10151e25c9f65f5d65aaa4a896,feat/node-20-runtime-baseline,2026-08-21T11:24:14Z,40,4,3,7,1,1,0
github_actions,axios/axios,32477563659,2525,pull_request_review_comment,completed,success,2026-08-21T11:31:07Z,2026-08-21T11:31:07Z,2026-08-21T11:31:14Z,7.0,09b51559f573fc10151e25c9f65f5d65aaa4a896,feat/node-20-runtime-baseline,2026-08-21T11:24:14Z,40,4,3,7,1,1,0
github_actions,axios/axios,32477075318,2524,pull_request_review_comment,completed,success,2026-08-21T11:24:39Z,2026-08-21T11:24:39Z,2026-08-21T11:24:48Z,9.0,09b51559f573fc10151e25c9f65f5d65aaa4a896,feat/node-20-runtime-baseline,2026-08-21T11:24:14Z,40,4,3,7,1,1,0
github_actions,axios/axios,32477064362,555,pull_request,completed,success,2026-08-21T11:24:30Z,2026-08-21T11:24:30Z,2026-08-21T11:24:58Z,28.0,09b51559f573fc10151e25c9f65f5d65aaa4a896,feat/node-20-runtime-baseline,2026-08-21T11:24:14Z,40,4,3,7,1,1,0
github_actions,axios/axios,32477064291,1437,pull_request,completed,success,2026-08-21T11:24:30Z,2026-08-21T11:24:30Z,2026-08-21T11:24:51Z,21.0,09b51559f573fc10151e25c9f65f5d65aaa4a896,feat/node-20-runtime-baseline,2026-08-21T11:24:14Z,40,4,3,7,1,1,0
github_actions,axios/axios,32477064428,175,pull_request,completed,success,2026-08-21T11:24:30Z,2026-08-21T11:24:30Z,2026-08-21T11:24:48Z,18.0,09b51559f573fc10151e25c9f65f5d65aaa4a896,feat/node-20-runtime-baseline,2026-08-21T11:24:14Z,40,4,3,7,1,1,0
github_actions,axios/axios,32477064502,808,pull_request,completed,success,2026-08-21T11:24:30Z,2026-08-21T11:24:30Z,2026-08-21T11:25:09Z,39.0,09b51559f573fc10151e25c9f65f5d65aaa4a896,feat/node-20-runtime-baseline,2026-08-21T11:24:14Z,40,4,3,7,1,1,0
github_actions,axios/axios,32477064358,1545,pull_request,completed,success,2026-08-21T11:24:30Z,2026-08-21T11:24:30Z,2026-08-21T11:28:56Z,266.0,09b51559f573fc10151e25c9f65f5d65aaa4a896,feat/node-20-runtime-baseline,2026-08-21T11:24:14Z,40,4,3,7,1,1,0
github_actions,axios/axios,32470156152,2523,issue_comment,completed,success,2026-08-21T09:54:55Z,2026-08-21T09:54:55Z,2026-08-21T09:55:06Z,11.0,84a9f3b9a4f3244b8c8e818f557d64c7b964fb25,v1.x,2026-08-19T15:53:46Z,208,4,4,8,3,1,0
github_actions,axios/axios,32470041454,2522,pull_request_review_comment,completed,success,2026-08-21T09:53:29Z,2026-08-21T09:53:29Z,2026-08-21T09:53:41Z,12.0,558d361fc703a4036db0fb914332130dec440ba3,feat/node-20-runtime-baseline,2026-08-21T09:47:15Z,42,65,31,96,6,1,0
github_actions,axios/axios,32469583531,2521,pull_request_review_comment,completed,success,2026-08-21T09:47:43Z,2026-08-21T09:47:43Z,2026-08-21T09:47:53Z,10.0,558d361fc703a4036db0fb914332130dec440ba3,feat/node-20-runtime-baseline,2026-08-21T09:47:15Z,42,65,31,96,6,1,0
github_actions,axios/axios,32469570163,1436,pull_request,completed,success,2026-08-21T09:47:33Z,2026-08-21T09:47:33Z,2026-08-21T09:47:55Z,22.0,558d361fc703a4036db0fb914332130dec440ba3,feat/node-20-runtime-baseline,2026-08-21T09:47:15Z,42,65,31,96,6,1,0
github_actions,axios/axios,32469570008,174,pull_request,completed,success,2026-08-21T09:47:33Z,2026-08-21T09:47:33Z,2026-08-21T09:47:50Z,17.0,558d361fc703a4036db0fb914332130dec440ba3,feat/node-20-runtime-baseline,2026-08-21T09:47:15Z,42,65,31,96,6,1,0
github_actions,axios/axios,32469570079,554,pull_request,completed,success,2026-08-21T09:47:33Z,2026-08-21T09:47:33Z,2026-08-21T09:48:05Z,32.0,558d361fc703a4036db0fb914332130dec440ba3,feat/node-20-runtime-baseline,2026-08-21T09:47:15Z,42,65,31,96,6,1,0
github_actions,axios/axios,32469570107,807,pull_request,completed,success,2026-08-21T09:47:33Z,2026-08-21T09:47:33Z,2026-08-21T09:48:09Z,36.0,558d361fc703a4036db0fb914332130dec440ba3,feat/node-20-runtime-baseline,2026-08-21T09:47:15Z,42,65,31,96,6,1,0
github_actions,axios/axios,32469570034,1544,pull_request,completed,success,2026-08-21T09:47:33Z,2026-08-21T09:47:33Z,2026-08-21T09:50:48Z,195.0,558d361fc703a4036db0fb914332130dec440ba3,feat/node-20-runtime-baseline,2026-08-21T09:47:15Z,42,65,31,96,6,1,0
github_actions,axios/axios,32469037638,2520,pull_request_review_comment,completed,success,2026-08-21T09:40:48Z,2026-08-21T09:40:48Z,2026-08-21T09:40:59Z,11.0,37ba561e7f121b0f442c6a6bd4975c62c20aa5a9,feat/node-20-runtime-baseline,2026-08-21T09:36:50Z,37,647,464,1111,11,1,0
github_actions,axios/axios,32468804050,2519,pull_request_review_comment,completed,success,2026-08-21T09:37:45Z,2026-08-21T09:37:45Z,2026-08-21T09:37:54Z,9.0,37ba561e7f121b0f442c6a6bd4975c62c20aa5a9,feat/node-20-runtime-baseline,2026-08-21T09:36:50Z,37,647,464,1111,11,1,0
github_actions,axios/axios,32468803339,2518,pull_request_review_comment,completed,success,2026-08-21T09:37:44Z,2026-08-21T09:37:44Z,2026-08-21T09:37:55Z,11.0,37ba561e7f121b0f442c6a6bd4975c62c20aa5a9,feat/node-20-runtime-baseline,2026-08-21T09:36:50Z,37,647,464,1111,11,1,0
github_actions,axios/axios,32468802362,2517,pull_request_review_comment,completed,success,2026-08-21T09:37:43Z,2026-08-21T09:37:43Z,2026-08-21T09:37:51Z,8.0,37ba561e7f121b0f442c6a6bd4975c62c20aa5a9,feat/node-20-runtime-baseline,2026-08-21T09:36:50Z,37,647,464,1111,11,1,0
github_actions,axios/axios,32468801825,2516,pull_request_review_comment,completed,success,2026-08-21T09:37:43Z,2026-08-21T09:37:43Z,2026-08-21T09:37:51Z,8.0,37ba561e7f121b0f442c6a6bd4975c62c20aa5a9,feat/node-20-runtime-baseline,2026-08-21T09:36:50Z,37,647,464,1111,11,1,0
github_actions,axios/axios,32468799092,2515,pull_request_review_comment,completed,success,2026-08-21T09:37:41Z,2026-08-21T09:37:41Z,2026-08-21T09:37:52Z,11.0,37ba561e7f121b0f442c6a6bd4975c62c20aa5a9,feat/node-20-runtime-baseline,2026-08-21T09:36:50Z,37,647,464,1111,11,1,0
github_actions,axios/axios,32468769694,1435,pull_request,completed,success,2026-08-21T09:37:18Z,2026-08-21T09:37:18Z,2026-08-21T09:37:37Z,19.0,37ba561e7f121b0f442c6a6bd4975c62c20aa5a9,feat/node-20-runtime-baseline,2026-08-21T09:36:50Z,37,647,464,1111,11,1,0
github_actions,axios/axios,32468769979,173,pull_request,completed,success,2026-08-21T09:37:18Z,2026-08-21T09:37:18Z,2026-08-21T09:37:36Z,18.0,37ba561e7f121b0f442c6a6bd4975c62c20aa5a9,feat/node-20-runtime-baseline,2026-08-21T09:36:50Z,37,647,464,1111,11,1,0
github_actions,axios/axios,32468769759,553,pull_request,completed,success,2026-08-21T09:37:18Z,2026-08-21T09:37:18Z,2026-08-21T09:37:46Z,28.0,37ba561e7f121b0f442c6a6bd4975c62c20aa5a9,feat/node-20-runtime-baseline,2026-08-21T09:36:50Z,37,647,464,1111,11,1,0
github_actions,axios/axios,32468769704,806,pull_request,completed,success,2026-08-21T09:37:18Z,2026-08-21T09:37:18Z,2026-08-21T09:37:54Z,36.0,37ba561e7f121b0f442c6a6bd4975c62c20aa5a9,feat/node-20-runtime-baseline,2026-08-21T09:36:50Z,37,647,464,1111,11,1,0
github_actions,axios/axios,32468769721,1543,pull_request,completed,success,2026-08-21T09:37:18Z,2026-08-21T09:37:18Z,2026-08-21T09:40:20Z,182.0,37ba561e7f121b0f442c6a6bd4975c62c20aa5a9,feat/node-20-runtime-baseline,2026-08-21T09:36:50Z,37,647,464,1111,11,1,0
github_actions,axios/axios,32459774711,1856,dynamic,completed,success,2026-08-21T07:41:57Z,2026-08-21T07:41:57Z,2026-08-21T07:42:46Z,49.0,84a9f3b9a4f3244b8c8e818f557d64c7b964fb25,v1.x,2026-08-19T15:53:46Z,208,4,4,8,3,1,0
github_actions,axios/axios,32439811871,2514,issue_comment,completed,success,2026-08-21T02:25:45Z,2026-08-21T02:25:45Z,2026-08-21T02:25:55Z,10.0,84a9f3b9a4f3244b8c8e818f557d64c7b964fb25,v1.x,2026-08-19T15:53:46Z,208,4,4,8,3,1,0
github_actions,axios/axios,32428605790,549,dynamic,completed,failure,2026-08-20T23:25:44Z,2026-08-20T23:25:44Z,2026-08-20T23:26:36Z,52.0,84a9f3b9a4f3244b8c8e818f557d64c7b964fb25,v1.x,2026-08-19T15:53:46Z,208,4,4,8,3,1,1
github_actions,axios/axios,32358794906,2505,issue_comment,completed,success,2026-08-20T10:24:37Z,2026-08-20T10:24:37Z,2026-08-20T10:24:44Z,7.0,84a9f3b9a4f3244b8c8e818f557d64c7b964fb25,v1.x,2026-08-19T15:53:46Z,208,4,4,8,3,1,0
github_actions,axios/axios,32353706707,2501,pull_request_review_comment,completed,success,2026-08-20T09:24:18Z,2026-08-20T09:24:18Z,2026-08-20T09:24:29Z,11.0,fd443c050e88a5445fb55155712d1dc8cc4f2e47,feat/node-20-runtime-baseline,2026-08-20T09:15:41Z,93,630,142,772,27,1,0
github_actions,axios/axios,32353706875,2503,pull_request_review_comment,completed,success,2026-08-20T09:24:18Z,2026-08-20T09:24:18Z,2026-08-20T09:24:26Z,8.0,fd443c050e88a5445fb55155712d1dc8cc4f2e47,feat/node-20-runtime-baseline,2026-08-20T09:15:41Z,93,630,142,772,27,1,0
github_actions,axios/axios,32353706801,2502,pull_request_review_comment,completed,success,2026-08-20T09:24:18Z,2026-08-20T09:24:18Z,2026-08-20T09:24:26Z,8.0,fd443c050e88a5445fb55155712d1dc8cc4f2e47,feat/node-20-runtime-baseline,2026-08-20T09:15:41Z,93,630,142,772,27,1,0
github_actions,axios/axios,32353706469,2500,pull_request_review_comment,completed,success,2026-08-20T09:24:18Z,2026-08-20T09:24:18Z,2026-08-20T09:24:27Z,9.0,fd443c050e88a5445fb55155712d1dc8cc4f2e47,feat/node-20-runtime-baseline,2026-08-20T09:15:41Z,93,630,142,772,27,1,0
github_actions,axios/axios,32353447075,2499,pull_request_review_comment,completed,success,2026-08-20T09:21:17Z,2026-08-20T09:21:17Z,2026-08-20T09:21:26Z,9.0,fd443c050e88a5445fb55155712d1dc8cc4f2e47,feat/node-20-runtime-baseline,2026-08-20T09:15:41Z,93,630,142,772,27,1,0
github_actions,axios/axios,32353442012,2498,issue_comment,completed,success,2026-08-20T09:21:13Z,2026-08-20T09:21:13Z,2026-08-20T09:21:21Z,8.0,84a9f3b9a4f3244b8c8e818f557d64c7b964fb25,v1.x,2026-08-19T15:53:46Z,208,4,4,8,3,1,0
github_actions,axios/axios,32353036432,172,pull_request,completed,success,2026-08-20T09:16:25Z,2026-08-20T09:16:25Z,2026-08-20T09:16:41Z,16.0,fd443c050e88a5445fb55155712d1dc8cc4f2e47,feat/node-20-runtime-baseline,2026-08-20T09:15:41Z,93,630,142,772,27,1,0
github_actions,axios/axios,32353036366,1429,pull_request,completed,success,2026-08-20T09:16:25Z,2026-08-20T09:16:25Z,2026-08-20T09:16:44Z,19.0,fd443c050e88a5445fb55155712d1dc8cc4f2e47,feat/node-20-runtime-baseline,2026-08-20T09:15:41Z,93,630,142,772,27,1,0
github_actions,axios/axios,32353036456,547,pull_request,completed,success,2026-08-20T09:16:25Z,2026-08-20T09:16:25Z,2026-08-20T09:16:52Z,27.0,fd443c050e88a5445fb55155712d1dc8cc4f2e47,feat/node-20-runtime-baseline,2026-08-20T09:15:41Z,93,630,142,772,27,1,0
github_actions,axios/axios,32353036445,800,pull_request,completed,success,2026-08-20T09:16:25Z,2026-08-20T09:16:25Z,2026-08-20T09:16:59Z,34.0,fd443c050e88a5445fb55155712d1dc8cc4f2e47,feat/node-20-runtime-baseline,2026-08-20T09:15:41Z,93,630,142,772,27,1,0
github_actions,axios/axios,32353036573,1537,pull_request,completed,failure,2026-08-20T09:16:25Z,2026-08-20T09:16:25Z,2026-08-20T09:19:40Z,195.0,fd443c050e88a5445fb55155712d1dc8cc4f2e47,feat/node-20-runtime-baseline,2026-08-20T09:15:41Z,93,630,142,772,27,1,1
github_actions,axios/axios,32352138518,2497,issues,completed,success,2026-08-20T09:05:59Z,2026-08-20T09:05:59Z,2026-08-20T09:06:07Z,8.0,84a9f3b9a4f3244b8c8e818f557d64c7b964fb25,v1.x,2026-08-19T15:53:46Z,208,4,4,8,3,1,0
github_actions,axios/axios,32341016835,2496,issue_comment,completed,success,2026-08-20T06:46:39Z,2026-08-20T06:46:39Z,2026-08-20T06:46:47Z,8.0,84a9f3b9a4f3244b8c8e818f557d64c7b964fb25,v1.x,2026-08-19T15:53:46Z,208,4,4,8,3,1,0
github_actions,axios/axios,32314045536,2495,issue_comment,completed,success,2026-08-19T23:37:41Z,2026-08-19T23:37:41Z,2026-08-19T23:37:48Z,7.0,84a9f3b9a4f3244b8c8e818f557d64c7b964fb25,v1.x,2026-08-19T15:53:46Z,208,4,4,8,3,1,0
github_actions,axios/axios,32313971355,2494,issue_comment,completed,success,2026-08-19T23:36:36Z,2026-08-19T23:36:36Z,2026-08-19T23:36:44Z,8.0,84a9f3b9a4f3244b8c8e818f557d64c7b964fb25,v1.x,2026-08-19T15:53:46Z,208,4,4,8,3,1,0
github_actions,axios/axios,32281974729,2493,pull_request_review_comment,completed,success,2026-08-19T17:30:20Z,2026-08-19T17:30:20Z,2026-08-19T17:30:29Z,9.0,79e8255671827fb5626287b9104b8b3cd2c133ad,docs/codebase-knowledge-base,2026-08-19T17:29:45Z,44,11,11,22,4,1,0
github_actions,axios/axios,32281967205,2492,pull_request_review_comment,completed,success,2026-08-19T17:30:16Z,2026-08-19T17:30:16Z,2026-08-19T17:30:28Z,12.0,79e8255671827fb5626287b9104b8b3cd2c133ad,docs/codebase-knowledge-base,2026-08-19T17:29:45Z,44,11,11,22,4,1,0
github_actions,axios/axios,32281963475,2491,pull_request_review_comment,completed,success,2026-08-19T17:30:14Z,2026-08-19T17:30:14Z,2026-08-19T17:30:23Z,9.0,79e8255671827fb5626287b9104b8b3cd2c133ad,docs/codebase-knowledge-base,2026-08-19T17:29:45Z,44,11,11,22,4,1,0
github_actions,axios/axios,32281940412,1534,pull_request,completed,success,2026-08-19T17:30:00Z,2026-08-19T17:30:00Z,2026-08-19T17:33:06Z,186.0,79e8255671827fb5626287b9104b8b3cd2c133ad,docs/codebase-knowledge-base,2026-08-19T17:29:45Z,44,11,11,22,4,1,0
github_actions,axios/axios,32281940562,544,pull_request,completed,success,2026-08-19T17:30:00Z,2026-08-19T17:30:00Z,2026-08-19T17:30:26Z,26.0,79e8255671827fb5626287b9104b8b3cd2c133ad,docs/codebase-knowledge-base,2026-08-19T17:29:45Z,44,11,11,22,4,1,0
github_actions,axios/axios,32281940413,1426,pull_request,completed,success,2026-08-19T17:30:00Z,2026-08-19T17:30:00Z,2026-08-19T17:30:21Z,21.0,79e8255671827fb5626287b9104b8b3cd2c133ad,docs/codebase-knowledge-base,2026-08-19T17:29:45Z,44,11,11,22,4,1,0
github_actions,axios/axios,32279444461,2490,pull_request_review_comment,completed,success,2026-08-19T17:03:36Z,2026-08-19T17:03:36Z,2026-08-19T17:03:45Z,9.0,141837d603ce643a96fc669c4a007b24af6b139e,docs/codebase-knowledge-base,2026-08-19T16:54:28Z,33,739,0,739,10,1,0
github_actions,axios/axios,32279438201,2489,issue_comment,completed,success,2026-08-19T17:03:31Z,2026-08-19T17:03:31Z,2026-08-19T17:03:45Z,14.0,84a9f3b9a4f3244b8c8e818f557d64c7b964fb25,v1.x,2026-08-19T15:53:46Z,208,4,4,8,3,1,0
github_actions,axios/axios,32279347872,2488,pull_request_review_comment,completed,success,2026-08-19T17:02:34Z,2026-08-19T17:02:34Z,2026-08-19T17:02:46Z,12.0,141837d603ce643a96fc669c4a007b24af6b139e,docs/codebase-knowledge-base,2026-08-19T16:54:28Z,33,739,0,739,10,1,0
github_actions,axios/axios,32279347480,2487,pull_request_review_comment,completed,success,2026-08-19T17:02:34Z,2026-08-19T17:02:34Z,2026-08-19T17:02:44Z,10.0,141837d603ce643a96fc669c4a007b24af6b139e,docs/codebase-knowledge-base,2026-08-19T16:54:28Z,33,739,0,739,10,1,0
github_actions,axios/axios,32278672384,1532,pull_request,completed,success,2026-08-19T16:55:21Z,2026-08-19T16:55:21Z,2026-08-19T17:03:55Z,514.0,141837d603ce643a96fc669c4a007b24af6b139e,docs/codebase-knowledge-base,2026-08-19T16:54:28Z,33,739,0,739,10,1,0
github_actions,axios/axios,32278672429,1424,pull_request,completed,success,2026-08-19T16:55:21Z,2026-08-19T16:55:21Z,2026-08-19T16:55:51Z,30.0,141837d603ce643a96fc669c4a007b24af6b139e,docs/codebase-knowledge-base,2026-08-19T16:54:28Z,33,739,0,739,10,1,0
github_actions,axios/axios,32278672634,542,pull_request,completed,success,2026-08-19T16:55:21Z,2026-08-19T16:55:21Z,2026-08-19T16:55:52Z,31.0,141837d603ce643a96fc669c4a007b24af6b139e,docs/codebase-knowledge-base,2026-08-19T16:54:28Z,33,739,0,739,10,1,0
github_actions,axios/axios,32276969111,1423,pull_request,completed,success,2026-08-19T16:37:29Z,2026-08-19T16:38:55Z,2026-08-19T16:39:20Z,25.0,a68911d561e3d2a4d540215154a5030553f50844,fix-documentation,2026-08-19T16:37:12Z,40,97,39,136,5,2,0
github_actions,axios/axios,32276969062,541,pull_request,completed,success,2026-08-19T16:37:29Z,2026-08-19T16:38:55Z,2026-08-19T16:39:27Z,32.0,a68911d561e3d2a4d540215154a5030553f50844,fix-documentation,2026-08-19T16:37:12Z,40,97,39,136,5,2,0
github_actions,axios/axios,32276969021,1531,pull_request,completed,success,2026-08-19T16:37:29Z,2026-08-19T16:38:55Z,2026-08-19T17:20:24Z,2489.0,a68911d561e3d2a4d540215154a5030553f50844,fix-documentation,2026-08-19T16:37:12Z,40,97,39,136,5,2,0
github_actions,axios/axios,32275094351,1422,pull_request,completed,success,2026-08-19T16:17:46Z,2026-08-19T16:18:11Z,2026-08-19T16:18:30Z,19.0,26a8e278571b5d24a8479e5973af931700993dab,fix-documentation,2026-08-19T16:17:23Z,41,68,19,87,5,2,0
github_actions,axios/axios,32275093339,540,pull_request,completed,success,2026-08-19T16:17:45Z,2026-08-19T16:18:11Z,2026-08-19T16:18:40Z,29.0,26a8e278571b5d24a8479e5973af931700993dab,fix-documentation,2026-08-19T16:17:23Z,41,68,19,87,5,2,0
github_actions,axios/axios,32275093345,1530,pull_request,completed,success,2026-08-19T16:17:45Z,2026-08-19T16:18:11Z,2026-08-19T16:22:54Z,283.0,26a8e278571b5d24a8479e5973af931700993dab,fix-documentation,2026-08-19T16:17:23Z,41,68,19,87,5,2,0
github_actions,axios/axios,32273920771,1421,pull_request,completed,success,2026-08-19T16:05:35Z,2026-08-19T16:06:59Z,2026-08-19T16:07:24Z,25.0,fa4e00730e95ccca1a183c996da9c1f165e8616f,fix-documentation,2026-08-19T16:05:28Z,42,4,4,8,3,2,0
github_actions,axios/axios,32273920839,539,pull_request,completed,success,2026-08-19T16:05:35Z,2026-08-19T16:06:59Z,2026-08-19T16:07:28Z,29.0,fa4e00730e95ccca1a183c996da9c1f165e8616f,fix-documentation,2026-08-19T16:05:28Z,42,4,4,8,3,2,0
github_actions,axios/axios,32273058612,2484,issue_comment,completed,success,2026-08-19T15:56:49Z,2026-08-19T15:56:49Z,2026-08-19T15:56:58Z,9.0,84a9f3b9a4f3244b8c8e818f557d64c7b964fb25,v1.x,2026-08-19T15:53:46Z,208,4,4,8,3,1,0
github_actions,axios/axios,32273012997,1420,pull_request,completed,success,2026-08-19T15:56:21Z,2026-08-19T15:56:21Z,2026-08-19T15:56:48Z,27.0,c1d29222f3f1ab2fc8da2d4b9b06b21dccec6664,dependabot/npm_and_yarn/development_dependencies-85784cc0cd,2026-08-19T15:56:12Z,1078,6,6,12,1,1,0
github_actions,axios/axios,32273013100,171,pull_request,completed,success,2026-08-19T15:56:21Z,2026-08-19T15:56:21Z,2026-08-19T15:56:36Z,15.0,c1d29222f3f1ab2fc8da2d4b9b06b21dccec6664,dependabot/npm_and_yarn/development_dependencies-85784cc0cd,2026-08-19T15:56:12Z,1078,6,6,12,1,1,0
github_actions,axios/axios,32273013064,797,pull_request,completed,success,2026-08-19T15:56:21Z,2026-08-19T15:56:21Z,2026-08-19T15:56:56Z,35.0,c1d29222f3f1ab2fc8da2d4b9b06b21dccec6664,dependabot/npm_and_yarn/development_dependencies-85784cc0cd,2026-08-19T15:56:12Z,1078,6,6,12,1,1,0
github_actions,axios/axios,32273012955,538,pull_request,completed,success,2026-08-19T15:56:21Z,2026-08-19T15:56:21Z,2026-08-19T15:56:49Z,28.0,c1d29222f3f1ab2fc8da2d4b9b06b21dccec6664,dependabot/npm_and_yarn/development_dependencies-85784cc0cd,2026-08-19T15:56:12Z,1078,6,6,12,1,1,0
github_actions,axios/axios,32272994473,2483,issue_comment,completed,success,2026-08-19T15:56:10Z,2026-08-19T15:56:10Z,2026-08-19T15:56:21Z,11.0,84a9f3b9a4f3244b8c8e818f557d64c7b964fb25,v1.x,2026-08-19T15:53:46Z,208,4,4,8,3,1,0
github_actions,axios/axios,32272873556,548,dynamic,completed,success,2026-08-19T15:54:55Z,2026-08-19T15:54:55Z,2026-08-19T15:56:15Z,80.0,84a9f3b9a4f3244b8c8e818f557d64c7b964fb25,v1.x,2026-08-19T15:53:46Z,208,4,4,8,3,1,0
github_actions,axios/axios,32272769272,170,push,completed,success,2026-08-19T15:53:51Z,2026-08-19T15:53:51Z,2026-08-19T15:54:08Z,17.0,84a9f3b9a4f3244b8c8e818f557d64c7b964fb25,v1.x,2026-08-19T15:53:46Z,208,4,4,8,3,1,0
github_actions,axios/axios,32272769267,796,push,completed,success,2026-08-19T15:53:51Z,2026-08-19T15:53:51Z,2026-08-19T15:54:22Z,31.0,84a9f3b9a4f3244b8c8e818f557d64c7b964fb25,v1.x,2026-08-19T15:53:46Z,208,4,4,8,3,1,0
github_actions,axios/axios,32272769252,1419,push,completed,success,2026-08-19T15:53:51Z,2026-08-19T15:53:51Z,2026-08-19T15:54:24Z,33.0,84a9f3b9a4f3244b8c8e818f557d64c7b964fb25,v1.x,2026-08-19T15:53:46Z,208,4,4,8,3,1,0
github_actions,axios/axios,32272768895,1855,dynamic,completed,success,2026-08-19T15:53:50Z,2026-08-19T15:53:50Z,2026-08-19T15:54:40Z,50.0,84a9f3b9a4f3244b8c8e818f557d64c7b964fb25,v1.x,2026-08-19T15:53:46Z,208,4,4,8,3,1,0
github_actions,axios/axios,32272768607,1854,dynamic,completed,success,2026-08-19T15:53:50Z,2026-08-19T15:53:50Z,2026-08-19T15:54:55Z,65.0,84a9f3b9a4f3244b8c8e818f557d64c7b964fb25,v1.x,2026-08-19T15:53:46Z,208,4,4,8,3,1,0
github_actions,axios/axios,32272742389,2482,issue_comment,completed,success,2026-08-19T15:53:33Z,2026-08-19T15:53:33Z,2026-08-19T15:53:45Z,12.0,e6824eec5fcf9da467a9792724396badc490c469,v1.x,2026-08-13T18:14:45Z,65,195,17,212,8,1,0
github_actions,axios/axios,32268722129,2477,issue_comment,completed,success,2026-08-19T15:13:10Z,2026-08-19T15:13:10Z,2026-08-19T15:13:22Z,12.0,e6824eec5fcf9da467a9792724396badc490c469,v1.x,2026-08-13T18:14:45Z,65,195,17,212,8,1,0
github_actions,axios/axios,32262518848,2474,issue_comment,completed,success,2026-08-19T14:11:20Z,2026-08-19T14:11:20Z,2026-08-19T14:11:31Z,11.0,e6824eec5fcf9da467a9792724396badc490c469,v1.x,2026-08-13T18:14:45Z,65,195,17,212,8,1,0
github_actions,axios/axios,32254279368,2471,issue_comment,completed,success,2026-08-19T12:44:58Z,2026-08-19T12:44:58Z,2026-08-19T12:45:09Z,11.0,e6824eec5fcf9da467a9792724396badc490c469,v1.x,2026-08-13T18:14:45Z,65,195,17,212,8,1,0
github_actions,axios/axios,32253863711,2470,issue_comment,completed,success,2026-08-19T12:40:16Z,2026-08-19T12:40:16Z,2026-08-19T12:40:27Z,11.0,e6824eec5fcf9da467a9792724396badc490c469,v1.x,2026-08-13T18:14:45Z,65,195,17,212,8,1,0
github_actions,axios/axios,32236073834,2469,issue_comment,completed,success,2026-08-19T09:08:20Z,2026-08-19T09:08:20Z,2026-08-19T09:08:29Z,9.0,e6824eec5fcf9da467a9792724396badc490c469,v1.x,2026-08-13T18:14:45Z,65,195,17,212,8,1,0
github_actions,axios/axios,32234380872,2468,issues,completed,success,2026-08-19T08:48:04Z,2026-08-19T08:48:04Z,2026-08-19T08:48:14Z,10.0,e6824eec5fcf9da467a9792724396badc490c469,v1.x,2026-08-13T18:14:45Z,65,195,17,212,8,1,0
github_actions,axios/axios,32226782182,2463,issue_comment,completed,success,2026-08-19T07:12:43Z,2026-08-19T07:12:43Z,2026-08-19T07:12:57Z,14.0,e6824eec5fcf9da467a9792724396badc490c469,v1.x,2026-08-13T18:14:45Z,65,195,17,212,8,1,0
github_actions,axios/axios,32225391745,2459,issue_comment,completed,success,2026-08-19T06:54:17Z,2026-08-19T06:54:17Z,2026-08-19T06:54:26Z,9.0,e6824eec5fcf9da467a9792724396badc490c469,v1.x,2026-08-13T18:14:45Z,65,195,17,212,8,1,0
github_actions,axios/axios,32222992960,2457,issue_comment,completed,success,2026-08-19T06:20:20Z,2026-08-19T06:20:20Z,2026-08-19T06:20:28Z,8.0,e6824eec5fcf9da467a9792724396badc490c469,v1.x,2026-08-13T18:14:45Z,65,195,17,212,8,1,0
github_actions,axios/axios,32213174411,547,dynamic,completed,failure,2026-08-19T03:43:44Z,2026-08-19T03:43:44Z,2026-08-19T03:44:42Z,58.0,e6824eec5fcf9da467a9792724396badc490c469,v1.x,2026-08-13T18:14:45Z,65,195,17,212,8,1,1
github_actions,axios/axios,32125718732,2456,issue_comment,completed,success,2026-08-18T10:13:56Z,2026-08-18T10:13:56Z,2026-08-18T10:14:06Z,10.0,e6824eec5fcf9da467a9792724396badc490c469,v1.x,2026-08-13T18:14:45Z,65,195,17,212,8,1,0
github_actions,axios/axios,32125665712,169,pull_request,completed,success,2026-08-18T10:13:18Z,2026-08-18T10:13:18Z,2026-08-18T10:13:34Z,16.0,777d0fef6cfef825e14a0fbd09f4abd61aa6fd73,dependabot/npm_and_yarn/development_dependencies-54399db327,2026-08-18T10:13:12Z,606,3,3,6,1,1,0
github_actions,axios/axios,32125665627,1408,pull_request,completed,success,2026-08-18T10:13:18Z,2026-08-18T10:13:18Z,2026-08-18T10:13:37Z,19.0,777d0fef6cfef825e14a0fbd09f4abd61aa6fd73,dependabot/npm_and_yarn/development_dependencies-54399db327,2026-08-18T10:13:12Z,606,3,3,6,1,1,0
github_actions,axios/axios,32125665635,527,pull_request,completed,success,2026-08-18T10:13:18Z,2026-08-18T10:13:18Z,2026-08-18T10:13:45Z,27.0,777d0fef6cfef825e14a0fbd09f4abd61aa6fd73,dependabot/npm_and_yarn/development_dependencies-54399db327,2026-08-18T10:13:12Z,606,3,3,6,1,1,0
github_actions,axios/axios,32125665663,787,pull_request,completed,success,2026-08-18T10:13:18Z,2026-08-18T10:13:18Z,2026-08-18T10:13:44Z,26.0,777d0fef6cfef825e14a0fbd09f4abd61aa6fd73,dependabot/npm_and_yarn/development_dependencies-54399db327,2026-08-18T10:13:12Z,606,3,3,6,1,1,0
github_actions,axios/axios,32125665612,1517,pull_request,completed,success,2026-08-18T10:13:18Z,2026-08-18T10:13:18Z,2026-08-18T10:17:20Z,242.0,777d0fef6cfef825e14a0fbd09f4abd61aa6fd73,dependabot/npm_and_yarn/development_dependencies-54399db327,2026-08-18T10:13:12Z,606,3,3,6,1,1,0
github_actions,axios/axios,32125544530,546,dynamic,completed,success,2026-08-18T10:11:52Z,2026-08-18T10:11:52Z,2026-08-18T10:13:22Z,90.0,e6824eec5fcf9da467a9792724396badc490c469,v1.x,2026-08-13T18:14:45Z,65,195,17,212,8,1,0
github_actions,axios/axios,32125544269,545,dynamic,completed,success,2026-08-18T10:11:52Z,2026-08-18T10:11:52Z,2026-08-18T10:13:31Z,99.0,e6824eec5fcf9da467a9792724396badc490c469,v1.x,2026-08-13T18:14:45Z,65,195,17,212,8,1,0
github_actions,axios/axios,32109731071,1516,pull_request,completed,success,2026-08-18T07:04:34Z,2026-08-18T07:47:25Z,2026-08-18T07:51:04Z,219.0,7f96e5e14c5ac23eccb1c75a53bdb963636717a9,release-v1x/version-1.20.0,2026-08-18T07:04:29Z,38,2,2,4,2,2,0
github_actions,axios/axios,32109731073,526,pull_request,completed,success,2026-08-18T07:04:34Z,2026-08-18T07:47:26Z,2026-08-18T07:47:54Z,28.0,7f96e5e14c5ac23eccb1c75a53bdb963636717a9,release-v1x/version-1.20.0,2026-08-18T07:04:29Z,38,2,2,4,2,2,0
github_actions,axios/axios,32109731119,1407,pull_request,completed,success,2026-08-18T07:04:34Z,2026-08-18T07:47:26Z,2026-08-18T07:47:53Z,27.0,7f96e5e14c5ac23eccb1c75a53bdb963636717a9,release-v1x/version-1.20.0,2026-08-18T07:04:29Z,38,2,2,4,2,2,0
github_actions,axios/axios,32109731117,168,pull_request,completed,success,2026-08-18T07:04:34Z,2026-08-18T07:47:26Z,2026-08-18T07:47:43Z,17.0,7f96e5e14c5ac23eccb1c75a53bdb963636717a9,release-v1x/version-1.20.0,2026-08-18T07:04:29Z,38,2,2,4,2,2,0
github_actions,axios/axios,32109731075,786,pull_request,completed,success,2026-08-18T07:04:34Z,2026-08-18T07:47:26Z,2026-08-18T07:48:03Z,37.0,7f96e5e14c5ac23eccb1c75a53bdb963636717a9,release-v1x/version-1.20.0,2026-08-18T07:04:29Z,38,2,2,4,2,2,0
github_actions,axios/axios,32109729892,1853,dynamic,completed,success,2026-08-18T07:04:33Z,2026-08-18T07:04:33Z,2026-08-18T07:05:26Z,53.0,7f96e5e14c5ac23eccb1c75a53bdb963636717a9,refs/pull/11152/head,2026-08-18T07:04:29Z,38,2,2,4,2,1,0
github_actions,axios/axios,32109729354,1852,dynamic,completed,success,2026-08-18T07:04:32Z,2026-08-18T07:04:32Z,2026-08-18T07:05:22Z,50.0,7f96e5e14c5ac23eccb1c75a53bdb963636717a9,refs/pull/11152/head,2026-08-18T07:04:29Z,38,2,2,4,2,1,0
github_actions,axios/axios,32109480224,36,workflow_dispatch,completed,success,2026-08-18T07:01:18Z,2026-08-18T07:01:18Z,2026-08-18T07:04:35Z,197.0,e6824eec5fcf9da467a9792724396badc490c469,v1.x,2026-08-13T18:14:45Z,65,195,17,212,8,1,0
github_actions,axios/axios,32079682567,2453,issue_comment,completed,success,2026-08-17T23:15:47Z,2026-08-17T23:15:47Z,2026-08-17T23:15:55Z,8.0,e6824eec5fcf9da467a9792724396badc490c469,v1.x,2026-08-13T18:14:45Z,65,195,17,212,8,1,0
github_actions,axios/axios,32064443046,2452,issue_comment,completed,success,2026-08-17T20:11:21Z,2026-08-17T20:11:21Z,2026-08-17T20:11:33Z,12.0,e6824eec5fcf9da467a9792724396badc490c469,v1.x,2026-08-13T18:14:45Z,65,195,17,212,8,1,0
github_actions,axios/axios,32062590405,2451,issue_comment,completed,success,2026-08-17T19:50:50Z,2026-08-17T19:50:50Z,2026-08-17T19:51:00Z,10.0,e6824eec5fcf9da467a9792724396badc490c469,v1.x,2026-08-13T18:14:45Z,65,195,17,212,8,1,0
github_actions,axios/axios,32038801282,2449,issue_comment,completed,success,2026-08-17T14:22:17Z,2026-08-17T14:22:17Z,2026-08-17T14:22:28Z,11.0,e6824eec5fcf9da467a9792724396badc490c469,v1.x,2026-08-13T18:14:45Z,65,195,17,212,8,1,0
github_actions,axios/axios,32036370557,2447,issue_comment,completed,success,2026-08-17T13:42:43Z,2026-08-17T13:42:43Z,2026-08-17T13:43:18Z,35.0,e6824eec5fcf9da467a9792724396badc490c469,v1.x,2026-08-13T18:14:45Z,65,195,17,212,8,1,0
github_actions,axios/axios,32033773464,2443,issue_comment,completed,success,2026-08-17T13:11:54Z,2026-08-17T13:11:54Z,2026-08-17T13:12:06Z,12.0,e6824eec5fcf9da467a9792724396badc490c469,v1.x,2026-08-13T18:14:45Z,65,195,17,212,8,1,0
github_actions,axios/axios,32014887619,544,dynamic,completed,failure,2026-08-17T09:22:35Z,2026-08-17T09:22:35Z,2026-08-17T09:23:29Z,54.0,e6824eec5fcf9da467a9792724396badc490c469,v1.x,2026-08-13T18:14:45Z,65,195,17,212,8,1,1
github_actions,axios/axios,32000082582,543,dynamic,completed,failure,2026-08-17T06:03:05Z,2026-08-17T06:03:05Z,2026-08-17T06:04:01Z,56.0,e6824eec5fcf9da467a9792724396badc490c469,v1.x,2026-08-13T18:14:45Z,65,195,17,212,8,1,1
github_actions,axios/axios,31965491347,2442,issue_comment,completed,success,2026-08-16T18:44:37Z,2026-08-16T18:44:37Z,2026-08-16T18:44:48Z,11.0,e6824eec5fcf9da467a9792724396badc490c469,v1.x,2026-08-13T18:14:45Z,65,195,17,212,8,1,0
github_actions,axios/axios,31950792049,2441,issue_comment,completed,success,2026-08-16T13:46:44Z,2026-08-16T13:46:44Z,2026-08-16T13:46:51Z,7.0,e6824eec5fcf9da467a9792724396badc490c469,v1.x,2026-08-13T18:14:45Z,65,195,17,212,8,1,0
github_actions,axios/axios,31949614282,2440,issue_comment,completed,success,2026-08-16T13:22:04Z,2026-08-16T13:22:04Z,2026-08-16T13:22:14Z,10.0,e6824eec5fcf9da467a9792724396badc490c469,v1.x,2026-08-13T18:14:45Z,65,195,17,212,8,1,0
github_actions,axios/axios,31895262749,2437,issue_comment,completed,success,2026-08-15T16:21:02Z,2026-08-15T16:21:02Z,2026-08-15T16:21:10Z,8.0,e6824eec5fcf9da467a9792724396badc490c469,v1.x,2026-08-13T18:14:45Z,65,195,17,212,8,1,0
github_actions,axios/axios,31892952996,2430,issue_comment,completed,success,2026-08-15T15:31:28Z,2026-08-15T15:31:28Z,2026-08-15T15:31:39Z,11.0,e6824eec5fcf9da467a9792724396badc490c469,v1.x,2026-08-13T18:14:45Z,65,195,17,212,8,1,0
github_actions,axios/axios,31860742142,1851,dynamic,completed,success,2026-08-15T03:01:56Z,2026-08-15T03:01:56Z,2026-08-15T03:02:53Z,57.0,e6824eec5fcf9da467a9792724396badc490c469,v1.x,2026-08-13T18:14:45Z,65,195,17,212,8,1,0
github_actions,axios/axios,31838552418,2429,issue_comment,completed,success,2026-08-14T20:34:51Z,2026-08-14T20:34:51Z,2026-08-14T20:35:01Z,10.0,e6824eec5fcf9da467a9792724396badc490c469,v1.x,2026-08-13T18:14:45Z,65,195,17,212,8,1,0
github_actions,axios/axios,31786804886,2428,issue_comment,completed,success,2026-08-14T09:08:06Z,2026-08-14T09:08:06Z,2026-08-14T09:08:15Z,9.0,e6824eec5fcf9da467a9792724396badc490c469,v1.x,2026-08-13T18:14:45Z,65,195,17,212,8,1,0
github_actions,axios/axios,31780681264,1850,dynamic,completed,success,2026-08-14T07:38:00Z,2026-08-14T07:38:00Z,2026-08-14T07:38:46Z,46.0,e6824eec5fcf9da467a9792724396badc490c469,v1.x,2026-08-13T18:14:45Z,65,195,17,212,8,1,0
github_actions,axios/axios,31765091287,2427,issue_comment,completed,success,2026-08-14T02:53:18Z,2026-08-14T02:53:18Z,2026-08-14T02:53:30Z,12.0,e6824eec5fcf9da467a9792724396badc490c469,v1.x,2026-08-13T18:14:45Z,65,195,17,212,8,1,0
github_actions,axios/axios,31729767491,779,push,completed,success,2026-08-13T18:14:48Z,2026-08-13T18:14:48Z,2026-08-13T18:15:19Z,31.0,e6824eec5fcf9da467a9792724396badc490c469,v1.x,2026-08-13T18:14:45Z,65,195,17,212,8,1,0
github_actions,axios/axios,31729767474,1394,push,completed,success,2026-08-13T18:14:48Z,2026-08-13T18:14:48Z,2026-08-13T18:15:12Z,24.0,e6824eec5fcf9da467a9792724396badc490c469,v1.x,2026-08-13T18:14:45Z,65,195,17,212,8,1,0
github_actions,axios/axios,31729767295,1849,dynamic,completed,success,2026-08-13T18:14:48Z,2026-08-13T18:14:48Z,2026-08-13T18:15:46Z,58.0,e6824eec5fcf9da467a9792724396badc490c469,v1.x,2026-08-13T18:14:45Z,65,195,17,212,8,1,0
github_actions,axios/axios,31729767043,1848,dynamic,completed,success,2026-08-13T18:14:48Z,2026-08-13T18:14:48Z,2026-08-13T18:15:44Z,56.0,e6824eec5fcf9da467a9792724396badc490c469,v1.x,2026-08-13T18:14:45Z,65,195,17,212,8,1,0
github_actions,axios/axios,31728987714,1393,push,completed,success,2026-08-13T18:05:26Z,2026-08-13T18:05:26Z,2026-08-13T18:05:53Z,27.0,d8a919fd81403d59058c0e9dbefc540407dee83f,v1.x,2026-08-13T18:05:22Z,128,390,27,417,8,1,0
github_actions,axios/axios,31728986441,1846,dynamic,completed,success,2026-08-13T18:05:26Z,2026-08-13T18:05:26Z,2026-08-13T18:06:09Z,43.0,d8a919fd81403d59058c0e9dbefc540407dee83f,v1.x,2026-08-13T18:05:22Z,128,390,27,417,8,1,0
github_actions,axios/axios,31728987637,778,push,completed,success,2026-08-13T18:05:26Z,2026-08-13T18:05:26Z,2026-08-13T18:06:06Z,40.0,d8a919fd81403d59058c0e9dbefc540407dee83f,v1.x,2026-08-13T18:05:22Z,128,390,27,417,8,1,0
github_actions,axios/axios,31728986516,1847,dynamic,completed,success,2026-08-13T18:05:26Z,2026-08-13T18:05:26Z,2026-08-13T18:06:30Z,64.0,d8a919fd81403d59058c0e9dbefc540407dee83f,v1.x,2026-08-13T18:05:22Z,128,390,27,417,8,1,0
github_actions,axios/axios,31728730833,1392,pull_request,completed,success,2026-08-13T18:02:26Z,2026-08-13T18:03:01Z,2026-08-13T18:03:30Z,29.0,615ae66922da73999c3cc35aeab491ec83af44ba,v1.x-recreated,2026-08-13T18:02:05Z,56,195,17,212,8,2,0
github_actions,axios/axios,31728730799,777,pull_request,completed,success,2026-08-13T18:02:26Z,2026-08-13T18:03:01Z,2026-08-13T18:03:35Z,34.0,615ae66922da73999c3cc35aeab491ec83af44ba,v1.x-recreated,2026-08-13T18:02:05Z,56,195,17,212,8,2,0
github_actions,axios/axios,31728730901,513,pull_request,completed,success,2026-08-13T18:02:26Z,2026-08-13T18:03:01Z,2026-08-13T18:03:27Z,26.0,615ae66922da73999c3cc35aeab491ec83af44ba,v1.x-recreated,2026-08-13T18:02:05Z,56,195,17,212,8,2,0
github_actions,axios/axios,31728730831,1503,pull_request,completed,success,2026-08-13T18:02:26Z,2026-08-13T18:03:01Z,2026-08-13T18:06:17Z,196.0,615ae66922da73999c3cc35aeab491ec83af44ba,v1.x-recreated,2026-08-13T18:02:05Z,56,195,17,212,8,2,0
github_actions,axios/axios,31728373829,542,dynamic,completed,failure,2026-08-13T17:58:17Z,2026-08-13T17:58:17Z,2026-08-13T17:59:10Z,53.0,2d2a21af8a433089474a2149781799c93acbcf3c,v1.x,2026-08-13T17:55:34Z,121,72,4,76,2,1,1
github_actions,axios/axios,31728271052,775,pull_request,completed,success,2026-08-13T17:57:02Z,2026-08-13T17:57:47Z,2026-08-13T17:58:20Z,33.0,3866a64b2901732ce2869c565796bb5077d2a33c,fix/stream-chunk-throttle,2026-08-13T17:56:47Z,45,31,3,34,2,2,0
github_actions,axios/axios,31728270991,511,pull_request,completed,success,2026-08-13T17:57:02Z,2026-08-13T17:57:47Z,2026-08-13T17:58:18Z,31.0,3866a64b2901732ce2869c565796bb5077d2a33c,fix/stream-chunk-throttle,2026-08-13T17:56:47Z,45,31,3,34,2,2,0
github_actions,axios/axios,31728271030,1501,pull_request,completed,success,2026-08-13T17:57:02Z,2026-08-13T17:57:47Z,2026-08-13T18:00:48Z,181.0,3866a64b2901732ce2869c565796bb5077d2a33c,fix/stream-chunk-throttle,2026-08-13T17:56:47Z,45,31,3,34,2,2,0
github_actions,microsoft/TypeScript,33164380460,170,dynamic,completed,success,2026-08-28T10:42:34Z,2026-08-28T10:42:34Z,2026-08-28T10:45:55Z,201.0,e26b8d24bee09bf66d59941912166c5aa7975d20,main,2026-08-27T22:52:47Z,52,609,115,724,11,1,0
github_actions,microsoft/TypeScript,33161546727,169,dynamic,completed,success,2026-08-28T09:58:37Z,2026-08-28T09:58:37Z,2026-08-28T10:01:01Z,144.0,e26b8d24bee09bf66d59941912166c5aa7975d20,main,2026-08-27T22:52:47Z,52,609,115,724,11,1,0
github_actions,microsoft/TypeScript,33159191825,31578,pull_request,completed,success,2026-08-28T09:23:50Z,2026-08-28T09:23:50Z,2026-08-28T09:29:09Z,319.0,459b499786e3c1d8200010fd7318799d33e4a91d,fix/64058,2026-08-28T09:13:09Z,74,272,6,278,9,1,0
github_actions,microsoft/TypeScript,33159191747,36285,pull_request,completed,success,2026-08-28T09:23:50Z,2026-08-28T09:23:50Z,2026-08-28T09:45:45Z,1315.0,459b499786e3c1d8200010fd7318799d33e4a91d,fix/64058,2026-08-28T09:13:09Z,74,272,6,278,9,1,0
github_actions,microsoft/TypeScript,33159172854,31577,pull_request,completed,success,2026-08-28T09:23:34Z,2026-08-28T09:23:34Z,2026-08-28T09:29:35Z,361.0,f199fb7d9165e2151bd505e15716e936b21ca125,fix/64058,2026-08-28T07:53:55Z,74,155,18,173,6,1,0
github_actions,microsoft/TypeScript,33159172901,36284,pull_request,completed,success,2026-08-28T09:23:34Z,2026-08-28T09:23:34Z,2026-08-28T09:44:15Z,1241.0,f199fb7d9165e2151bd505e15716e936b21ca125,fix/64058,2026-08-28T07:53:55Z,74,155,18,173,6,1,0
github_actions,microsoft/TypeScript,33153725189,168,dynamic,completed,success,2026-08-28T08:02:06Z,2026-08-28T08:02:06Z,2026-08-28T08:04:42Z,156.0,e26b8d24bee09bf66d59941912166c5aa7975d20,main,2026-08-27T22:52:47Z,52,609,115,724,11,1,0
github_actions,microsoft/TypeScript,33153720937,36283,pull_request,completed,failure,2026-08-28T08:02:03Z,2026-08-28T08:02:03Z,2026-08-28T08:22:56Z,1253.0,f199fb7d9165e2151bd505e15716e936b21ca125,fix/64058,2026-08-28T07:53:55Z,74,155,18,173,6,1,1
github_actions,microsoft/TypeScript,33153720896,31576,pull_request,completed,success,2026-08-28T08:02:03Z,2026-08-28T08:02:03Z,2026-08-28T08:07:09Z,306.0,f199fb7d9165e2151bd505e15716e936b21ca125,fix/64058,2026-08-28T07:53:55Z,74,155,18,173,6,1,0
github_actions,microsoft/TypeScript,33150339733,36282,pull_request,completed,success,2026-08-28T07:07:58Z,2026-08-28T07:07:58Z,2026-08-28T07:27:04Z,1146.0,9984da2a4749a0300a4039cfeb2ac41b11e1a34b,add-TupleTypeReference,2026-08-28T07:07:49Z,53,1,1,2,1,1,0
github_actions,microsoft/TypeScript,33150339820,31575,pull_request,completed,success,2026-08-28T07:07:58Z,2026-08-28T07:07:58Z,2026-08-28T07:13:08Z,310.0,9984da2a4749a0300a4039cfeb2ac41b11e1a34b,add-TupleTypeReference,2026-08-28T07:07:49Z,53,1,1,2,1,1,0
github_actions,microsoft/TypeScript,33150030057,31574,pull_request,completed,success,2026-08-28T07:02:53Z,2026-08-28T07:02:53Z,2026-08-28T07:09:17Z,384.0,f0cdcd7a08f103ce6f134af241df73cca32b26f3,add-TupleTypeReference,2026-08-28T07:02:42Z,58,8,2,10,2,1,0
github_actions,microsoft/TypeScript,33150030075,36281,pull_request,completed,failure,2026-08-28T07:02:53Z,2026-08-28T07:02:53Z,2026-08-28T07:30:27Z,1654.0,f0cdcd7a08f103ce6f134af241df73cca32b26f3,add-TupleTypeReference,2026-08-28T07:02:42Z,58,8,2,10,2,1,1
github_actions,microsoft/TypeScript,33149285544,167,dynamic,completed,success,2026-08-28T06:50:11Z,2026-08-28T06:50:11Z,2026-08-28T06:53:33Z,202.0,e26b8d24bee09bf66d59941912166c5aa7975d20,main,2026-08-27T22:52:47Z,52,609,115,724,11,1,0
github_actions,microsoft/TypeScript,33149281430,31573,pull_request,completed,success,2026-08-28T06:50:07Z,2026-08-28T06:50:07Z,2026-08-28T06:56:08Z,361.0,0586e23815de6e6d7f7438d6b16fd97431e74a2c,add-TupleTypeReference,2026-08-28T06:47:36Z,81,19,0,19,4,1,0
github_actions,microsoft/TypeScript,33149281444,36280,pull_request,completed,success,2026-08-28T06:50:07Z,2026-08-28T06:50:07Z,2026-08-28T07:12:36Z,1349.0,0586e23815de6e6d7f7438d6b16fd97431e74a2c,add-TupleTypeReference,2026-08-28T06:47:36Z,81,19,0,19,4,1,0
github_actions,microsoft/TypeScript,33148379169,31572,pull_request,completed,success,2026-08-28T06:34:26Z,2026-08-28T06:34:26Z,2026-08-28T06:40:33Z,367.0,c3483efa3a071d82473b0d0529c59f64fcda6e35,redo-ast-method-dispatch-opt,2026-08-28T06:34:12Z,99,138,158,296,23,1,0
github_actions,microsoft/TypeScript,33148379209,36279,pull_request,completed,success,2026-08-28T06:34:26Z,2026-08-28T06:34:26Z,2026-08-28T06:56:25Z,1319.0,c3483efa3a071d82473b0d0529c59f64fcda6e35,redo-ast-method-dispatch-opt,2026-08-28T06:34:12Z,99,138,158,296,23,1,0
github_actions,microsoft/TypeScript,33147136612,166,dynamic,completed,success,2026-08-28T06:12:03Z,2026-08-28T06:12:03Z,2026-08-28T06:19:03Z,420.0,e26b8d24bee09bf66d59941912166c5aa7975d20,main,2026-08-27T22:52:47Z,52,609,115,724,11,1,0
github_actions,microsoft/TypeScript,33146367683,31570,pull_request,completed,success,2026-08-28T05:58:02Z,2026-08-28T05:58:02Z,2026-08-28T06:02:51Z,289.0,6543bbdae5957b9a3c36c24458432ba7fb847276,redo-ast-method-dispatch-opt,2026-08-28T05:57:54Z,24,4,2,6,1,1,0
github_actions,microsoft/TypeScript,33146367691,36277,pull_request,completed,success,2026-08-28T05:58:02Z,2026-08-28T05:58:02Z,2026-08-28T06:19:11Z,1269.0,6543bbdae5957b9a3c36c24458432ba7fb847276,redo-ast-method-dispatch-opt,2026-08-28T05:57:54Z,24,4,2,6,1,1,0
github_actions,microsoft/TypeScript,33145974409,36276,pull_request,completed,failure,2026-08-28T05:50:20Z,2026-08-28T05:50:20Z,2026-08-28T06:10:50Z,1230.0,ca6276d69cec1d7c89dc3e9f691d9e2d0d81c87f,redo-ast-method-dispatch-opt,2026-08-28T05:50:14Z,35,19,2,21,3,1,1
github_actions,microsoft/TypeScript,33145974396,31569,pull_request,completed,success,2026-08-28T05:50:20Z,2026-08-28T05:50:20Z,2026-08-28T05:55:21Z,301.0,ca6276d69cec1d7c89dc3e9f691d9e2d0d81c87f,redo-ast-method-dispatch-opt,2026-08-28T05:50:14Z,35,19,2,21,3,1,0
github_actions,microsoft/TypeScript,33143471432,165,dynamic,completed,success,2026-08-28T05:00:46Z,2026-08-28T05:00:46Z,2026-08-28T05:04:39Z,233.0,e26b8d24bee09bf66d59941912166c5aa7975d20,main,2026-08-27T22:52:47Z,52,609,115,724,11,1,0
github_actions,microsoft/TypeScript,33140960816,164,dynamic,completed,success,2026-08-28T04:08:55Z,2026-08-28T04:08:55Z,2026-08-28T04:14:55Z,360.0,e26b8d24bee09bf66d59941912166c5aa7975d20,main,2026-08-27T22:52:47Z,52,609,115,724,11,1,0
github_actions,microsoft/TypeScript,33140054061,36274,pull_request,completed,success,2026-08-28T03:50:15Z,2026-08-28T03:50:15Z,2026-08-28T04:10:48Z,1233.0,7c6a84563207e00d390353b01aa0b42a7672b80b,redo-ast-method-dispatch-opt,2026-08-28T02:58:12Z,25,1426,67,1493,4,1,0
github_actions,microsoft/TypeScript,33140054043,31567,pull_request,completed,success,2026-08-28T03:50:15Z,2026-08-28T03:50:15Z,2026-08-28T03:54:45Z,270.0,7c6a84563207e00d390353b01aa0b42a7672b80b,redo-ast-method-dispatch-opt,2026-08-28T02:58:12Z,25,1426,67,1493,4,1,0
github_actions,microsoft/TypeScript,33139905302,1185,schedule,completed,success,2026-08-28T03:47:07Z,2026-08-28T03:47:07Z,2026-08-28T03:47:44Z,37.0,e26b8d24bee09bf66d59941912166c5aa7975d20,main,2026-08-27T22:52:47Z,52,609,115,724,11,1,0
github_actions,microsoft/TypeScript,33127605723,31566,pull_request,completed,success,2026-08-27T23:49:03Z,2026-08-27T23:49:03Z,2026-08-27T23:55:12Z,369.0,6ae64b4e73a02ffa1d8418f583bc798efadc1dd8,gabritto/create_program,2026-08-27T23:48:54Z,23,11,0,11,1,1,0
github_actions,microsoft/TypeScript,33127605807,36273,pull_request,completed,success,2026-08-27T23:49:03Z,2026-08-27T23:49:03Z,2026-08-28T00:07:10Z,1087.0,6ae64b4e73a02ffa1d8418f583bc798efadc1dd8,gabritto/create_program,2026-08-27T23:48:54Z,23,11,0,11,1,1,0
github_actions,microsoft/TypeScript,33127346740,31565,pull_request,completed,success,2026-08-27T23:44:35Z,2026-08-27T23:44:35Z,2026-08-27T23:50:57Z,382.0,972df3284096d34f0c739bbe6682e1f8d6d3c8b9,no-more-crlf,2026-08-27T23:44:27Z,21,60,6,66,2,1,0
github_actions,microsoft/TypeScript,33127346798,36272,pull_request,completed,success,2026-08-27T23:44:35Z,2026-08-27T23:44:35Z,2026-08-28T00:11:30Z,1615.0,972df3284096d34f0c739bbe6682e1f8d6d3c8b9,no-more-crlf,2026-08-27T23:44:27Z,21,60,6,66,2,1,0
github_actions,microsoft/TypeScript,33125095658,31564,pull_request,completed,success,2026-08-27T23:06:55Z,2026-08-27T23:06:55Z,2026-08-27T23:13:12Z,377.0,fc862e12dca89d6f99e6d3b123514d8817234eb7,gabritto/create_program,2026-08-27T23:06:34Z,48,7317,2025,9342,98,1,0
github_actions,microsoft/TypeScript,33125095689,36271,pull_request,completed,failure,2026-08-27T23:06:55Z,2026-08-27T23:06:55Z,2026-08-27T23:25:38Z,1123.0,fc862e12dca89d6f99e6d3b123514d8817234eb7,gabritto/create_program,2026-08-27T23:06:34Z,48,7317,2025,9342,98,1,1
github_actions,microsoft/TypeScript,33124839700,2582,push,completed,success,2026-08-27T23:02:51Z,2026-08-27T23:02:51Z,2026-08-27T23:03:55Z,64.0,e26b8d24bee09bf66d59941912166c5aa7975d20,main,2026-08-27T22:52:47Z,52,609,115,724,11,1,0
github_actions,microsoft/TypeScript,33124839758,31563,push,completed,success,2026-08-27T23:02:51Z,2026-08-27T23:02:51Z,2026-08-27T23:09:27Z,396.0,e26b8d24bee09bf66d59941912166c5aa7975d20,main,2026-08-27T22:52:47Z,52,609,115,724,11,1,0
github_actions,microsoft/TypeScript,33124839650,36270,push,completed,failure,2026-08-27T23:02:51Z,2026-08-27T23:02:51Z,2026-08-27T23:29:30Z,1599.0,e26b8d24bee09bf66d59941912166c5aa7975d20,main,2026-08-27T22:52:47Z,52,609,115,724,11,1,1
github_actions,microsoft/TypeScript,33124228744,36269,merge_group,completed,success,2026-08-27T22:53:05Z,2026-08-27T22:53:05Z,2026-08-27T23:02:27Z,562.0,e26b8d24bee09bf66d59941912166c5aa7975d20,gh-readonly-queue/main/pr-64042-8330d40f197b858ad8e66d842e29413ea9137756,2026-08-27T22:52:47Z,52,609,115,724,11,1,0
github_actions,microsoft/TypeScript,33123359815,163,dynamic,completed,success,2026-08-27T22:39:20Z,2026-08-27T22:39:20Z,2026-08-27T22:43:55Z,275.0,8330d40f197b858ad8e66d842e29413ea9137756,main,2026-08-27T20:14:35Z,52,6262,1520,7782,11,1,0
github_actions,microsoft/TypeScript,33123354799,31562,pull_request,completed,success,2026-08-27T22:39:15Z,2026-08-27T22:39:15Z,2026-08-27T22:45:18Z,363.0,7100d4333b458314bd97ec1b7b18dee5236600b3,api-batch-pagination,2026-08-27T22:32:09Z,93,43,25,68,4,1,0
github_actions,microsoft/TypeScript,33123354793,36268,pull_request,completed,success,2026-08-27T22:39:15Z,2026-08-27T22:39:15Z,2026-08-27T23:01:01Z,1306.0,7100d4333b458314bd97ec1b7b18dee5236600b3,api-batch-pagination,2026-08-27T22:32:09Z,93,43,25,68,4,1,0
github_actions,microsoft/TypeScript,33123298650,31561,pull_request,completed,success,2026-08-27T22:38:21Z,2026-08-27T22:38:21Z,2026-08-27T22:44:33Z,372.0,97a71921e868174ff69e683d70affa05c5458fff,new-node-deps,2026-08-27T22:38:14Z,31,3,11,14,1,1,0
github_actions,microsoft/TypeScript,33123298624,36267,pull_request,completed,failure,2026-08-27T22:38:21Z,2026-08-27T22:38:21Z,2026-08-27T23:02:08Z,1427.0,97a71921e868174ff69e683d70affa05c5458fff,new-node-deps,2026-08-27T22:38:14Z,31,3,11,14,1,1,1
github_actions,microsoft/TypeScript,33122738155,31560,pull_request,completed,success,2026-08-27T22:29:55Z,2026-08-27T22:29:55Z,2026-08-27T22:35:58Z,363.0,fdfe3afe5da581a757a56814c271e44852d9d3ea,content-mapper-auto-import-formatting-panic,2026-08-27T22:29:47Z,70,27,35,62,2,1,0
github_actions,microsoft/TypeScript,33122738184,36266,pull_request,completed,success,2026-08-27T22:29:55Z,2026-08-27T22:29:55Z,2026-08-27T22:52:45Z,1370.0,fdfe3afe5da581a757a56814c271e44852d9d3ea,content-mapper-auto-import-formatting-panic,2026-08-27T22:29:47Z,70,27,35,62,2,1,0
github_actions,microsoft/TypeScript,33114215909,162,dynamic,completed,success,2026-08-27T20:37:19Z,2026-08-27T20:37:19Z,2026-08-27T20:41:00Z,221.0,8330d40f197b858ad8e66d842e29413ea9137756,main,2026-08-27T20:14:35Z,52,6262,1520,7782,11,1,0
github_actions,microsoft/TypeScript,33113802604,31558,pull_request,completed,success,2026-08-27T20:32:18Z,2026-08-27T20:32:18Z,2026-08-27T20:37:58Z,340.0,d380fec1471b84d2859c519a718e56e5c5fe9ffb,no-more-crlf,2026-08-27T20:28:47Z,1005,1,1,2,1,1,0
github_actions,microsoft/TypeScript,33113802633,36264,pull_request,completed,success,2026-08-27T20:32:18Z,2026-08-27T20:32:18Z,2026-08-27T20:54:48Z,1350.0,d380fec1471b84d2859c519a718e56e5c5fe9ffb,no-more-crlf,2026-08-27T20:28:47Z,1005,1,1,2,1,1,0
github_actions,microsoft/TypeScript,33113304233,31557,push,completed,success,2026-08-27T20:26:10Z,2026-08-27T20:26:10Z,2026-08-27T20:32:27Z,377.0,8330d40f197b858ad8e66d842e29413ea9137756,main,2026-08-27T20:14:35Z,52,6262,1520,7782,11,1,0
github_actions,microsoft/TypeScript,33113304220,2581,push,completed,success,2026-08-27T20:26:10Z,2026-08-27T20:26:10Z,2026-08-27T20:27:21Z,71.0,8330d40f197b858ad8e66d842e29413ea9137756,main,2026-08-27T20:14:35Z,52,6262,1520,7782,11,1,0
github_actions,microsoft/TypeScript,33113304216,36263,push,completed,success,2026-08-27T20:26:10Z,2026-08-27T20:26:10Z,2026-08-27T20:48:35Z,1345.0,8330d40f197b858ad8e66d842e29413ea9137756,main,2026-08-27T20:14:35Z,52,6262,1520,7782,11,1,0
github_actions,microsoft/TypeScript,33112387458,36262,merge_group,completed,success,2026-08-27T20:14:55Z,2026-08-27T20:14:55Z,2026-08-27T20:25:51Z,656.0,8330d40f197b858ad8e66d842e29413ea9137756,gh-readonly-queue/main/pr-64023-547fe42e0ec0c742ea94fdd39bc2f64c9ac71c27,2026-08-27T20:14:35Z,52,6262,1520,7782,11,1,0
github_actions,microsoft/TypeScript,33111341848,161,dynamic,completed,success,2026-08-27T20:02:09Z,2026-08-27T20:02:09Z,2026-08-27T20:04:17Z,128.0,547fe42e0ec0c742ea94fdd39bc2f64c9ac71c27,main,2026-08-27T19:08:43Z,221,27,0,27,3,1,0
github_actions,microsoft/TypeScript,33110475788,31555,pull_request,completed,success,2026-08-27T19:51:39Z,2026-08-27T19:51:39Z,2026-08-27T19:57:51Z,372.0,0ada51d3f3eecc71f52d4265ff3bed4121dc7e33,generator-sync-api-availability,2026-08-27T19:51:13Z,56,150379,74445,224824,300,1,0
github_actions,microsoft/TypeScript,33110475887,36260,pull_request,completed,success,2026-08-27T19:51:39Z,2026-08-27T19:51:39Z,2026-08-27T20:14:19Z,1360.0,0ada51d3f3eecc71f52d4265ff3bed4121dc7e33,generator-sync-api-availability,2026-08-27T19:51:13Z,56,150379,74445,224824,300,1,0
github_actions,microsoft/TypeScript,33108020681,2580,push,completed,success,2026-08-27T19:21:09Z,2026-08-27T19:21:09Z,2026-08-27T19:22:11Z,62.0,547fe42e0ec0c742ea94fdd39bc2f64c9ac71c27,main,2026-08-27T19:08:43Z,221,27,0,27,3,1,0
github_actions,microsoft/TypeScript,33108020655,36259,push,completed,success,2026-08-27T19:21:09Z,2026-08-27T19:21:09Z,2026-08-27T19:43:40Z,1351.0,547fe42e0ec0c742ea94fdd39bc2f64c9ac71c27,main,2026-08-27T19:08:43Z,221,27,0,27,3,1,0
github_actions,microsoft/TypeScript,33108020618,31554,push,completed,success,2026-08-27T19:21:08Z,2026-08-27T19:21:08Z,2026-08-27T19:27:21Z,373.0,547fe42e0ec0c742ea94fdd39bc2f64c9ac71c27,main,2026-08-27T19:08:43Z,221,27,0,27,3,1,0
github_actions,microsoft/TypeScript,33107907575,36258,pull_request,completed,success,2026-08-27T19:19:45Z,2026-08-27T19:42:27Z,2026-08-27T20:04:14Z,1307.0,bbb6291119803342b9f8e63441f1dda3a407cd9b,copilot/port-enforcereadonly-to-go,2026-08-27T19:19:39Z,103,10,10,20,2,2,0
github_actions,microsoft/TypeScript,33107907600,31553,pull_request,completed,success,2026-08-27T19:19:45Z,2026-08-27T19:42:28Z,2026-08-27T19:48:29Z,361.0,bbb6291119803342b9f8e63441f1dda3a407cd9b,copilot/port-enforcereadonly-to-go,2026-08-27T19:19:39Z,103,10,10,20,2,2,0
github_actions,microsoft/TypeScript,33107032263,36256,merge_group,completed,success,2026-08-27T19:09:02Z,2026-08-27T19:09:02Z,2026-08-27T19:20:55Z,713.0,547fe42e0ec0c742ea94fdd39bc2f64c9ac71c27,gh-readonly-queue/main/pr-64032-0cfafa91851eb6192c496e0d8468269795961191,2026-08-27T19:08:43Z,221,27,0,27,3,1,0
github_actions,microsoft/TypeScript,33106230551,2579,schedule,completed,success,2026-08-27T18:59:29Z,2026-08-27T18:59:29Z,2026-08-27T19:00:36Z,67.0,0cfafa91851eb6192c496e0d8468269795961191,main,2026-08-27T18:13:58Z,103,169,0,169,8,1,0
github_actions,microsoft/TypeScript,33106068707,36254,pull_request,completed,success,2026-08-27T18:57:32Z,2026-08-27T18:57:32Z,2026-08-27T19:20:07Z,1355.0,48e7f26f5ae3750b2a7b27da748ca62a36d5a519,no-more-crlf,2026-08-27T18:54:18Z,1005,1,1,2,1,1,0
github_actions,microsoft/TypeScript,33106068663,31550,pull_request,completed,success,2026-08-27T18:57:32Z,2026-08-27T18:57:32Z,2026-08-27T19:03:41Z,369.0,48e7f26f5ae3750b2a7b27da748ca62a36d5a519,no-more-crlf,2026-08-27T18:54:18Z,1005,1,1,2,1,1,0
github_actions,microsoft/TypeScript,33105647937,187,dynamic,completed,success,2026-08-27T18:52:33Z,2026-08-27T18:52:33Z,2026-08-27T19:29:31Z,2218.0,4b420fe44d6ff5d63ef054923a41d079e24c650d,copilot/port-enforcereadonly-to-go,2026-08-27T18:52:28Z,12,0,0,0,0,1,0
github_actions,microsoft/TypeScript,33103470208,160,dynamic,completed,success,2026-08-27T18:26:26Z,2026-08-27T18:26:26Z,2026-08-27T18:38:48Z,742.0,0cfafa91851eb6192c496e0d8468269795961191,main,2026-08-27T18:13:58Z,103,169,0,169,8,1,0
github_actions,microsoft/TypeScript,33103335487,2578,push,completed,success,2026-08-27T18:24:51Z,2026-08-27T18:24:51Z,2026-08-27T18:25:58Z,67.0,0cfafa91851eb6192c496e0d8468269795961191,main,2026-08-27T18:13:58Z,103,169,0,169,8,1,0
github_actions,microsoft/TypeScript,33103335476,31548,push,completed,success,2026-08-27T18:24:51Z,2026-08-27T18:24:51Z,2026-08-27T18:31:22Z,391.0,0cfafa91851eb6192c496e0d8468269795961191,main,2026-08-27T18:13:58Z,103,169,0,169,8,1,0
github_actions,microsoft/TypeScript,33103335441,36252,push,completed,success,2026-08-27T18:24:50Z,2026-08-27T18:24:50Z,2026-08-27T18:46:36Z,1306.0,0cfafa91851eb6192c496e0d8468269795961191,main,2026-08-27T18:13:58Z,103,169,0,169,8,1,0
github_actions,microsoft/TypeScript,33102462711,36251,merge_group,completed,success,2026-08-27T18:14:17Z,2026-08-27T18:14:17Z,2026-08-27T18:24:28Z,611.0,0cfafa91851eb6192c496e0d8468269795961191,gh-readonly-queue/main/pr-63956-b3946f2d9b94beeb049948726024d8130b4dae5b,2026-08-27T18:13:58Z,103,169,0,169,8,1,0
github_actions,microsoft/TypeScript,33101561281,31547,pull_request,completed,success,2026-08-27T18:03:29Z,2026-08-27T18:03:29Z,2026-08-27T18:09:57Z,388.0,78aa9a8f23bd83e4188cbab08eeed7d3fdababea,no-more-crlf,2026-08-27T18:03:09Z,1005,1,1,2,1,1,0
github_actions,microsoft/TypeScript,33101561212,36250,pull_request,completed,success,2026-08-27T18:03:29Z,2026-08-27T18:03:29Z,2026-08-27T18:25:55Z,1346.0,78aa9a8f23bd83e4188cbab08eeed7d3fdababea,no-more-crlf,2026-08-27T18:03:09Z,1005,1,1,2,1,1,0
github_actions,microsoft/TypeScript,33101260446,159,dynamic,completed,success,2026-08-27T18:00:00Z,2026-08-27T18:00:00Z,2026-08-27T18:04:16Z,256.0,cb2513cbec121631638c7041448273029e1b0d54,copilot/fix-jsdoc-link-name-access,2026-08-27T17:00:36Z,112,27,0,27,3,1,0
github_actions,microsoft/TypeScript,33101045206,36249,pull_request,completed,success,2026-08-27T17:57:26Z,2026-08-27T18:58:17Z,2026-08-27T19:10:47Z,750.0,f6a80507cc7aaf6c70a0e36903af836a2954cba8,content-mapper-auto-import-formatting-panic,2026-08-27T17:57:13Z,62,177,10,187,6,2,0
github_actions,microsoft/TypeScript,33101045239,31546,pull_request,completed,success,2026-08-27T17:57:26Z,2026-08-27T17:57:26Z,2026-08-27T18:03:33Z,367.0,f6a80507cc7aaf6c70a0e36903af836a2954cba8,content-mapper-auto-import-formatting-panic,2026-08-27T17:57:13Z,62,177,10,187,6,1,0
github_actions,microsoft/TypeScript,33100253916,36248,pull_request,completed,success,2026-08-27T17:48:04Z,2026-08-27T18:19:37Z,2026-08-27T18:28:21Z,524.0,d73ef7db2d18999bf38baa97d7e389b00894e9c3,new-node-deps,2026-08-27T17:47:56Z,38,13,6,19,3,2,0
github_actions,microsoft/TypeScript,33100253953,31545,pull_request,completed,success,2026-08-27T17:48:04Z,2026-08-27T17:48:04Z,2026-08-27T17:54:09Z,365.0,d73ef7db2d18999bf38baa97d7e389b00894e9c3,new-node-deps,2026-08-27T17:47:56Z,38,13,6,19,3,1,0
github_actions,microsoft/TypeScript,33099227260,158,dynamic,completed,success,2026-08-27T17:36:01Z,2026-08-27T17:36:01Z,2026-08-27T17:43:20Z,439.0,b3946f2d9b94beeb049948726024d8130b4dae5b,main,2026-08-27T15:59:34Z,37,0,293,293,3,1,0
github_actions,microsoft/TypeScript,33099219474,31544,pull_request,completed,success,2026-08-27T17:35:55Z,2026-08-27T17:35:55Z,2026-08-27T17:41:56Z,361.0,f4d5b5ac1f134c625bc7a862fcc29525780596ec,new-node-deps,2026-08-27T17:28:54Z,31,27,0,27,2,1,0
github_actions,microsoft/TypeScript,33099219421,36247,pull_request,completed,failure,2026-08-27T17:35:55Z,2026-08-27T17:35:55Z,2026-08-27T17:58:54Z,1379.0,f4d5b5ac1f134c625bc7a862fcc29525780596ec,new-node-deps,2026-08-27T17:28:54Z,31,27,0,27,2,1,1
github_actions,microsoft/TypeScript,33097541302,31543,pull_request,completed,success,2026-08-27T17:16:14Z,2026-08-27T17:16:14Z,2026-08-27T17:22:36Z,382.0,4430e13d88a620e67e844e925dadf6020fa96b91,add-getNonMissingTypeOfSymbol,2026-08-27T17:16:08Z,54,269,305,574,12,1,0
github_actions,microsoft/TypeScript,33097541267,36246,pull_request,completed,success,2026-08-27T17:16:14Z,2026-08-27T17:16:14Z,2026-08-27T17:38:42Z,1348.0,4430e13d88a620e67e844e925dadf6020fa96b91,add-getNonMissingTypeOfSymbol,2026-08-27T17:16:08Z,54,269,305,574,12,1,0
github_actions,microsoft/TypeScript,33096188730,36245,pull_request,completed,success,2026-08-27T17:00:42Z,2026-08-27T18:59:23Z,2026-08-27T19:08:33Z,550.0,cb2513cbec121631638c7041448273029e1b0d54,copilot/fix-jsdoc-link-name-access,2026-08-27T17:00:36Z,112,27,0,27,3,3,0
github_actions,microsoft/TypeScript,33096188791,31542,pull_request,completed,success,2026-08-27T17:00:42Z,2026-08-27T17:59:54Z,2026-08-27T18:05:10Z,316.0,cb2513cbec121631638c7041448273029e1b0d54,copilot/fix-jsdoc-link-name-access,2026-08-27T17:00:36Z,112,27,0,27,3,2,0
github_actions,microsoft/TypeScript,33095400478,185,dynamic,completed,success,2026-08-27T16:51:39Z,2026-08-27T16:51:39Z,2026-08-27T17:11:36Z,1197.0,d27b72a68f04d6af72acd34520ff0d3c0a4a661b,copilot/fix-jsdoc-link-name-access,2026-08-26T15:20:26Z,12,0,0,0,0,1,0
github_actions,microsoft/TypeScript,33091882553,31541,push,completed,success,2026-08-27T16:10:59Z,2026-08-27T16:10:59Z,2026-08-27T16:17:20Z,381.0,b3946f2d9b94beeb049948726024d8130b4dae5b,main,2026-08-27T15:59:34Z,37,0,293,293,3,1,0
github_actions,microsoft/TypeScript,33091882530,2577,push,completed,success,2026-08-27T16:10:59Z,2026-08-27T16:10:59Z,2026-08-27T16:12:16Z,77.0,b3946f2d9b94beeb049948726024d8130b4dae5b,main,2026-08-27T15:59:34Z,37,0,293,293,3,1,0
github_actions,microsoft/TypeScript,33091882565,36244,push,completed,success,2026-08-27T16:10:59Z,2026-08-27T16:10:59Z,2026-08-27T16:32:58Z,1319.0,b3946f2d9b94beeb049948726024d8130b4dae5b,main,2026-08-27T15:59:34Z,37,0,293,293,3,1,0
github_actions,microsoft/TypeScript,33091830478,31540,push,completed,success,2026-08-27T16:10:24Z,2026-08-27T16:10:24Z,2026-08-27T16:16:04Z,340.0,f5762f0863b339332798b4b20c6a75ae0d032bbb,main,2026-08-27T15:59:32Z,29,0,12,12,1,1,0
github_actions,microsoft/TypeScript,33091830580,2576,push,completed,failure,2026-08-27T16:10:24Z,2026-08-27T16:10:24Z,2026-08-27T16:12:10Z,106.0,f5762f0863b339332798b4b20c6a75ae0d032bbb,main,2026-08-27T15:59:32Z,29,0,12,12,1,1,1
github_actions,microsoft/TypeScript,33091830459,36243,push,completed,failure,2026-08-27T16:10:24Z,2026-08-27T16:10:24Z,2026-08-27T16:36:00Z,1536.0,f5762f0863b339332798b4b20c6a75ae0d032bbb,main,2026-08-27T15:59:32Z,29,0,12,12,1,1,1
github_actions,microsoft/TypeScript,33090883785,36242,merge_group,completed,success,2026-08-27T15:59:51Z,2026-08-27T15:59:51Z,2026-08-27T16:10:44Z,653.0,b3946f2d9b94beeb049948726024d8130b4dae5b,gh-readonly-queue/main/pr-64048-f5762f0863b339332798b4b20c6a75ae0d032bbb,2026-08-27T15:59:34Z,37,0,293,293,3,1,0
github_actions,microsoft/TypeScript,33090882897,36241,merge_group,completed,success,2026-08-27T15:59:50Z,2026-08-27T15:59:50Z,2026-08-27T16:10:13Z,623.0,f5762f0863b339332798b4b20c6a75ae0d032bbb,gh-readonly-queue/main/pr-64045-065f7ac56fdcde73acaf9c5eec0e8b04123599c6,2026-08-27T15:59:32Z,29,0,12,12,1,1,0
github_actions,microsoft/TypeScript,33087787873,2575,push,completed,success,2026-08-27T15:26:08Z,2026-08-27T15:26:08Z,2026-08-27T15:27:13Z,65.0,065f7ac56fdcde73acaf9c5eec0e8b04123599c6,main,2026-08-27T15:04:19Z,164,269,0,269,8,1,0
github_actions,microsoft/TypeScript,33087787924,31539,push,completed,success,2026-08-27T15:26:08Z,2026-08-27T15:26:08Z,2026-08-27T15:32:40Z,392.0,065f7ac56fdcde73acaf9c5eec0e8b04123599c6,main,2026-08-27T15:04:19Z,164,269,0,269,8,1,0
github_actions,microsoft/TypeScript,33087787893,36240,push,completed,success,2026-08-27T15:26:08Z,2026-08-27T15:26:08Z,2026-08-27T15:47:20Z,1272.0,065f7ac56fdcde73acaf9c5eec0e8b04123599c6,main,2026-08-27T15:04:19Z,164,269,0,269,8,1,0
github_actions,microsoft/TypeScript,33086775239,36239,merge_group,completed,success,2026-08-27T15:15:02Z,2026-08-27T15:15:02Z,2026-08-27T15:25:43Z,641.0,065f7ac56fdcde73acaf9c5eec0e8b04123599c6,gh-readonly-queue/main/pr-63943-e95d8e57a89f4c174604d76e683d1f14d148373d,2026-08-27T15:04:19Z,164,269,0,269,8,1,0
github_actions,microsoft/TypeScript,33085812109,36238,merge_group,completed,success,2026-08-27T15:04:37Z,2026-08-27T15:04:37Z,2026-08-27T15:15:09Z,632.0,0fb5fc7933883e80e98eed9e08f92b24cd9cd809,gh-readonly-queue/main/pr-63943-88933e67fea4d3304bdc11dc30611f8f7d900a44,2026-08-27T15:04:19Z,164,269,0,269,8,1,0
github_actions,microsoft/TypeScript,33085757181,36237,merge_group,completed,failure,2026-08-27T15:04:01Z,2026-08-27T15:04:01Z,2026-08-27T15:14:35Z,634.0,88933e67fea4d3304bdc11dc30611f8f7d900a44,gh-readonly-queue/main/pr-63956-e95d8e57a89f4c174604d76e683d1f14d148373d,2026-08-27T15:03:42Z,103,169,0,169,8,1,1
github_actions,microsoft/TypeScript,33084796016,157,dynamic,completed,success,2026-08-27T14:53:54Z,2026-08-27T14:53:54Z,2026-08-27T15:10:15Z,981.0,e95d8e57a89f4c174604d76e683d1f14d148373d,main,2026-08-26T23:38:37Z,45,224,171,395,69,1,0
github_actions,microsoft/TypeScript,33084749141,31538,pull_request,completed,success,2026-08-27T14:53:23Z,2026-08-27T14:53:23Z,2026-08-27T14:59:42Z,379.0,bd72be840bfb2bea8d3919f1f0c6476a0b0eb92f,feat/61216,2026-08-27T14:53:10Z,33,2,2,4,1,1,0
github_actions,microsoft/TypeScript,33084749090,36236,pull_request,completed,success,2026-08-27T14:53:23Z,2026-08-27T14:53:23Z,2026-08-27T15:18:45Z,1522.0,bd72be840bfb2bea8d3919f1f0c6476a0b0eb92f,feat/61216,2026-08-27T14:53:10Z,33,2,2,4,1,1,0
github_actions,microsoft/TypeScript,33083625556,156,dynamic,completed,success,2026-08-27T14:41:25Z,2026-08-27T14:41:25Z,2026-08-27T14:46:43Z,318.0,e95d8e57a89f4c174604d76e683d1f14d148373d,main,2026-08-26T23:38:37Z,45,224,171,395,69,1,0
github_actions,microsoft/TypeScript,33081858994,155,dynamic,completed,success,2026-08-27T14:22:16Z,2026-08-27T14:22:16Z,2026-08-27T14:25:46Z,210.0,e95d8e57a89f4c174604d76e683d1f14d148373d,main,2026-08-26T23:38:37Z,45,224,171,395,69,1,0
github_actions,microsoft/TypeScript,33069916554,31537,pull_request,completed,success,2026-08-27T12:00:55Z,2026-08-27T12:00:55Z,2026-08-27T12:06:41Z,346.0,ddf9f7cbfa1a38213604b515f49743cfd17b5319,feat/61216,2026-08-27T12:00:49Z,35,372,180,552,75,1,0
github_actions,microsoft/TypeScript,33069916568,36235,pull_request,completed,failure,2026-08-27T12:00:55Z,2026-08-27T12:00:55Z,2026-08-27T12:20:35Z,1180.0,ddf9f7cbfa1a38213604b515f49743cfd17b5319,feat/61216,2026-08-27T12:00:49Z,35,372,180,552,75,1,1
github_actions,microsoft/TypeScript,33069110559,154,dynamic,completed,success,2026-08-27T11:49:58Z,2026-08-27T11:49:58Z,2026-08-27T11:53:10Z,192.0,e95d8e57a89f4c174604d76e683d1f14d148373d,main,2026-08-26T23:38:37Z,45,224,171,395,69,1,0
github_actions,microsoft/TypeScript,33044363566,153,dynamic,completed,success,2026-08-27T06:00:52Z,2026-08-27T06:00:52Z,2026-08-27T06:02:42Z,110.0,e95d8e57a89f4c174604d76e683d1f14d148373d,main,2026-08-26T23:38:37Z,45,224,171,395,69,1,0
github_actions,microsoft/TypeScript,33040196247,31532,pull_request,completed,success,2026-08-27T04:42:02Z,2026-08-27T04:42:02Z,2026-08-27T04:47:26Z,324.0,6306621f80525842c6d1d7cb961705c61df13924,add-getNonMissingTypeOfSymbol,2026-08-27T04:41:53Z,69,2,0,2,1,1,0
github_actions,microsoft/TypeScript,33040196250,36230,pull_request,completed,success,2026-08-27T04:42:02Z,2026-08-27T04:42:02Z,2026-08-27T05:03:54Z,1312.0,6306621f80525842c6d1d7cb961705c61df13924,add-getNonMissingTypeOfSymbol,2026-08-27T04:41:53Z,69,2,0,2,1,1,0
github_actions,microsoft/TypeScript,33040159990,31531,pull_request,completed,success,2026-08-27T04:41:16Z,2026-08-27T04:41:16Z,2026-08-27T04:47:46Z,390.0,bc4d72bf4e021cc4197ec21522db82d48ccdbfdb,add-getNonMissingTypeOfSymbol,2026-08-27T04:41:10Z,54,514,181,695,83,1,0
github_actions,microsoft/TypeScript,33040159950,36229,pull_request,completed,failure,2026-08-27T04:41:16Z,2026-08-27T04:41:16Z,2026-08-27T05:04:23Z,1387.0,bc4d72bf4e021cc4197ec21522db82d48ccdbfdb,add-getNonMissingTypeOfSymbol,2026-08-27T04:41:10Z,54,514,181,695,83,1,1
github_actions,microsoft/TypeScript,33038327507,31530,pull_request,completed,success,2026-08-27T04:05:20Z,2026-08-27T04:05:20Z,2026-08-27T04:11:45Z,385.0,d9fcdf2c106060a44ce6aa1ed3fc5af5ddfb1a32,add-isReadonlySymbol,2026-08-27T04:04:41Z,69,2,0,2,1,1,0
github_actions,microsoft/TypeScript,33038327505,36228,pull_request,completed,success,2026-08-27T04:05:20Z,2026-08-27T04:05:20Z,2026-08-27T04:27:36Z,1336.0,d9fcdf2c106060a44ce6aa1ed3fc5af5ddfb1a32,add-isReadonlySymbol,2026-08-27T04:04:41Z,69,2,0,2,1,1,0
github_actions,microsoft/TypeScript,33036311235,36227,pull_request,completed,failure,2026-08-27T03:25:17Z,2026-08-27T03:25:17Z,2026-08-27T03:47:28Z,1331.0,b306f20ac63d2b81eb115fe2771c1d411bb6158c,add-isReadonlySymbol,2026-08-27T03:25:13Z,45,514,181,695,83,1,1
github_actions,microsoft/TypeScript,33036311256,31529,pull_request,completed,success,2026-08-27T03:25:17Z,2026-08-27T03:25:17Z,2026-08-27T03:31:49Z,392.0,b306f20ac63d2b81eb115fe2771c1d411bb6158c,add-isReadonlySymbol,2026-08-27T03:25:13Z,45,514,181,695,83,1,0
github_actions,microsoft/TypeScript,33033939209,1184,schedule,completed,success,2026-08-27T02:39:16Z,2026-08-27T02:39:16Z,2026-08-27T02:39:53Z,37.0,e95d8e57a89f4c174604d76e683d1f14d148373d,main,2026-08-26T23:38:37Z,45,224,171,395,69,1,0
github_actions,microsoft/TypeScript,33026630003,31527,pull_request,completed,success,2026-08-27T00:22:36Z,2026-08-27T00:22:36Z,2026-08-27T00:29:19Z,403.0,ebc567d67df8163ab983489cc3bf7b8f1c354f34,no-more-crlf,2026-08-27T00:18:56Z,1005,1,1,2,1,1,0
github_actions,microsoft/TypeScript,33026630031,36225,pull_request,completed,success,2026-08-27T00:22:36Z,2026-08-27T00:22:36Z,2026-08-27T00:45:08Z,1352.0,ebc567d67df8163ab983489cc3bf7b8f1c354f34,no-more-crlf,2026-08-27T00:18:56Z,1005,1,1,2,1,1,0
github_actions,microsoft/TypeScript,33025980740,36224,pull_request,completed,success,2026-08-27T00:11:11Z,2026-08-27T00:11:11Z,2026-08-27T00:33:22Z,1331.0,7f952fa70f0216bb95e228b2a850c62f09c238d7,no-more-crlf,2026-08-27T00:07:10Z,1005,1,1,2,1,1,0
github_actions,microsoft/TypeScript,33025980759,31526,pull_request,completed,success,2026-08-27T00:11:11Z,2026-08-27T00:11:11Z,2026-08-27T00:16:23Z,312.0,7f952fa70f0216bb95e228b2a850c62f09c238d7,no-more-crlf,2026-08-27T00:07:10Z,1005,1,1,2,1,1,0
github_actions,microsoft/TypeScript,33025073683,36223,pull_request,completed,failure,2026-08-26T23:57:31Z,2026-08-26T23:57:31Z,2026-08-27T00:21:06Z,1415.0,d4665ced71b66a112baac1c2de99aa49d1d41f07,port-pr-61042-scan-identifiers-with-escapes,2026-08-26T23:53:04Z,53,19,20,39,1,1,1
github_actions,microsoft/TypeScript,33025073645,31525,pull_request,completed,success,2026-08-26T23:57:30Z,2026-08-26T23:57:30Z,2026-08-27T00:03:44Z,374.0,d4665ced71b66a112baac1c2de99aa49d1d41f07,port-pr-61042-scan-identifiers-with-escapes,2026-08-26T23:53:04Z,53,19,20,39,1,1,0
github_actions,microsoft/TypeScript,33024696248,2574,push,completed,success,2026-08-26T23:49:29Z,2026-08-26T23:49:29Z,2026-08-26T23:50:35Z,66.0,e95d8e57a89f4c174604d76e683d1f14d148373d,main,2026-08-26T23:38:37Z,45,224,171,395,69,1,0
github_actions,microsoft/TypeScript,33024696270,36222,push,completed,success,2026-08-26T23:49:29Z,2026-08-26T23:49:29Z,2026-08-27T00:21:14Z,1905.0,e95d8e57a89f4c174604d76e683d1f14d148373d,main,2026-08-26T23:38:37Z,45,224,171,395,69,1,0
github_actions,microsoft/TypeScript,33024696289,31524,push,completed,success,2026-08-26T23:49:29Z,2026-08-26T23:49:29Z,2026-08-26T23:54:03Z,274.0,e95d8e57a89f4c174604d76e683d1f14d148373d,main,2026-08-26T23:38:37Z,45,224,171,395,69,1,0
github_actions,microsoft/TypeScript,33024527865,31523,pull_request,completed,success,2026-08-26T23:46:19Z,2026-08-26T23:46:19Z,2026-08-26T23:52:48Z,389.0,d0af0f0f66f83503a05bd22b01fab2ce6266800a,fix-59920-2,2026-08-26T23:45:05Z,563,57,4,61,5,1,0
github_actions,microsoft/TypeScript,33024527871,36221,pull_request,completed,success,2026-08-26T23:46:19Z,2026-08-27T07:51:30Z,2026-08-27T07:54:12Z,162.0,d0af0f0f66f83503a05bd22b01fab2ce6266800a,fix-59920-2,2026-08-26T23:45:05Z,563,57,4,61,5,2,0
github_actions,microsoft/TypeScript,33024279887,152,dynamic,completed,success,2026-08-26T23:41:39Z,2026-08-26T23:41:39Z,2026-08-26T23:45:37Z,238.0,2b4efcc3404b3dc03010a62eaa582498d685d606,main,2026-08-26T23:02:44Z,223,49,8,57,2,1,0
github_actions,microsoft/TypeScript,33024276333,31522,pull_request,completed,success,2026-08-26T23:41:35Z,2026-08-26T23:41:35Z,2026-08-26T23:48:05Z,390.0,f3bba9cf8c363ea08e67f4d50afaea18d7558daf,remove-defunct-workflows,2026-08-26T23:39:59Z,28,0,293,293,3,1,0
github_actions,microsoft/TypeScript,33024276342,36220,pull_request,completed,success,2026-08-26T23:41:35Z,2026-08-26T23:41:35Z,2026-08-27T00:11:30Z,1795.0,f3bba9cf8c363ea08e67f4d50afaea18d7558daf,remove-defunct-workflows,2026-08-26T23:39:59Z,28,0,293,293,3,1,0
github_actions,microsoft/TypeScript,33024116862,36219,merge_group,completed,success,2026-08-26T23:38:57Z,2026-08-26T23:38:57Z,2026-08-26T23:49:15Z,618.0,e95d8e57a89f4c174604d76e683d1f14d148373d,gh-readonly-queue/main/pr-63951-2b4efcc3404b3dc03010a62eaa582498d685d606,2026-08-26T23:38:37Z,45,224,171,395,69,1,0
github_actions,microsoft/TypeScript,33023667076,31521,pull_request,completed,success,2026-08-26T23:31:57Z,2026-08-26T23:31:57Z,2026-08-26T23:37:33Z,336.0,97fdd0d6b29248299f449e79c00aa6c49d17f94e,fix-55948,2026-08-26T23:30:10Z,641,97,0,97,5,1,0
github_actions,microsoft/TypeScript,33023667018,36218,pull_request,completed,success,2026-08-26T23:31:57Z,2026-08-26T23:31:57Z,2026-08-27T00:03:57Z,1920.0,97fdd0d6b29248299f449e79c00aa6c49d17f94e,fix-55948,2026-08-26T23:30:10Z,641,97,0,97,5,1,0
github_actions,microsoft/TypeScript,33023183993,36217,pull_request,completed,success,2026-08-26T23:23:42Z,2026-08-26T23:23:42Z,2026-08-26T23:46:38Z,1376.0,e871e616ca631e9f9d00a88c7f20bd0aefc31d62,no-more-crlf,2026-08-26T23:21:44Z,1005,1,1,2,1,1,0
github_actions,microsoft/TypeScript,33023183951,31520,pull_request,completed,success,2026-08-26T23:23:41Z,2026-08-26T23:23:41Z,2026-08-26T23:30:14Z,393.0,e871e616ca631e9f9d00a88c7f20bd0aefc31d62,no-more-crlf,2026-08-26T23:21:44Z,1005,1,1,2,1,1,0
github_actions,microsoft/TypeScript,33023157322,31519,pull_request,completed,success,2026-08-26T23:23:17Z,2026-08-26T23:23:17Z,2026-08-26T23:29:53Z,396.0,6d0d279e09484fb87e9d6944828e7019908ef22f,copilot/fix-incremental-json-diagnostics,2026-08-26T23:23:11Z,63,2,0,2,1,1,0
github_actions,microsoft/TypeScript,33023157346,36216,pull_request,completed,success,2026-08-26T23:23:17Z,2026-08-26T23:47:42Z,2026-08-26T23:56:34Z,532.0,6d0d279e09484fb87e9d6944828e7019908ef22f,copilot/fix-incremental-json-diagnostics,2026-08-26T23:23:11Z,63,2,0,2,1,2,0
github_actions,microsoft/TypeScript,33023008681,151,dynamic,completed,success,2026-08-26T23:20:56Z,2026-08-26T23:20:56Z,2026-08-26T23:26:08Z,312.0,2b4efcc3404b3dc03010a62eaa582498d685d606,main,2026-08-26T23:02:44Z,223,49,8,57,2,1,0
github_actions,microsoft/TypeScript,33023000814,31518,pull_request,completed,success,2026-08-26T23:20:49Z,2026-08-26T23:20:49Z,2026-08-26T23:27:26Z,397.0,909c43193aa9f8569c04c67979ba3d2de1813145,no-more-crlf,2026-08-26T23:14:20Z,755,0,0,0,5,1,0
github_actions,microsoft/TypeScript,33023000717,36215,pull_request,completed,success,2026-08-26T23:20:49Z,2026-08-26T23:20:49Z,2026-08-27T00:02:11Z,2482.0,909c43193aa9f8569c04c67979ba3d2de1813145,no-more-crlf,2026-08-26T23:14:20Z,755,0,0,0,5,1,0
github_actions,microsoft/TypeScript,33022844923,150,dynamic,completed,success,2026-08-26T23:18:19Z,2026-08-26T23:18:19Z,2026-08-26T23:22:56Z,277.0,0bddf5c96e96ed1bc8c46f5349b16437afe9fe55,copilot/make-use-strict-error,2026-08-26T21:02:49Z,116,72,2,74,3,1,0
github_actions,microsoft/TypeScript,33022703408,36213,pull_request,completed,success,2026-08-26T23:16:21Z,2026-08-26T23:37:44Z,2026-08-26T23:49:23Z,699.0,b18eaa217345bc9ee80d2987afbf7153c9dabfee,remove-pr-owners,2026-08-26T23:12:55Z,20,0,12,12,1,2,0
github_actions,microsoft/TypeScript,33022703370,31516,pull_request,completed,success,2026-08-26T23:16:21Z,2026-08-26T23:16:21Z,2026-08-26T23:22:41Z,380.0,b18eaa217345bc9ee80d2987afbf7153c9dabfee,remove-pr-owners,2026-08-26T23:12:55Z,20,0,12,12,1,1,0
github_actions,microsoft/TypeScript,33022467566,2573,push,completed,success,2026-08-26T23:13:45Z,2026-08-26T23:13:45Z,2026-08-26T23:15:09Z,84.0,2b4efcc3404b3dc03010a62eaa582498d685d606,main,2026-08-26T23:02:44Z,223,49,8,57,2,1,0
github_actions,microsoft/TypeScript,33022467621,31515,push,completed,success,2026-08-26T23:13:45Z,2026-08-26T23:13:45Z,2026-08-26T23:20:19Z,394.0,2b4efcc3404b3dc03010a62eaa582498d685d606,main,2026-08-26T23:02:44Z,223,49,8,57,2,1,0
github_actions,microsoft/TypeScript,33022467597,36212,push,completed,success,2026-08-26T23:13:45Z,2026-08-26T23:13:45Z,2026-08-26T23:38:56Z,1511.0,2b4efcc3404b3dc03010a62eaa582498d685d606,main,2026-08-26T23:02:44Z,223,49,8,57,2,1,0
github_actions,microsoft/TypeScript,33022444394,149,dynamic,completed,success,2026-08-26T23:13:25Z,2026-08-26T23:13:25Z,2026-08-26T23:15:07Z,102.0,ef2847599d5e39a731fb53dc2eceeb86e9749850,main,2026-08-26T22:21:55Z,76,99,1,100,4,1,0
github_actions,microsoft/TypeScript,33021857894,36210,merge_group,completed,success,2026-08-26T23:03:02Z,2026-08-26T23:03:02Z,2026-08-26T23:13:29Z,627.0,2b4efcc3404b3dc03010a62eaa582498d685d606,gh-readonly-queue/main/pr-64036-ef2847599d5e39a731fb53dc2eceeb86e9749850,2026-08-26T23:02:44Z,223,49,8,57,2,1,0
github_actions,microsoft/TypeScript,33021782214,184,dynamic,completed,success,2026-08-26T23:01:48Z,2026-08-26T23:01:48Z,2026-08-26T23:11:43Z,595.0,ca333825ab1a6d45c60cb8a61edcc11fea6caf19,copilot/fix-incremental-json-diagnostics,2026-08-26T06:59:13Z,118,392,1,393,3,1,0
github_actions,microsoft/TypeScript,33021713127,31513,pull_request,completed,success,2026-08-26T23:00:42Z,2026-08-26T23:00:42Z,2026-08-26T23:07:06Z,384.0,fdcfbbccff5216b93b20565dbd8efb43aedddfb7,fix-55948,2026-08-25T23:18:42Z,719,118,0,118,5,1,0
github_actions,microsoft/TypeScript,33021713128,36209,pull_request,completed,success,2026-08-26T23:00:42Z,2026-08-26T23:00:42Z,2026-08-26T23:23:16Z,1354.0,fdcfbbccff5216b93b20565dbd8efb43aedddfb7,fix-55948,2026-08-25T23:18:42Z,719,118,0,118,5,1,0
github_actions,microsoft/TypeScript,33021606377,148,dynamic,completed,success,2026-08-26T22:59:16Z,2026-08-26T22:59:16Z,2026-08-26T23:05:30Z,374.0,ef2847599d5e39a731fb53dc2eceeb86e9749850,main,2026-08-26T22:21:55Z,76,99,1,100,4,1,0
github_actions,microsoft/TypeScript,33021446234,31512,pull_request,completed,success,2026-08-26T22:56:59Z,2026-08-26T22:56:59Z,2026-08-26T23:03:19Z,380.0,9fbcee2d0ce01924177eac777ce6521b72700f5a,fix-59920-2,2026-08-26T22:40:30Z,693,357,6,363,6,1,0
github_actions,microsoft/TypeScript,33021446222,36208,pull_request,completed,success,2026-08-26T22:56:59Z,2026-08-26T22:56:59Z,2026-08-26T23:15:38Z,1119.0,9fbcee2d0ce01924177eac777ce6521b72700f5a,fix-59920-2,2026-08-26T22:40:30Z,693,357,6,363,6,1,0
github_actions,microsoft/TypeScript,33021328523,147,dynamic,completed,success,2026-08-26T22:55:16Z,2026-08-26T22:55:16Z,2026-08-26T22:58:40Z,204.0,ef2847599d5e39a731fb53dc2eceeb86e9749850,main,2026-08-26T22:21:55Z,76,99,1,100,4,1,0
github_actions,microsoft/TypeScript,33021179536,31511,pull_request,completed,success,2026-08-26T22:53:09Z,2026-08-26T22:53:09Z,2026-08-26T22:59:19Z,370.0,6a9a04b03f1285eab0360da999314bd1c9a4f3fe,content-mapper-auto-import-formatting-panic,2026-08-26T22:25:18Z,62,117,110,227,3,1,0
github_actions,microsoft/TypeScript,33021179546,36207,pull_request,completed,success,2026-08-26T22:53:09Z,2026-08-26T22:53:09Z,2026-08-26T23:20:36Z,1647.0,6a9a04b03f1285eab0360da999314bd1c9a4f3fe,content-mapper-auto-import-formatting-panic,2026-08-26T22:25:18Z,62,117,110,227,3,1,0
github_actions,microsoft/TypeScript,33020748167,146,dynamic,completed,success,2026-08-26T22:46:23Z,2026-08-26T22:46:23Z,2026-08-26T22:48:46Z,143.0,8a6df6724a4e6aa73d80285b261bd62122aa97eb,copilot/fix-lsp-overlay-not-found,2026-08-26T17:15:25Z,122,49,8,57,2,1,0
github_actions,microsoft/TypeScript,33020709540,145,dynamic,completed,success,2026-08-26T22:45:44Z,2026-08-26T22:45:44Z,2026-08-26T22:51:58Z,374.0,ef2847599d5e39a731fb53dc2eceeb86e9749850,main,2026-08-26T22:21:55Z,76,99,1,100,4,1,0
github_actions,microsoft/TypeScript,33020561016,144,dynamic,completed,success,2026-08-26T22:43:11Z,2026-08-26T22:43:11Z,2026-08-26T22:48:40Z,329.0,ef2847599d5e39a731fb53dc2eceeb86e9749850,main,2026-08-26T22:21:55Z,76,99,1,100,4,1,0
github_actions,microsoft/TypeScript,33020293946,31510,pull_request,completed,success,2026-08-26T22:37:52Z,2026-08-26T22:37:52Z,2026-08-26T22:42:48Z,296.0,37813ae15811e956001ed26a794804ef01394a66,port-pr-61042-scan-identifiers-with-escapes,2026-08-26T22:30:22Z,37,0,85,85,5,1,0
github_actions,microsoft/TypeScript,33020294004,36206,pull_request,completed,success,2026-08-26T22:37:52Z,2026-08-26T22:37:52Z,2026-08-26T22:57:02Z,1150.0,37813ae15811e956001ed26a794804ef01394a66,port-pr-61042-scan-identifiers-with-escapes,2026-08-26T22:30:22Z,37,0,85,85,5,1,0
github_actions,microsoft/TypeScript,33020039323,31509,push,completed,success,2026-08-26T22:32:46Z,2026-08-26T22:32:46Z,2026-08-26T22:39:35Z,409.0,ef2847599d5e39a731fb53dc2eceeb86e9749850,main,2026-08-26T22:21:55Z,76,99,1,100,4,1,0
github_actions,microsoft/TypeScript,33020039321,2572,push,completed,success,2026-08-26T22:32:46Z,2026-08-26T22:32:46Z,2026-08-26T22:33:50Z,64.0,ef2847599d5e39a731fb53dc2eceeb86e9749850,main,2026-08-26T22:21:55Z,76,99,1,100,4,1,0
github_actions,microsoft/TypeScript,33020039328,36205,push,completed,success,2026-08-26T22:32:46Z,2026-08-26T22:32:46Z,2026-08-26T23:01:34Z,1728.0,ef2847599d5e39a731fb53dc2eceeb86e9749850,main,2026-08-26T22:21:55Z,76,99,1,100,4,1,0
github_actions,microsoft/TypeScript,33019436042,36203,merge_group,completed,success,2026-08-26T22:22:13Z,2026-08-26T22:22:13Z,2026-08-26T22:32:40Z,627.0,ef2847599d5e39a731fb53dc2eceeb86e9749850,gh-readonly-queue/main/pr-64039-5237ed4e20512c58100a8fb8edbb1fb33780e6f2,2026-08-26T22:21:55Z,76,99,1,100,4,1,0
github_actions,microsoft/TypeScript,33019160395,36202,pull_request,completed,failure,2026-08-26T22:18:09Z,2026-08-26T22:39:58Z,2026-08-26T23:01:19Z,1281.0,21c4bcaab191a032b5bd0d714b5dc60bd775e668,ast-use-unions,2026-08-26T22:17:59Z,25,22,17,39,3,2,1
github_actions,microsoft/TypeScript,33019160420,31507,pull_request,completed,success,2026-08-26T22:18:09Z,2026-08-26T22:39:59Z,2026-08-26T22:46:16Z,377.0,21c4bcaab191a032b5bd0d714b5dc60bd775e668,ast-use-unions,2026-08-26T22:17:59Z,25,22,17,39,3,2,0
github_actions,microsoft/TypeScript,33018887652,31506,pull_request,completed,success,2026-08-26T22:14:24Z,2026-08-26T22:14:24Z,2026-08-26T22:20:39Z,375.0,c74979c68c2aec7308c68755bb74a2c529e195cd,gabritto/issue46135,2026-08-26T22:14:15Z,10,2,4,6,1,1,0
github_actions,microsoft/TypeScript,33018887534,36201,pull_request,completed,success,2026-08-26T22:14:24Z,2026-08-26T22:14:24Z,2026-08-26T22:35:35Z,1271.0,c74979c68c2aec7308c68755bb74a2c529e195cd,gabritto/issue46135,2026-08-26T22:14:15Z,10,2,4,6,1,1,0
github_actions,microsoft/TypeScript,33018767724,31505,pull_request,completed,success,2026-08-26T22:12:47Z,2026-08-26T22:12:47Z,2026-08-26T22:19:44Z,417.0,f3d8158efd9cb02c2778d32564b7f468c25b372b,gabritto/issue46135,2026-08-26T22:12:21Z,44,149429,150,149579,117,1,0
github_actions,microsoft/TypeScript,33018767730,36200,pull_request,completed,success,2026-08-26T22:12:47Z,2026-08-26T22:12:47Z,2026-08-26T22:37:14Z,1467.0,f3d8158efd9cb02c2778d32564b7f468c25b372b,gabritto/issue46135,2026-08-26T22:12:21Z,44,149429,150,149579,117,1,0
github_actions,microsoft/TypeScript,33017812954,143,dynamic,completed,success,2026-08-26T21:59:53Z,2026-08-26T21:59:53Z,2026-08-26T22:10:20Z,627.0,4599e92ce61d4b8a7a86e2c52c72b8d3897412d7,gabritto/issue46135,2026-08-26T21:59:01Z,10,1,0,1,1,1,0
github_actions,microsoft/TypeScript,33015452868,142,dynamic,completed,success,2026-08-26T21:27:36Z,2026-08-26T21:27:36Z,2026-08-26T21:33:58Z,382.0,5237ed4e20512c58100a8fb8edbb1fb33780e6f2,main,2026-08-26T18:54:17Z,213,142,1,143,9,1,0
github_actions,microsoft/TypeScript,33012396102,183,dynamic,completed,success,2026-08-26T20:50:15Z,2026-08-26T20:50:15Z,2026-08-26T20:52:05Z,110.0,5237ed4e20512c58100a8fb8edbb1fb33780e6f2,copilot/remove-closed-bugs,2026-08-26T18:54:17Z,213,142,1,143,9,1,0
github_actions,microsoft/TypeScript,33012158357,141,dynamic,completed,success,2026-08-26T20:47:23Z,2026-08-26T20:47:23Z,2026-08-26T20:49:55Z,152.0,da6b6fabe09d43595d4b3630b34254e0486bdafa,fix-64012-2,2026-08-26T20:45:51Z,24,3,4,7,1,1,0
github_actions,microsoft/TypeScript,33012152217,31501,pull_request,completed,success,2026-08-26T20:47:19Z,2026-08-26T20:47:19Z,2026-08-26T20:53:55Z,396.0,da6b6fabe09d43595d4b3630b34254e0486bdafa,fix-64012-2,2026-08-26T20:45:51Z,24,3,4,7,1,1,0
github_actions,microsoft/TypeScript,33012152124,36196,pull_request,completed,success,2026-08-26T20:47:19Z,2026-08-26T20:47:19Z,2026-08-26T21:10:13Z,1374.0,da6b6fabe09d43595d4b3630b34254e0486bdafa,fix-64012-2,2026-08-26T20:45:51Z,24,3,4,7,1,1,0
github_actions,microsoft/TypeScript,33011296840,182,dynamic,completed,success,2026-08-26T20:36:59Z,2026-08-26T20:36:59Z,2026-08-26T21:08:05Z,1866.0,5237ed4e20512c58100a8fb8edbb1fb33780e6f2,copilot/make-use-strict-error,2026-08-26T18:54:17Z,213,142,1,143,9,1,0
github_actions,microsoft/TypeScript,33003826886,36195,pull_request,completed,success,2026-08-26T19:11:28Z,2026-08-26T19:11:28Z,2026-08-26T19:33:47Z,1339.0,a90c632e391bbac2190e25a00f656d30f106e4ca,feat/61216,2026-08-26T19:11:19Z,35,150924,74029,224953,248,1,0
github_actions,microsoft/TypeScript,33003826788,31500,pull_request,completed,success,2026-08-26T19:11:28Z,2026-08-26T19:11:28Z,2026-08-26T19:17:57Z,389.0,a90c632e391bbac2190e25a00f656d30f106e4ca,feat/61216,2026-08-26T19:11:19Z,35,150924,74029,224953,248,1,0
github_actions,microsoft/TypeScript,33003304398,36194,push,completed,failure,2026-08-26T19:05:42Z,2026-08-26T19:05:42Z,2026-08-26T19:28:19Z,1357.0,5237ed4e20512c58100a8fb8edbb1fb33780e6f2,main,2026-08-26T18:54:17Z,213,142,1,143,9,1,1
github_actions,microsoft/TypeScript,33003304404,31499,push,completed,success,2026-08-26T19:05:42Z,2026-08-26T19:05:42Z,2026-08-26T19:12:45Z,423.0,5237ed4e20512c58100a8fb8edbb1fb33780e6f2,main,2026-08-26T18:54:17Z,213,142,1,143,9,1,0
github_actions,microsoft/TypeScript,33003304621,2571,push,completed,success,2026-08-26T19:05:42Z,2026-08-26T19:05:42Z,2026-08-26T19:06:54Z,72.0,5237ed4e20512c58100a8fb8edbb1fb33780e6f2,main,2026-08-26T18:54:17Z,213,142,1,143,9,1,0
github_actions,microsoft/TypeScript,33002286919,36193,merge_group,completed,success,2026-08-26T18:54:37Z,2026-08-26T18:54:37Z,2026-08-26T19:05:21Z,644.0,5237ed4e20512c58100a8fb8edbb1fb33780e6f2,gh-readonly-queue/main/pr-63945-889659e6f314b81aaf2c03c6b310696d94fec37f,2026-08-26T18:54:17Z,213,142,1,143,9,1,0
github_actions,microsoft/TypeScript,33001378106,31498,pull_request,completed,success,2026-08-26T18:44:43Z,2026-08-26T18:44:43Z,2026-08-26T18:51:27Z,404.0,6f985e8842cc4b2f9e5215743c8ae5784ed18697,gabritto/create_program,2026-08-26T18:44:26Z,48,152521,74509,227030,300,1,0
github_actions,microsoft/TypeScript,33001378079,36192,pull_request,completed,failure,2026-08-26T18:44:43Z,2026-08-26T18:44:43Z,2026-08-26T19:07:04Z,1341.0,6f985e8842cc4b2f9e5215743c8ae5784ed18697,gabritto/create_program,2026-08-26T18:44:26Z,48,152521,74509,227030,300,1,1
github_actions,microsoft/TypeScript,33000513570,31497,pull_request,completed,success,2026-08-26T18:35:24Z,2026-08-26T18:35:24Z,2026-08-26T18:42:13Z,409.0,329a630a43fd67112bd8688213bb5d6246523466,add-getTargetSymbol,2026-08-26T18:35:12Z,8,2,0,2,1,1,0
github_actions,microsoft/TypeScript,33000513552,36191,pull_request,completed,success,2026-08-26T18:35:24Z,2026-08-26T18:35:24Z,2026-08-26T18:54:11Z,1127.0,329a630a43fd67112bd8688213bb5d6246523466,add-getTargetSymbol,2026-08-26T18:35:12Z,8,2,0,2,1,1,0
github_actions,microsoft/TypeScript,33000097488,31496,pull_request,completed,success,2026-08-26T18:30:54Z,2026-08-26T18:30:54Z,2026-08-26T18:37:17Z,383.0,576e466c316d0638c231545d4c6a1ed9d77fa935,add-getTargetSymbol,2026-08-26T18:30:48Z,44,152520,74512,227032,300,1,0
github_actions,microsoft/TypeScript,33000097491,36190,pull_request,completed,failure,2026-08-26T18:30:54Z,2026-08-26T18:30:54Z,2026-08-26T18:58:14Z,1640.0,576e466c316d0638c231545d4c6a1ed9d77fa935,add-getTargetSymbol,2026-08-26T18:30:48Z,44,152520,74512,227032,300,1,1
github_actions,microsoft/TypeScript,32998235957,36189,merge_group,completed,failure,2026-08-26T18:10:25Z,2026-08-26T18:10:25Z,2026-08-26T18:20:39Z,614.0,62a1f6c261cf3e3ac714a7934486d7cdf8f04cd1,gh-readonly-queue/main/pr-63945-889659e6f314b81aaf2c03c6b310696d94fec37f,2026-08-26T18:10:05Z,93,140,1,141,9,1,1
github_actions,microsoft/TypeScript,32996915735,31495,pull_request,completed,success,2026-08-26T17:56:26Z,2026-08-26T17:56:26Z,2026-08-26T18:03:02Z,396.0,758cceb55387fa6d33cc9dae5644e0a1440fd939,generator-sync-api-availability,2026-08-26T17:55:44Z,76,34,167,201,6,1,0
github_actions,microsoft/TypeScript,32996915014,36188,pull_request,completed,success,2026-08-26T17:56:25Z,2026-08-26T17:56:25Z,2026-08-26T18:19:41Z,1396.0,758cceb55387fa6d33cc9dae5644e0a1440fd939,generator-sync-api-availability,2026-08-26T17:55:44Z,76,34,167,201,6,1,0
github_actions,microsoft/TypeScript,32994326072,181,dynamic,completed,success,2026-08-26T17:28:16Z,2026-08-26T17:28:16Z,2026-08-26T17:35:03Z,407.0,8a6df6724a4e6aa73d80285b261bd62122aa97eb,copilot/fix-lsp-overlay-not-found,2026-08-26T17:15:25Z,122,49,8,57,2,1,0
github_actions,microsoft/TypeScript,32993104140,36187,pull_request,completed,success,2026-08-26T17:16:01Z,2026-08-26T22:39:02Z,2026-08-26T23:02:36Z,1414.0,8a6df6724a4e6aa73d80285b261bd62122aa97eb,copilot/fix-lsp-overlay-not-found,2026-08-26T17:15:25Z,122,49,8,57,2,2,0
github_actions,microsoft/TypeScript,32993104238,31494,pull_request,completed,success,2026-08-26T17:16:01Z,2026-08-26T22:39:02Z,2026-08-26T22:45:15Z,373.0,8a6df6724a4e6aa73d80285b261bd62122aa97eb,copilot/fix-lsp-overlay-not-found,2026-08-26T17:15:25Z,122,49,8,57,2,2,0
github_actions,microsoft/TypeScript,32993029297,36186,pull_request,completed,success,2026-08-26T17:15:15Z,2026-08-26T17:34:42Z,2026-08-26T17:52:22Z,1060.0,8f460ef648bf296ceec02991bf884431177afff1,copilot/fix-auto-import-prioritization,2026-08-26T17:14:17Z,123,8,6,14,1,2,0
github_actions,microsoft/TypeScript,32993029248,31493,pull_request,completed,success,2026-08-26T17:15:15Z,2026-08-26T17:34:42Z,2026-08-26T17:41:59Z,437.0,8f460ef648bf296ceec02991bf884431177afff1,copilot/fix-auto-import-prioritization,2026-08-26T17:14:17Z,123,8,6,14,1,2,0
github_actions,spring-projects/spring-boot,33171750588,4020,pull_request,completed,success,2026-08-28T12:36:07Z,2026-08-28T12:36:07Z,2026-08-28T13:38:31Z,3744.0,b1383a9944474dca7e96ed3567f4fd01e9f0a114,50862-1,2026-08-28T11:11:12Z,330,223,27,250,3,1,0
github_actions,spring-projects/spring-boot,33171751005,5388,pull_request,completed,success,2026-08-28T12:36:07Z,2026-08-28T12:36:07Z,2026-08-28T12:36:55Z,48.0,b1383a9944474dca7e96ed3567f4fd01e9f0a114,50862-1,2026-08-28T11:11:12Z,330,223,27,250,3,1,0
github_actions,spring-projects/spring-boot,33165894282,5387,pull_request,completed,success,2026-08-28T11:06:26Z,2026-08-28T11:06:26Z,2026-08-28T11:07:08Z,42.0,5726a46d7b644c2435ed17e11fff41acb851a6f2,50862,2026-08-28T11:02:23Z,330,246,38,284,5,1,0
github_actions,spring-projects/spring-boot,33165893951,4019,pull_request,completed,success,2026-08-28T11:06:26Z,2026-08-28T11:06:26Z,2026-08-28T12:14:16Z,4070.0,5726a46d7b644c2435ed17e11fff41acb851a6f2,50862,2026-08-28T11:02:23Z,330,246,38,284,5,1,0
github_actions,spring-projects/spring-boot,33152942403,5386,pull_request,completed,failure,2026-08-28T07:49:59Z,2026-08-28T07:49:59Z,2026-08-28T07:52:28Z,149.0,52b79571146457c5aa9a05eaa2d089def739c48a,upgrade-liquibase-5.0.4,2026-08-28T07:49:43Z,79,1,1,2,1,1,1
github_actions,spring-projects/spring-boot,33152941953,4018,pull_request,completed,failure,2026-08-28T07:49:58Z,2026-08-28T07:49:58Z,2026-08-28T07:52:27Z,149.0,52b79571146457c5aa9a05eaa2d089def739c48a,upgrade-liquibase-5.0.4,2026-08-28T07:49:43Z,79,1,1,2,1,1,1
github_actions,spring-projects/spring-boot,33125612658,5384,pull_request,completed,success,2026-08-27T23:15:20Z,2026-08-27T23:15:20Z,2026-08-27T23:17:05Z,105.0,23f36e2d9f32c3b3ae30ccedd2151fc2df48e52a,50862,2026-08-27T23:14:13Z,332,218,25,243,2,1,0
github_actions,spring-projects/spring-boot,33125612425,4016,pull_request,completed,failure,2026-08-27T23:15:19Z,2026-08-27T23:15:19Z,2026-08-27T23:22:27Z,428.0,23f36e2d9f32c3b3ae30ccedd2151fc2df48e52a,50862,2026-08-27T23:14:13Z,332,218,25,243,2,1,1
github_actions,spring-projects/spring-boot,33114171870,5383,pull_request,completed,success,2026-08-27T20:36:46Z,2026-08-27T20:36:46Z,2026-08-27T20:38:35Z,109.0,0d9c5c0bda7549be39728671f8827331bc78284e,Kotlin-multiplatform,2026-08-27T20:36:32Z,81,3,3,6,1,1,0
github_actions,spring-projects/spring-boot,33114171510,4015,pull_request,completed,success,2026-08-27T20:36:45Z,2026-08-27T20:36:45Z,2026-08-27T20:52:49Z,964.0,0d9c5c0bda7549be39728671f8827331bc78284e,Kotlin-multiplatform,2026-08-27T20:36:32Z,81,3,3,6,1,1,0
github_actions,spring-projects/spring-boot,33112363720,5382,pull_request,completed,success,2026-08-27T20:14:38Z,2026-08-27T20:14:38Z,2026-08-27T20:15:37Z,59.0,4efa80febff899b84c90827c11fee23b69fb4441,Kotlin-multiplatform,2026-08-27T20:14:25Z,76,471,0,471,3,1,0
github_actions,spring-projects/spring-boot,33112362460,4014,pull_request,completed,failure,2026-08-27T20:14:37Z,2026-08-27T20:14:37Z,2026-08-27T20:21:34Z,417.0,4efa80febff899b84c90827c11fee23b69fb4441,Kotlin-multiplatform,2026-08-27T20:14:25Z,76,471,0,471,3,1,1
github_actions,spring-projects/spring-boot,33111062385,5381,pull_request,completed,success,2026-08-27T19:58:48Z,2026-08-27T19:58:48Z,2026-08-27T19:59:34Z,46.0,aa5afeed4f18cbfa1521bcf10f75012e0b21f860,Kotlin-multiplatform,2026-08-27T19:58:37Z,101,470,0,470,3,1,0
github_actions,spring-projects/spring-boot,33111061553,4013,pull_request,completed,failure,2026-08-27T19:58:47Z,2026-08-27T19:58:47Z,2026-08-27T20:02:55Z,248.0,aa5afeed4f18cbfa1521bcf10f75012e0b21f860,Kotlin-multiplatform,2026-08-27T19:58:37Z,101,470,0,470,3,1,1
github_actions,spring-projects/spring-boot,33110994799,5380,pull_request,completed,success,2026-08-27T19:57:58Z,2026-08-27T19:57:58Z,2026-08-27T19:58:49Z,51.0,e427847c6c329f7f48f08edc6650c5406de8909d,Kotlin-multiplatform,2026-08-27T19:51:39Z,45,470,0,470,3,1,0
github_actions,spring-projects/spring-boot,33110994258,4012,pull_request,completed,failure,2026-08-27T19:57:58Z,2026-08-27T19:57:58Z,2026-08-27T20:01:42Z,224.0,e427847c6c329f7f48f08edc6650c5406de8909d,Kotlin-multiplatform,2026-08-27T19:51:39Z,45,470,0,470,3,1,1
github_actions,spring-projects/spring-boot,33102312250,5379,pull_request,completed,success,2026-08-27T18:12:28Z,2026-08-27T18:12:28Z,2026-08-27T18:16:40Z,252.0,d069a964f09460f8d97a30e5363dd9060f734153,gh-20791-message-source-configurer,2026-08-27T18:11:25Z,94,166,43,209,4,1,0
github_actions,spring-projects/spring-boot,33102311700,4011,pull_request,completed,success,2026-08-27T18:12:27Z,2026-08-27T18:12:27Z,2026-08-27T19:37:37Z,5110.0,d069a964f09460f8d97a30e5363dd9060f734153,gh-20791-message-source-configurer,2026-08-27T18:11:25Z,94,166,43,209,4,1,0
github_actions,spring-projects/spring-boot,33083176387,5912,workflow_dispatch,completed,success,2026-08-27T14:36:29Z,2026-08-27T14:36:29Z,2026-08-27T14:39:34Z,185.0,6c01261c5ad87a255a1c6f66b728a259f6cd9710,docs-build,2026-07-15T08:44:18Z,34,2,0,2,1,1,0
github_actions,spring-projects/spring-boot,33082197988,5911,workflow_dispatch,completed,success,2026-08-27T14:25:57Z,2026-08-27T14:25:57Z,2026-08-27T14:28:34Z,157.0,6c01261c5ad87a255a1c6f66b728a259f6cd9710,docs-build,2026-07-15T08:44:18Z,34,2,0,2,1,1,0
github_actions,spring-projects/spring-boot,33081658439,5910,workflow_dispatch,completed,success,2026-08-27T14:20:06Z,2026-08-27T14:20:06Z,2026-08-27T14:22:58Z,172.0,6c01261c5ad87a255a1c6f66b728a259f6cd9710,docs-build,2026-07-15T08:44:18Z,34,2,0,2,1,1,0
github_actions,spring-projects/spring-boot,33081447222,5909,workflow_dispatch,completed,success,2026-08-27T14:17:50Z,2026-08-27T14:17:50Z,2026-08-27T14:20:32Z,162.0,6c01261c5ad87a255a1c6f66b728a259f6cd9710,docs-build,2026-07-15T08:44:18Z,34,2,0,2,1,1,0
github_actions,spring-projects/spring-boot,33079687647,8289,push,completed,success,2026-08-27T13:58:37Z,2026-08-27T13:58:37Z,2026-08-27T14:13:01Z,864.0,4c37d1291617c58111b1f25a0ca71d7ada28737c,main,2026-08-27T13:58:10Z,217,49,0,49,3,1,0
github_actions,spring-projects/spring-boot,33079687609,7844,push,completed,success,2026-08-27T13:58:37Z,2026-08-27T13:58:37Z,2026-08-27T14:10:53Z,736.0,4c37d1291617c58111b1f25a0ca71d7ada28737c,main,2026-08-27T13:58:10Z,217,49,0,49,3,1,0
github_actions,spring-projects/spring-boot,33079688115,5378,push,completed,success,2026-08-27T13:58:37Z,2026-08-27T13:58:37Z,2026-08-27T13:59:26Z,49.0,4c37d1291617c58111b1f25a0ca71d7ada28737c,main,2026-08-27T13:58:10Z,217,49,0,49,3,1,0
github_actions,spring-projects/spring-boot,33079687868,8258,push,completed,success,2026-08-27T13:58:37Z,2026-08-27T13:58:37Z,2026-08-27T14:41:42Z,2585.0,4c37d1291617c58111b1f25a0ca71d7ada28737c,main,2026-08-27T13:58:10Z,217,49,0,49,3,1,0
github_actions,spring-projects/spring-boot,33078963393,5908,workflow_dispatch,completed,success,2026-08-27T13:50:33Z,2026-08-27T13:50:33Z,2026-08-27T13:53:09Z,156.0,6c01261c5ad87a255a1c6f66b728a259f6cd9710,docs-build,2026-07-15T08:44:18Z,34,2,0,2,1,1,0
github_actions,spring-projects/spring-boot,33078907527,5907,workflow_dispatch,completed,success,2026-08-27T13:49:57Z,2026-08-27T13:49:57Z,2026-08-27T13:52:14Z,137.0,6c01261c5ad87a255a1c6f66b728a259f6cd9710,docs-build,2026-07-15T08:44:18Z,34,2,0,2,1,1,0
github_actions,spring-projects/spring-boot,33078792584,5906,workflow_dispatch,completed,success,2026-08-27T13:48:38Z,2026-08-27T13:48:38Z,2026-08-27T13:51:22Z,164.0,6c01261c5ad87a255a1c6f66b728a259f6cd9710,docs-build,2026-07-15T08:44:18Z,34,2,0,2,1,1,0
github_actions,spring-projects/spring-boot,33078284401,5376,push,completed,success,2026-08-27T13:43:01Z,2026-08-27T13:43:01Z,2026-08-27T13:43:46Z,45.0,37a20a302b844a064abef670b0ba6a7ccda4cb7b,main,2026-08-27T13:42:31Z,37,118,2,120,2,1,0
github_actions,spring-projects/spring-boot,33078283681,8286,push,completed,success,2026-08-27T13:43:00Z,2026-08-27T13:43:00Z,2026-08-27T14:16:18Z,1998.0,b7333fa1aa6b3cd1c55d2eeeba435e4c72cf7b8e,4.1.x,2026-08-27T13:42:20Z,48,118,2,120,2,1,0
github_actions,spring-projects/spring-boot,33078283833,7842,push,completed,success,2026-08-27T13:43:00Z,2026-08-27T13:43:00Z,2026-08-27T14:00:25Z,1045.0,fb4896741cf5d0af21cd538a44f2444ba0dd801e,4.0.x,2026-08-27T13:41:51Z,141,118,2,120,2,1,0
github_actions,spring-projects/spring-boot,33078283744,8287,push,completed,success,2026-08-27T13:43:00Z,2026-08-27T13:43:00Z,2026-08-27T14:03:47Z,1247.0,fb4896741cf5d0af21cd538a44f2444ba0dd801e,4.0.x,2026-08-27T13:41:51Z,141,118,2,120,2,1,0
github_actions,spring-projects/spring-boot,33078283927,8288,push,completed,success,2026-08-27T13:43:00Z,2026-08-27T13:43:00Z,2026-08-27T14:06:27Z,1407.0,37a20a302b844a064abef670b0ba6a7ccda4cb7b,main,2026-08-27T13:42:31Z,37,118,2,120,2,1,0
github_actions,spring-projects/spring-boot,33078284026,8255,push,completed,success,2026-08-27T13:43:00Z,2026-08-27T13:43:00Z,2026-08-27T14:21:50Z,2330.0,b7333fa1aa6b3cd1c55d2eeeba435e4c72cf7b8e,4.1.x,2026-08-27T13:42:20Z,48,118,2,120,2,1,0
github_actions,spring-projects/spring-boot,33078284169,8257,push,completed,success,2026-08-27T13:43:00Z,2026-08-27T13:43:00Z,2026-08-27T14:24:28Z,2488.0,37a20a302b844a064abef670b0ba6a7ccda4cb7b,main,2026-08-27T13:42:31Z,37,118,2,120,2,1,0
github_actions,spring-projects/spring-boot,33078284030,8256,push,completed,success,2026-08-27T13:43:00Z,2026-08-27T13:43:00Z,2026-08-27T14:29:38Z,2798.0,fb4896741cf5d0af21cd538a44f2444ba0dd801e,4.0.x,2026-08-27T13:41:51Z,141,118,2,120,2,1,0
github_actions,spring-projects/spring-boot,33078283692,7841,push,completed,success,2026-08-27T13:43:00Z,2026-08-27T13:43:00Z,2026-08-27T13:54:45Z,705.0,b7333fa1aa6b3cd1c55d2eeeba435e4c72cf7b8e,4.1.x,2026-08-27T13:42:20Z,48,118,2,120,2,1,0
github_actions,spring-projects/spring-boot,33078284007,7843,push,completed,success,2026-08-27T13:43:00Z,2026-08-27T13:43:00Z,2026-08-27T13:55:16Z,736.0,37a20a302b844a064abef670b0ba6a7ccda4cb7b,main,2026-08-27T13:42:31Z,37,118,2,120,2,1,0
github_actions,spring-projects/spring-boot,33078284202,5374,push,completed,success,2026-08-27T13:43:00Z,2026-08-27T13:43:00Z,2026-08-27T13:43:46Z,46.0,b7333fa1aa6b3cd1c55d2eeeba435e4c72cf7b8e,4.1.x,2026-08-27T13:42:20Z,48,118,2,120,2,1,0
github_actions,spring-projects/spring-boot,33078284268,5375,push,completed,success,2026-08-27T13:43:00Z,2026-08-27T13:43:00Z,2026-08-27T13:43:49Z,49.0,fb4896741cf5d0af21cd538a44f2444ba0dd801e,4.0.x,2026-08-27T13:41:51Z,141,118,2,120,2,1,0
github_actions,spring-projects/spring-boot,33077793896,5373,pull_request,completed,success,2026-08-27T13:37:26Z,2026-08-27T13:37:26Z,2026-08-27T13:38:18Z,52.0,9847c9613e5d44fa2cea19273505425e2b64bab7,fix/sqlserver-docker-compose-duplicate-encrypt-parameter,2026-08-27T13:32:40Z,128,118,2,120,2,1,0
github_actions,spring-projects/spring-boot,33077793059,4009,pull_request,completed,success,2026-08-27T13:37:26Z,2026-08-27T13:37:26Z,2026-08-27T14:03:47Z,1581.0,9847c9613e5d44fa2cea19273505425e2b64bab7,fix/sqlserver-docker-compose-duplicate-encrypt-parameter,2026-08-27T13:32:40Z,128,118,2,120,2,1,0
github_actions,spring-projects/spring-boot,33077744206,5905,workflow_dispatch,completed,success,2026-08-27T13:36:52Z,2026-08-27T13:36:52Z,2026-08-27T13:39:23Z,151.0,6c01261c5ad87a255a1c6f66b728a259f6cd9710,docs-build,2026-07-15T08:44:18Z,34,2,0,2,1,1,0
github_actions,spring-projects/spring-boot,33077551482,5904,workflow_dispatch,completed,success,2026-08-27T13:34:42Z,2026-08-27T13:34:42Z,2026-08-27T13:37:07Z,145.0,6c01261c5ad87a255a1c6f66b728a259f6cd9710,docs-build,2026-07-15T08:44:18Z,34,2,0,2,1,1,0
github_actions,spring-projects/spring-boot,33077522340,5903,workflow_dispatch,completed,success,2026-08-27T13:34:23Z,2026-08-27T13:34:23Z,2026-08-27T13:37:07Z,164.0,6c01261c5ad87a255a1c6f66b728a259f6cd9710,docs-build,2026-07-15T08:44:18Z,34,2,0,2,1,1,0
github_actions,spring-projects/spring-boot,33077212350,5371,push,completed,success,2026-08-27T13:30:52Z,2026-08-27T13:30:52Z,2026-08-27T13:31:34Z,42.0,c4786891ba28da240e342cd50a90bc805b9389c0,main,2026-08-27T13:30:13Z,37,1,1,2,1,1,0
github_actions,spring-projects/spring-boot,33077212852,5372,push,completed,success,2026-08-27T13:30:52Z,2026-08-27T13:30:52Z,2026-08-27T13:31:39Z,47.0,71a51a02773da5c0710ca7c5c2f706a9734e7f0a,4.0.x,2026-08-27T13:29:29Z,149,1,1,2,1,1,0
github_actions,spring-projects/spring-boot,33077212502,8254,push,completed,success,2026-08-27T13:30:52Z,2026-08-27T13:30:52Z,2026-08-27T13:52:13Z,1281.0,71a51a02773da5c0710ca7c5c2f706a9734e7f0a,4.0.x,2026-08-27T13:29:29Z,149,1,1,2,1,1,0
github_actions,spring-projects/spring-boot,33077211838,8284,push,completed,success,2026-08-27T13:30:51Z,2026-08-27T13:30:51Z,2026-08-27T13:40:09Z,558.0,c4786891ba28da240e342cd50a90bc805b9389c0,main,2026-08-27T13:30:13Z,37,1,1,2,1,1,0
github_actions,spring-projects/spring-boot,33077211504,8283,push,completed,success,2026-08-27T13:30:51Z,2026-08-27T13:30:51Z,2026-08-27T14:01:39Z,1848.0,a16c8a2479c014ccd04e7ef5676dd15aa67564a4,4.1.x,2026-08-27T13:29:50Z,48,1,1,2,1,1,0
github_actions,spring-projects/spring-boot,33077212011,5370,push,completed,success,2026-08-27T13:30:51Z,2026-08-27T13:30:51Z,2026-08-27T13:31:39Z,48.0,a16c8a2479c014ccd04e7ef5676dd15aa67564a4,4.1.x,2026-08-27T13:29:50Z,48,1,1,2,1,1,0
github_actions,spring-projects/spring-boot,33077211852,7839,push,completed,success,2026-08-27T13:30:51Z,2026-08-27T13:30:51Z,2026-08-27T13:46:09Z,918.0,c4786891ba28da240e342cd50a90bc805b9389c0,main,2026-08-27T13:30:13Z,37,1,1,2,1,1,0
github_actions,spring-projects/spring-boot,33077212017,8252,push,completed,success,2026-08-27T13:30:51Z,2026-08-27T13:30:51Z,2026-08-27T13:55:14Z,1463.0,a16c8a2479c014ccd04e7ef5676dd15aa67564a4,4.1.x,2026-08-27T13:29:50Z,48,1,1,2,1,1,0
github_actions,spring-projects/spring-boot,33077212044,8253,push,completed,success,2026-08-27T13:30:51Z,2026-08-27T13:30:51Z,2026-08-27T13:55:10Z,1459.0,c4786891ba28da240e342cd50a90bc805b9389c0,main,2026-08-27T13:30:13Z,37,1,1,2,1,1,0
github_actions,spring-projects/spring-boot,33077212195,8285,push,completed,success,2026-08-27T13:30:51Z,2026-08-27T13:30:51Z,2026-08-27T13:42:48Z,717.0,71a51a02773da5c0710ca7c5c2f706a9734e7f0a,4.0.x,2026-08-27T13:29:29Z,149,1,1,2,1,1,0
github_actions,spring-projects/spring-boot,33077211488,7838,push,completed,success,2026-08-27T13:30:51Z,2026-08-27T13:30:51Z,2026-08-27T13:43:07Z,736.0,a16c8a2479c014ccd04e7ef5676dd15aa67564a4,4.1.x,2026-08-27T13:29:50Z,48,1,1,2,1,1,0
github_actions,spring-projects/spring-boot,33077212174,7840,push,completed,success,2026-08-27T13:30:51Z,2026-08-27T13:30:51Z,2026-08-27T13:44:51Z,840.0,71a51a02773da5c0710ca7c5c2f706a9734e7f0a,4.0.x,2026-08-27T13:29:29Z,149,1,1,2,1,1,0
github_actions,spring-projects/spring-boot,33076959434,5369,pull_request,completed,success,2026-08-27T13:27:59Z,2026-08-27T13:27:59Z,2026-08-27T13:28:51Z,52.0,0452f6d11050cbc2a40a80ff6d240e07431c9c50,dependabot/github_actions/Homebrew/actions/setup-homebrew-2026.08.24.1,2026-08-27T13:26:37Z,687,1,1,2,1,1,0
github_actions,spring-projects/spring-boot,33076958629,4008,pull_request,completed,success,2026-08-27T13:27:58Z,2026-08-27T13:27:58Z,2026-08-27T13:34:42Z,404.0,0452f6d11050cbc2a40a80ff6d240e07431c9c50,dependabot/github_actions/Homebrew/actions/setup-homebrew-2026.08.24.1,2026-08-27T13:26:37Z,687,1,1,2,1,1,0
github_actions,spring-projects/spring-boot,33076955748,5368,push,completed,success,2026-08-27T13:27:56Z,2026-08-27T13:27:56Z,2026-08-27T13:28:49Z,53.0,0452f6d11050cbc2a40a80ff6d240e07431c9c50,dependabot/github_actions/Homebrew/actions/setup-homebrew-2026.08.24.1,2026-08-27T13:26:37Z,687,1,1,2,1,1,0
github_actions,spring-projects/spring-boot,33076274218,8250,push,completed,success,2026-08-27T13:20:02Z,2026-08-27T13:20:02Z,2026-08-27T13:39:31Z,1169.0,31f7eeda682f6064d987852714b0af00da608ba4,4.0.x,2026-08-27T12:57:08Z,53,1,1,2,1,1,0
github_actions,spring-projects/spring-boot,33076274709,8251,push,completed,success,2026-08-27T13:20:02Z,2026-08-27T13:20:02Z,2026-08-27T13:40:25Z,1223.0,03de7a801bd69fb7747ce38c13577e4f0d3d3721,4.1.x,2026-08-27T13:19:24Z,48,1,1,2,1,1,0
github_actions,spring-projects/spring-boot,33076274302,8282,push,completed,failure,2026-08-27T13:20:02Z,2026-08-27T13:20:02Z,2026-08-27T13:35:44Z,942.0,03de7a801bd69fb7747ce38c13577e4f0d3d3721,4.1.x,2026-08-27T13:19:24Z,48,1,1,2,1,1,1
github_actions,spring-projects/spring-boot,33076274300,7837,push,completed,success,2026-08-27T13:20:02Z,2026-08-27T13:20:02Z,2026-08-27T13:35:23Z,921.0,03de7a801bd69fb7747ce38c13577e4f0d3d3721,4.1.x,2026-08-27T13:19:24Z,48,1,1,2,1,1,0
github_actions,spring-projects/spring-boot,33076274817,5367,push,completed,success,2026-08-27T13:20:02Z,2026-08-27T13:20:02Z,2026-08-27T13:20:49Z,47.0,03de7a801bd69fb7747ce38c13577e4f0d3d3721,4.1.x,2026-08-27T13:19:24Z,48,1,1,2,1,1,0
github_actions,spring-projects/spring-boot,33076274458,5366,push,completed,success,2026-08-27T13:20:02Z,2026-08-27T13:20:02Z,2026-08-27T13:20:49Z,47.0,31f7eeda682f6064d987852714b0af00da608ba4,4.0.x,2026-08-27T12:57:08Z,53,1,1,2,1,1,0
github_actions,spring-projects/spring-boot,33076273889,8280,push,completed,success,2026-08-27T13:20:01Z,2026-08-27T13:20:01Z,2026-08-27T13:36:42Z,1001.0,32d72335ba621acba415750528a95166762f410e,main,2026-08-27T13:19:44Z,37,1,1,2,1,1,0
github_actions,spring-projects/spring-boot,33076273991,8249,push,completed,success,2026-08-27T13:20:01Z,2026-08-27T13:20:01Z,2026-08-27T13:38:08Z,1087.0,32d72335ba621acba415750528a95166762f410e,main,2026-08-27T13:19:44Z,37,1,1,2,1,1,0
github_actions,spring-projects/spring-boot,33076273965,7836,push,completed,success,2026-08-27T13:20:01Z,2026-08-27T13:20:01Z,2026-08-27T13:35:03Z,902.0,31f7eeda682f6064d987852714b0af00da608ba4,4.0.x,2026-08-27T12:57:08Z,53,1,1,2,1,1,0
github_actions,spring-projects/spring-boot,33076273720,7835,push,completed,success,2026-08-27T13:20:01Z,2026-08-27T13:20:01Z,2026-08-27T13:34:21Z,860.0,32d72335ba621acba415750528a95166762f410e,main,2026-08-27T13:19:44Z,37,1,1,2,1,1,0
github_actions,spring-projects/spring-boot,33076274075,5365,push,completed,success,2026-08-27T13:20:01Z,2026-08-27T13:20:01Z,2026-08-27T13:20:51Z,50.0,32d72335ba621acba415750528a95166762f410e,main,2026-08-27T13:19:44Z,37,1,1,2,1,1,0
github_actions,spring-projects/spring-boot,33076273947,8281,push,completed,success,2026-08-27T13:20:01Z,2026-08-27T13:20:01Z,2026-08-27T13:42:27Z,1346.0,31f7eeda682f6064d987852714b0af00da608ba4,4.0.x,2026-08-27T12:57:08Z,53,1,1,2,1,1,0
github_actions,spring-projects/spring-boot,33063339244,5364,pull_request,completed,success,2026-08-27T10:30:33Z,2026-08-27T10:30:33Z,2026-08-27T10:31:19Z,46.0,6cf6c78d345b33f42cfe5edef787bb1f27628519,Connection-pool,2026-08-27T10:30:24Z,98,111,14,125,5,1,0
github_actions,spring-projects/spring-boot,33063338458,4007,pull_request,completed,success,2026-08-27T10:30:32Z,2026-08-27T10:30:32Z,2026-08-27T10:45:43Z,911.0,6cf6c78d345b33f42cfe5edef787bb1f27628519,Connection-pool,2026-08-27T10:30:24Z,98,111,14,125,5,1,0
github_actions,spring-projects/spring-boot,33063277565,4006,pull_request,completed,success,2026-08-27T10:29:46Z,2026-08-27T10:29:46Z,2026-08-27T10:45:03Z,917.0,3dd464a47046f68709affbc49a84b66187c2ec91,Connection-pool,2026-08-27T10:27:47Z,42,111,14,125,5,1,0
github_actions,spring-projects/spring-boot,33063278317,5363,pull_request,completed,success,2026-08-27T10:29:46Z,2026-08-27T10:29:46Z,2026-08-27T10:30:38Z,52.0,3dd464a47046f68709affbc49a84b66187c2ec91,Connection-pool,2026-08-27T10:27:47Z,42,111,14,125,5,1,0
github_actions,spring-projects/spring-boot,33055972517,5362,pull_request,completed,success,2026-08-27T08:52:35Z,2026-08-27T08:52:35Z,2026-08-27T08:53:22Z,47.0,39b965f602801b5e5788c531c5f371e59853e750,fix/sqlserver-docker-compose-duplicate-encrypt-parameter,2026-08-27T08:51:11Z,108,3,3,6,2,1,0
github_actions,spring-projects/spring-boot,33055972151,4005,pull_request,completed,success,2026-08-27T08:52:35Z,2026-08-27T08:52:35Z,2026-08-27T09:13:08Z,1233.0,39b965f602801b5e5788c531c5f371e59853e750,fix/sqlserver-docker-compose-duplicate-encrypt-parameter,2026-08-27T08:51:11Z,108,3,3,6,2,1,0
github_actions,spring-projects/spring-boot,33055458488,5361,pull_request,completed,success,2026-08-27T08:45:39Z,2026-08-27T08:45:39Z,2026-08-27T08:46:27Z,48.0,fee877529c21def8b186a84aa40f21f9e59896c8,fix/sqlserver-docker-compose-duplicate-encrypt-parameter,2026-08-27T08:45:25Z,63,3,3,6,2,1,0
github_actions,spring-projects/spring-boot,33055458019,4004,pull_request,completed,success,2026-08-27T08:45:38Z,2026-08-27T08:45:38Z,2026-08-27T09:03:05Z,1047.0,fee877529c21def8b186a84aa40f21f9e59896c8,fix/sqlserver-docker-compose-duplicate-encrypt-parameter,2026-08-27T08:45:25Z,63,3,3,6,2,1,0
github_actions,spring-projects/spring-boot,33051659750,4003,pull_request,completed,success,2026-08-27T07:54:02Z,2026-08-27T07:54:02Z,2026-08-27T08:16:47Z,1365.0,584ff1c3607ec38c06f965d2ec702a8eff411d0f,fix/sqlserver-docker-compose-duplicate-encrypt-parameter,2026-08-27T07:53:50Z,52,1,13,14,2,1,0
github_actions,spring-projects/spring-boot,33051660318,5360,pull_request,completed,success,2026-08-27T07:54:02Z,2026-08-27T07:54:02Z,2026-08-27T07:54:41Z,39.0,584ff1c3607ec38c06f965d2ec702a8eff411d0f,fix/sqlserver-docker-compose-duplicate-encrypt-parameter,2026-08-27T07:53:50Z,52,1,13,14,2,1,0
github_actions,spring-projects/spring-boot,33051333503,5902,workflow_dispatch,completed,success,2026-08-27T07:49:24Z,2026-08-27T07:49:24Z,2026-08-27T07:52:26Z,182.0,6c01261c5ad87a255a1c6f66b728a259f6cd9710,docs-build,2026-07-15T08:44:18Z,34,2,0,2,1,1,0
github_actions,spring-projects/spring-boot,33050404946,8248,push,completed,success,2026-08-27T07:36:09Z,2026-08-27T07:36:09Z,2026-08-27T07:54:09Z,1080.0,99274e3143c688f30b638fca9bc7057f37c51984,main,2026-08-27T07:32:13Z,1558,540,152,692,12,1,0
github_actions,spring-projects/spring-boot,33050405274,5359,push,completed,success,2026-08-27T07:36:09Z,2026-08-27T07:36:09Z,2026-08-27T07:37:03Z,54.0,99274e3143c688f30b638fca9bc7057f37c51984,main,2026-08-27T07:32:13Z,1558,540,152,692,12,1,0
github_actions,spring-projects/spring-boot,33050404599,8279,push,completed,success,2026-08-27T07:36:08Z,2026-08-27T07:36:08Z,2026-08-27T08:03:46Z,1658.0,99274e3143c688f30b638fca9bc7057f37c51984,main,2026-08-27T07:32:13Z,1558,540,152,692,12,1,0
github_actions,spring-projects/spring-boot,33050404658,7834,push,completed,success,2026-08-27T07:36:08Z,2026-08-27T07:36:08Z,2026-08-27T07:53:07Z,1019.0,99274e3143c688f30b638fca9bc7057f37c51984,main,2026-08-27T07:32:13Z,1558,540,152,692,12,1,0
github_actions,spring-projects/spring-boot,33046452340,5358,pull_request,completed,success,2026-08-27T06:36:01Z,2026-08-27T06:36:01Z,2026-08-27T06:36:43Z,42.0,3c64ec92e1e6064827a0b39fa2333dffda5f229f,Kafka-listener,2026-08-27T06:35:54Z,99,456,0,456,8,1,0
github_actions,spring-projects/spring-boot,33046451830,4002,pull_request,completed,failure,2026-08-27T06:36:00Z,2026-08-27T06:36:00Z,2026-08-27T06:41:07Z,307.0,3c64ec92e1e6064827a0b39fa2333dffda5f229f,Kafka-listener,2026-08-27T06:35:54Z,99,456,0,456,8,1,1
github_actions,spring-projects/spring-boot,33046418764,5356,pull_request,completed,success,2026-08-27T06:35:28Z,2026-08-27T06:35:28Z,2026-08-27T06:36:21Z,53.0,dc3781fdd431eaaa51f185f082e90d851e66e0f0,Kafka-listener,2026-08-27T06:33:40Z,43,456,0,456,8,1,0
github_actions,spring-projects/spring-boot,33046418416,4000,pull_request,completed,failure,2026-08-27T06:35:27Z,2026-08-27T06:35:27Z,2026-08-27T06:41:39Z,372.0,dc3781fdd431eaaa51f185f082e90d851e66e0f0,Kafka-listener,2026-08-27T06:33:40Z,43,456,0,456,8,1,1
github_actions,spring-projects/spring-boot,33037893836,5354,pull_request,completed,success,2026-08-27T03:56:59Z,2026-08-27T03:56:59Z,2026-08-27T03:58:26Z,87.0,a9f68ef26404ae17a969ffadeaadb7cbbc7b40a2,fix/sqlserver-docker-compose-duplicate-encrypt-parameter,2026-08-27T03:56:47Z,285,2,1,3,1,1,0
github_actions,spring-projects/spring-boot,33037893465,3998,pull_request,completed,success,2026-08-27T03:56:58Z,2026-08-27T03:56:58Z,2026-08-27T04:38:54Z,2516.0,a9f68ef26404ae17a969ffadeaadb7cbbc7b40a2,fix/sqlserver-docker-compose-duplicate-encrypt-parameter,2026-08-27T03:56:47Z,285,2,1,3,1,1,0
github_actions,spring-projects/spring-boot,33036984598,5353,pull_request,completed,success,2026-08-27T03:38:47Z,2026-08-27T03:38:47Z,2026-08-27T03:39:45Z,58.0,9af4a145c7378ecd36b64483279393efa4c3e33f,fix/sqlserver-docker-compose-duplicate-encrypt-parameter,2026-08-27T03:36:17Z,1171,128,1,129,2,1,0
github_actions,spring-projects/spring-boot,33036984387,3997,pull_request,completed,failure,2026-08-27T03:38:47Z,2026-08-27T03:38:47Z,2026-08-27T03:48:49Z,602.0,9af4a145c7378ecd36b64483279393efa4c3e33f,fix/sqlserver-docker-compose-duplicate-encrypt-parameter,2026-08-27T03:36:17Z,1171,128,1,129,2,1,1
github_actions,spring-projects/spring-boot,33017720846,5901,workflow_dispatch,completed,success,2026-08-26T21:58:30Z,2026-08-26T21:58:30Z,2026-08-26T22:01:13Z,163.0,6c01261c5ad87a255a1c6f66b728a259f6cd9710,docs-build,2026-07-15T08:44:18Z,34,2,0,2,1,1,0
github_actions,spring-projects/spring-boot,33017705941,5900,workflow_dispatch,completed,success,2026-08-26T21:58:17Z,2026-08-26T21:58:17Z,2026-08-26T22:00:25Z,128.0,6c01261c5ad87a255a1c6f66b728a259f6cd9710,docs-build,2026-07-15T08:44:18Z,34,2,0,2,1,1,0
github_actions,spring-projects/spring-boot,33017680662,5899,workflow_dispatch,completed,success,2026-08-26T21:57:57Z,2026-08-26T21:57:57Z,2026-08-26T22:00:25Z,148.0,6c01261c5ad87a255a1c6f66b728a259f6cd9710,docs-build,2026-07-15T08:44:18Z,34,2,0,2,1,1,0
github_actions,spring-projects/spring-boot,33016437768,8276,push,completed,success,2026-08-26T21:40:15Z,2026-08-26T21:40:15Z,2026-08-26T22:17:44Z,2249.0,8b35236d927676af4e1a3888374dd4ec22197f58,main,2026-08-26T21:40:02Z,20,18,267,285,2,1,0
github_actions,spring-projects/spring-boot,33016437810,8277,push,completed,success,2026-08-26T21:40:15Z,2026-08-26T21:40:15Z,2026-08-26T22:16:51Z,2196.0,9c8bf507d4cee3018a0d8c63c63379e87c97f7da,4.0.x,2026-08-26T21:03:44Z,35,6,245,251,2,1,0
github_actions,spring-projects/spring-boot,33016437794,7832,push,completed,success,2026-08-26T21:40:15Z,2026-08-26T21:40:15Z,2026-08-26T21:54:32Z,857.0,9c8bf507d4cee3018a0d8c63c63379e87c97f7da,4.0.x,2026-08-26T21:03:44Z,35,6,245,251,2,1,0
github_actions,spring-projects/spring-boot,33016437849,7833,push,completed,success,2026-08-26T21:40:15Z,2026-08-26T21:40:15Z,2026-08-26T21:54:51Z,876.0,a63e99407e36a61bc277a561270849269cc5a302,4.1.x,2026-08-26T21:08:23Z,31,18,265,283,2,1,0
github_actions,spring-projects/spring-boot,33016437780,7831,push,completed,success,2026-08-26T21:40:15Z,2026-08-26T21:40:15Z,2026-08-26T21:56:00Z,945.0,8b35236d927676af4e1a3888374dd4ec22197f58,main,2026-08-26T21:40:02Z,20,18,267,285,2,1,0
github_actions,spring-projects/spring-boot,33016438176,5350,push,completed,success,2026-08-26T21:40:15Z,2026-08-26T21:40:15Z,2026-08-26T21:40:59Z,44.0,9c8bf507d4cee3018a0d8c63c63379e87c97f7da,4.0.x,2026-08-26T21:03:44Z,35,6,245,251,2,1,0
github_actions,spring-projects/spring-boot,33016438204,5351,push,completed,success,2026-08-26T21:40:15Z,2026-08-26T21:40:15Z,2026-08-26T21:41:00Z,45.0,8b35236d927676af4e1a3888374dd4ec22197f58,main,2026-08-26T21:40:02Z,20,18,267,285,2,1,0
github_actions,spring-projects/spring-boot,33016438206,5352,push,completed,success,2026-08-26T21:40:15Z,2026-08-26T21:40:15Z,2026-08-26T21:41:01Z,46.0,a63e99407e36a61bc277a561270849269cc5a302,4.1.x,2026-08-26T21:08:23Z,31,18,265,283,2,1,0
github_actions,spring-projects/spring-boot,33016438060,8247,push,completed,success,2026-08-26T21:40:15Z,2026-08-26T21:40:15Z,2026-08-26T22:01:34Z,1279.0,a63e99407e36a61bc277a561270849269cc5a302,4.1.x,2026-08-26T21:08:23Z,31,18,265,283,2,1,0
github_actions,spring-projects/spring-boot,33016437822,8278,push,completed,success,2026-08-26T21:40:15Z,2026-08-26T21:40:15Z,2026-08-26T22:58:40Z,4705.0,a63e99407e36a61bc277a561270849269cc5a302,4.1.x,2026-08-26T21:08:23Z,31,18,265,283,2,1,0
github_actions,spring-projects/spring-boot,33016437976,8245,push,completed,success,2026-08-26T21:40:15Z,2026-08-26T21:40:15Z,2026-08-26T22:02:12Z,1317.0,9c8bf507d4cee3018a0d8c63c63379e87c97f7da,4.0.x,2026-08-26T21:03:44Z,35,6,245,251,2,1,0
github_actions,spring-projects/spring-boot,33016438031,8246,push,completed,success,2026-08-26T21:40:15Z,2026-08-26T21:40:15Z,2026-08-26T22:03:31Z,1396.0,8b35236d927676af4e1a3888374dd4ec22197f58,main,2026-08-26T21:40:02Z,20,18,267,285,2,1,0
github_actions,spring-projects/spring-boot,33009452119,3996,pull_request,completed,success,2026-08-26T20:15:08Z,2026-08-26T20:15:08Z,2026-08-26T20:41:13Z,1565.0,40e4e8389f86b4f6183a72153cd8a2c8f0c9a62d,fix-51367-war-provided-libs,2026-08-26T20:14:51Z,929,106,8,114,6,1,0
github_actions,spring-projects/spring-boot,33009452607,5349,pull_request,completed,success,2026-08-26T20:15:08Z,2026-08-26T20:15:08Z,2026-08-26T20:15:51Z,43.0,40e4e8389f86b4f6183a72153cd8a2c8f0c9a62d,fix-51367-war-provided-libs,2026-08-26T20:14:51Z,929,106,8,114,6,1,0
github_actions,spring-projects/spring-boot,33003695821,5898,workflow_dispatch,completed,success,2026-08-26T19:10:01Z,2026-08-26T19:10:01Z,2026-08-26T19:12:49Z,168.0,6c01261c5ad87a255a1c6f66b728a259f6cd9710,docs-build,2026-07-15T08:44:18Z,34,2,0,2,1,1,0
github_actions,spring-projects/spring-boot,33000584180,5897,workflow_dispatch,completed,success,2026-08-26T18:36:10Z,2026-08-26T18:36:10Z,2026-08-26T18:40:19Z,249.0,6c01261c5ad87a255a1c6f66b728a259f6cd9710,docs-build,2026-07-15T08:44:18Z,34,2,0,2,1,1,0
github_actions,spring-projects/spring-boot,32999979903,5896,workflow_dispatch,completed,success,2026-08-26T18:29:40Z,2026-08-26T18:29:40Z,2026-08-26T18:32:26Z,166.0,6c01261c5ad87a255a1c6f66b728a259f6cd9710,docs-build,2026-07-15T08:44:18Z,34,2,0,2,1,1,0
github_actions,spring-projects/spring-boot,32999781052,5895,workflow_dispatch,completed,success,2026-08-26T18:27:23Z,2026-08-26T18:27:23Z,2026-08-26T18:30:20Z,177.0,6c01261c5ad87a255a1c6f66b728a259f6cd9710,docs-build,2026-07-15T08:44:18Z,34,2,0,2,1,1,0
github_actions,spring-projects/spring-boot,32998318482,5348,push,completed,success,2026-08-26T18:11:19Z,2026-08-26T18:11:19Z,2026-08-26T18:16:57Z,338.0,293c56bf5242a4cef40638089cfea5cc269cd181,main,2026-08-26T18:11:03Z,20,11,11,22,1,1,0
github_actions,spring-projects/spring-boot,32998317864,8244,push,completed,success,2026-08-26T18:11:18Z,2026-08-26T18:11:18Z,2026-08-26T18:34:25Z,1387.0,293c56bf5242a4cef40638089cfea5cc269cd181,main,2026-08-26T18:11:03Z,20,11,11,22,1,1,0
github_actions,spring-projects/spring-boot,32998315371,5347,push,completed,success,2026-08-26T18:11:17Z,2026-08-26T18:11:17Z,2026-08-26T18:16:25Z,308.0,25194625b545930ce0d955bd3e920af0beb034be,4.1.x,2026-08-26T18:09:18Z,31,11,11,22,1,1,0
github_actions,spring-projects/spring-boot,32998315196,8275,push,completed,success,2026-08-26T18:11:17Z,2026-08-26T18:11:17Z,2026-08-26T18:48:14Z,2217.0,293c56bf5242a4cef40638089cfea5cc269cd181,main,2026-08-26T18:11:03Z,20,11,11,22,1,1,0
github_actions,spring-projects/spring-boot,32998315403,7830,push,completed,success,2026-08-26T18:11:17Z,2026-08-26T18:11:17Z,2026-08-26T18:28:09Z,1012.0,293c56bf5242a4cef40638089cfea5cc269cd181,main,2026-08-26T18:11:03Z,20,11,11,22,1,1,0
github_actions,spring-projects/spring-boot,32998314911,5346,push,completed,success,2026-08-26T18:11:16Z,2026-08-26T18:11:16Z,2026-08-26T18:15:49Z,273.0,fd0f76304c8b33c080d57041a0ec66ff1e9ebce5,4.0.x,2026-08-26T18:03:23Z,52,9,9,18,1,1,0
github_actions,spring-projects/spring-boot,32998314626,8242,push,completed,success,2026-08-26T18:11:16Z,2026-08-26T18:11:16Z,2026-08-26T19:14:07Z,3771.0,fd0f76304c8b33c080d57041a0ec66ff1e9ebce5,4.0.x,2026-08-26T18:03:23Z,52,9,9,18,1,1,0
github_actions,spring-projects/spring-boot,32998314218,8273,push,completed,success,2026-08-26T18:11:16Z,2026-08-26T18:11:16Z,2026-08-26T18:53:54Z,2558.0,fd0f76304c8b33c080d57041a0ec66ff1e9ebce5,4.0.x,2026-08-26T18:03:23Z,52,9,9,18,1,1,0
github_actions,spring-projects/spring-boot,32998315113,8243,push,completed,success,2026-08-26T18:11:16Z,2026-08-26T18:11:16Z,2026-08-26T18:32:28Z,1272.0,25194625b545930ce0d955bd3e920af0beb034be,4.1.x,2026-08-26T18:09:18Z,31,11,11,22,1,1,0
github_actions,spring-projects/spring-boot,32998314833,8274,push,completed,success,2026-08-26T18:11:16Z,2026-08-26T18:11:16Z,2026-08-26T18:33:34Z,1338.0,25194625b545930ce0d955bd3e920af0beb034be,4.1.x,2026-08-26T18:09:18Z,31,11,11,22,1,1,0
github_actions,spring-projects/spring-boot,32998314839,7829,push,completed,success,2026-08-26T18:11:16Z,2026-08-26T18:11:16Z,2026-08-26T18:28:23Z,1027.0,25194625b545930ce0d955bd3e920af0beb034be,4.1.x,2026-08-26T18:09:18Z,31,11,11,22,1,1,0
github_actions,spring-projects/spring-boot,32998314293,7828,push,completed,success,2026-08-26T18:11:16Z,2026-08-26T18:11:16Z,2026-08-26T18:29:56Z,1120.0,fd0f76304c8b33c080d57041a0ec66ff1e9ebce5,4.0.x,2026-08-26T18:03:23Z,52,9,9,18,1,1,0
github_actions,spring-projects/spring-boot,32997356552,5894,workflow_dispatch,completed,success,2026-08-26T18:01:02Z,2026-08-26T18:01:02Z,2026-08-26T18:03:51Z,169.0,6c01261c5ad87a255a1c6f66b728a259f6cd9710,docs-build,2026-07-15T08:44:18Z,34,2,0,2,1,1,0
github_actions,spring-projects/spring-boot,32997333556,5893,workflow_dispatch,completed,success,2026-08-26T18:00:47Z,2026-08-26T18:00:47Z,2026-08-26T18:03:47Z,180.0,6c01261c5ad87a255a1c6f66b728a259f6cd9710,docs-build,2026-07-15T08:44:18Z,34,2,0,2,1,1,0
github_actions,spring-projects/spring-boot,32996236248,8241,push,completed,success,2026-08-26T17:48:49Z,2026-08-26T17:48:49Z,2026-08-26T18:06:55Z,1086.0,4cdd2015e719f3881f0c49ddbb2be9490f631713,4.1.x,2026-08-26T17:45:35Z,31,71,71,142,5,1,0
github_actions,spring-projects/spring-boot,32996236304,8272,push,completed,success,2026-08-26T17:48:49Z,2026-08-26T17:48:49Z,2026-08-26T18:16:19Z,1650.0,4cdd2015e719f3881f0c49ddbb2be9490f631713,4.1.x,2026-08-26T17:45:35Z,31,71,71,142,5,1,0
github_actions,spring-projects/spring-boot,32996236568,5345,push,completed,success,2026-08-26T17:48:49Z,2026-08-26T17:48:49Z,2026-08-26T17:49:43Z,54.0,4cdd2015e719f3881f0c49ddbb2be9490f631713,4.1.x,2026-08-26T17:45:35Z,31,71,71,142,5,1,0
github_actions,spring-projects/spring-boot,32996235005,7825,push,completed,success,2026-08-26T17:48:48Z,2026-08-26T17:48:48Z,2026-08-26T18:00:50Z,722.0,a1cc95e8a6b2119a2826ea2bc2bd91ac6bd40a5d,4.0.x,2026-08-26T17:39:28Z,75,67,67,134,5,1,0
github_actions,spring-projects/spring-boot,32996235136,7826,push,completed,success,2026-08-26T17:48:48Z,2026-08-26T17:48:48Z,2026-08-26T18:02:29Z,821.0,ffd91904092116b8d60747596afbe39de89cc7b1,main,2026-08-26T17:48:37Z,20,73,73,146,5,1,0
github_actions,spring-projects/spring-boot,32996235984,7827,push,completed,success,2026-08-26T17:48:48Z,2026-08-26T17:48:48Z,2026-08-26T18:05:06Z,978.0,4cdd2015e719f3881f0c49ddbb2be9490f631713,4.1.x,2026-08-26T17:45:35Z,31,71,71,142,5,1,0
github_actions,spring-projects/spring-boot,32996235759,8240,push,completed,success,2026-08-26T17:48:48Z,2026-08-26T17:48:48Z,2026-08-26T18:06:02Z,1034.0,ffd91904092116b8d60747596afbe39de89cc7b1,main,2026-08-26T17:48:37Z,20,73,73,146,5,1,0
github_actions,spring-projects/spring-boot,32996235284,8271,push,completed,success,2026-08-26T17:48:48Z,2026-08-26T17:48:48Z,2026-08-26T18:21:04Z,1936.0,ffd91904092116b8d60747596afbe39de89cc7b1,main,2026-08-26T17:48:37Z,20,73,73,146,5,1,0
github_actions,spring-projects/spring-boot,32996235191,8239,push,completed,success,2026-08-26T17:48:48Z,2026-08-26T17:48:48Z,2026-08-26T18:40:51Z,3123.0,a1cc95e8a6b2119a2826ea2bc2bd91ac6bd40a5d,4.0.x,2026-08-26T17:39:28Z,75,67,67,134,5,1,0
github_actions,spring-projects/spring-boot,32996235046,8270,push,completed,success,2026-08-26T17:48:48Z,2026-08-26T17:48:48Z,2026-08-26T18:42:28Z,3220.0,a1cc95e8a6b2119a2826ea2bc2bd91ac6bd40a5d,4.0.x,2026-08-26T17:39:28Z,75,67,67,134,5,1,0
github_actions,spring-projects/spring-boot,32996235395,5343,push,completed,success,2026-08-26T17:48:48Z,2026-08-26T17:48:48Z,2026-08-26T17:49:36Z,48.0,a1cc95e8a6b2119a2826ea2bc2bd91ac6bd40a5d,4.0.x,2026-08-26T17:39:28Z,75,67,67,134,5,1,0
github_actions,spring-projects/spring-boot,32996236126,5344,push,completed,success,2026-08-26T17:48:48Z,2026-08-26T17:48:48Z,2026-08-26T17:49:33Z,45.0,ffd91904092116b8d60747596afbe39de89cc7b1,main,2026-08-26T17:48:37Z,20,73,73,146,5,1,0
github_actions,spring-projects/spring-boot,32975623001,3995,pull_request,completed,success,2026-08-26T13:40:41Z,2026-08-26T13:40:41Z,2026-08-26T14:14:42Z,2041.0,70904f79f282b611bc33e5c6c03153fd6f692320,fix/processrunner-reader-latch-destroy,2026-08-26T13:40:31Z,205,37,34,71,1,1,0
github_actions,spring-projects/spring-boot,32975623873,5342,pull_request,completed,success,2026-08-26T13:40:41Z,2026-08-26T13:40:41Z,2026-08-26T13:41:29Z,48.0,70904f79f282b611bc33e5c6c03153fd6f692320,fix/processrunner-reader-latch-destroy,2026-08-26T13:40:31Z,205,37,34,71,1,1,0
github_actions,spring-projects/spring-boot,32965093063,5341,pull_request,completed,success,2026-08-26T11:47:07Z,2026-08-26T11:47:07Z,2026-08-26T11:47:51Z,44.0,14924076033066e3ce695a1a1a2973ebf1971a26,gh-51146-tomcat-customization-init,2026-08-26T11:33:00Z,837,45,10,55,2,1,0
github_actions,spring-projects/spring-boot,32965092577,3994,pull_request,completed,success,2026-08-26T11:47:07Z,2026-08-26T11:47:07Z,2026-08-26T12:05:35Z,1108.0,14924076033066e3ce695a1a1a2973ebf1971a26,gh-51146-tomcat-customization-init,2026-08-26T11:33:00Z,837,45,10,55,2,1,0
github_actions,spring-projects/spring-boot,32956679105,5892,workflow_dispatch,completed,success,2026-08-26T10:08:07Z,2026-08-26T10:08:07Z,2026-08-26T10:10:38Z,151.0,6c01261c5ad87a255a1c6f66b728a259f6cd9710,docs-build,2026-07-15T08:44:18Z,34,2,0,2,1,1,0
github_actions,spring-projects/spring-boot,32955630125,8269,push,completed,success,2026-08-26T09:56:14Z,2026-08-26T09:56:14Z,2026-08-26T10:28:39Z,1945.0,4a3cad79831b63902ec8e349ef43484bd28bf29f,main,2026-08-26T09:53:08Z,111,148,0,148,12,1,0
github_actions,spring-projects/spring-boot,32955630143,7824,push,completed,success,2026-08-26T09:56:14Z,2026-08-26T09:56:14Z,2026-08-26T10:08:46Z,752.0,4a3cad79831b63902ec8e349ef43484bd28bf29f,main,2026-08-26T09:53:08Z,111,148,0,148,12,1,0
github_actions,spring-projects/spring-boot,32955630380,8238,push,completed,success,2026-08-26T09:56:14Z,2026-08-26T09:56:14Z,2026-08-26T10:12:34Z,980.0,4a3cad79831b63902ec8e349ef43484bd28bf29f,main,2026-08-26T09:53:08Z,111,148,0,148,12,1,0
github_actions,spring-projects/spring-boot,32955630484,5338,push,completed,success,2026-08-26T09:56:14Z,2026-08-26T09:56:14Z,2026-08-26T09:57:06Z,52.0,4a3cad79831b63902ec8e349ef43484bd28bf29f,main,2026-08-26T09:53:08Z,111,148,0,148,12,1,0
github_actions,spring-projects/spring-boot,32951588178,5891,workflow_dispatch,completed,success,2026-08-26T09:10:29Z,2026-08-26T09:10:29Z,2026-08-26T09:14:35Z,246.0,6c01261c5ad87a255a1c6f66b728a259f6cd9710,docs-build,2026-07-15T08:44:18Z,34,2,0,2,1,1,0
github_actions,spring-projects/spring-boot,32950571624,5336,push,completed,success,2026-08-26T08:59:01Z,2026-08-26T08:59:01Z,2026-08-26T08:59:55Z,54.0,f92cf3155e3ffb4fbcdc37f124c0955eb07dc5f6,main,2026-08-26T08:58:49Z,181,1153,9,1162,19,1,0
github_actions,spring-projects/spring-boot,32950570812,8268,push,completed,success,2026-08-26T08:59:01Z,2026-08-26T08:59:01Z,2026-08-26T09:35:21Z,2180.0,f92cf3155e3ffb4fbcdc37f124c0955eb07dc5f6,main,2026-08-26T08:58:49Z,181,1153,9,1162,19,1,0
github_actions,spring-projects/spring-boot,32950570882,7823,push,completed,success,2026-08-26T08:59:01Z,2026-08-26T08:59:01Z,2026-08-26T09:11:22Z,741.0,f92cf3155e3ffb4fbcdc37f124c0955eb07dc5f6,main,2026-08-26T08:58:49Z,181,1153,9,1162,19,1,0
github_actions,spring-projects/spring-boot,32950571117,8237,push,completed,success,2026-08-26T08:59:01Z,2026-08-26T08:59:01Z,2026-08-26T09:14:54Z,953.0,f92cf3155e3ffb4fbcdc37f124c0955eb07dc5f6,main,2026-08-26T08:58:49Z,181,1153,9,1162,19,1,0
github_actions,spring-projects/spring-boot,32949217516,3989,pull_request,completed,success,2026-08-26T08:43:21Z,2026-08-26T12:34:18Z,2026-08-26T12:44:11Z,593.0,1fe79f9b8a4ca0729031eeb3214340d305153575,codex/ldap-authentication-operation-types,2026-08-26T08:42:31Z,112,50,0,50,3,2,0
github_actions,spring-projects/spring-boot,32949217975,5334,pull_request,completed,success,2026-08-26T08:43:21Z,2026-08-26T12:34:18Z,2026-08-26T12:35:16Z,58.0,1fe79f9b8a4ca0729031eeb3214340d305153575,codex/ldap-authentication-operation-types,2026-08-26T08:42:31Z,112,50,0,50,3,2,0
github_actions,spring-projects/spring-boot,32948127875,5333,pull_request,completed,success,2026-08-26T08:30:45Z,2026-08-26T08:31:14Z,2026-08-26T08:32:11Z,57.0,cd7d5f89f24f447214c9fa49d6e5e25276c38486,ldap-ssl-bundle-support,2026-08-26T08:24:53Z,1350,1071,104,1175,19,2,0
github_actions,spring-projects/spring-boot,32948126899,3988,pull_request,completed,success,2026-08-26T08:30:44Z,2026-08-26T08:31:14Z,2026-08-26T08:39:58Z,524.0,cd7d5f89f24f447214c9fa49d6e5e25276c38486,ldap-ssl-bundle-support,2026-08-26T08:24:53Z,1350,1071,104,1175,19,2,0
github_actions,spring-projects/spring-boot,32944151572,5332,pull_request,completed,success,2026-08-26T07:43:25Z,2026-08-26T07:43:25Z,2026-08-26T07:45:22Z,117.0,1c1b4945ce59c8d37fba405faa6bd7d69c09de82,LDAP,2026-08-26T07:43:18Z,117,49,0,49,3,1,0
github_actions,spring-projects/spring-boot,32944151034,3987,pull_request,completed,failure,2026-08-26T07:43:25Z,2026-08-26T07:43:25Z,2026-08-26T07:46:43Z,198.0,1c1b4945ce59c8d37fba405faa6bd7d69c09de82,LDAP,2026-08-26T07:43:18Z,117,49,0,49,3,1,1
github_actions,spring-projects/spring-boot,32944103565,5331,pull_request,completed,success,2026-08-26T07:42:51Z,2026-08-26T07:42:51Z,2026-08-26T07:45:00Z,129.0,0e0746d4f363a93a684eb00571554667229820ce,LDAP,2026-08-26T07:39:47Z,61,49,0,49,3,1,0
github_actions,spring-projects/spring-boot,32944102695,3986,pull_request,completed,failure,2026-08-26T07:42:50Z,2026-08-26T07:42:50Z,2026-08-26T07:53:32Z,642.0,0e0746d4f363a93a684eb00571554667229820ce,LDAP,2026-08-26T07:39:47Z,61,49,0,49,3,1,1
github_actions,spring-projects/spring-boot,32924509218,5890,workflow_dispatch,completed,success,2026-08-26T02:55:22Z,2026-08-26T02:55:22Z,2026-08-26T02:58:06Z,164.0,6c01261c5ad87a255a1c6f66b728a259f6cd9710,docs-build,2026-07-15T08:44:18Z,34,2,0,2,1,1,0
github_actions,spring-projects/spring-boot,32922242042,5889,workflow_dispatch,completed,success,2026-08-26T02:18:37Z,2026-08-26T02:18:37Z,2026-08-26T02:21:26Z,169.0,6c01261c5ad87a255a1c6f66b728a259f6cd9710,docs-build,2026-07-15T08:44:18Z,34,2,0,2,1,1,0
github_actions,spring-projects/spring-boot,32922225043,5888,workflow_dispatch,completed,success,2026-08-26T02:18:20Z,2026-08-26T02:18:20Z,2026-08-26T02:21:11Z,171.0,6c01261c5ad87a255a1c6f66b728a259f6cd9710,docs-build,2026-07-15T08:44:18Z,34,2,0,2,1,1,0
github_actions,spring-projects/spring-boot,32920718562,5329,push,completed,success,2026-08-26T01:54:26Z,2026-08-26T01:54:26Z,2026-08-26T01:57:07Z,161.0,9d617d0cae1da8fd74ac72a754651f0955327810,4.1.x,2026-08-26T01:54:05Z,48,356,17,373,9,1,0
github_actions,spring-projects/spring-boot,32920718555,5330,push,completed,success,2026-08-26T01:54:26Z,2026-08-26T01:54:26Z,2026-08-26T01:56:23Z,117.0,862b763d004b1f8501fb3336552bdff3f5c0cdf7,main,2026-08-26T01:54:13Z,37,356,17,373,9,1,0
github_actions,spring-projects/spring-boot,32920718290,5328,push,completed,success,2026-08-26T01:54:26Z,2026-08-26T01:54:26Z,2026-08-26T01:56:06Z,100.0,b41cff1ab5a0a53331d18941657963dfe0d82406,4.0.x,2026-08-26T01:53:55Z,218,356,17,373,9,1,0
github_actions,spring-projects/spring-boot,32920718195,8266,push,completed,success,2026-08-26T01:54:26Z,2026-08-26T01:54:26Z,2026-08-26T02:41:12Z,2806.0,9d617d0cae1da8fd74ac72a754651f0955327810,4.1.x,2026-08-26T01:54:05Z,48,356,17,373,9,1,0
github_actions,spring-projects/spring-boot,32920718191,8234,push,completed,success,2026-08-26T01:54:26Z,2026-08-26T01:54:26Z,2026-08-26T02:58:24Z,3838.0,b41cff1ab5a0a53331d18941657963dfe0d82406,4.0.x,2026-08-26T01:53:55Z,218,356,17,373,9,1,0
github_actions,spring-projects/spring-boot,32920718337,8267,push,completed,success,2026-08-26T01:54:26Z,2026-08-26T01:54:26Z,2026-08-26T02:59:06Z,3880.0,862b763d004b1f8501fb3336552bdff3f5c0cdf7,main,2026-08-26T01:54:13Z,37,356,17,373,9,1,0
github_actions,spring-projects/spring-boot,32920718408,8235,push,completed,success,2026-08-26T01:54:26Z,2026-08-26T01:54:26Z,2026-08-26T02:22:28Z,1682.0,9d617d0cae1da8fd74ac72a754651f0955327810,4.1.x,2026-08-26T01:54:05Z,48,356,17,373,9,1,0
github_actions,spring-projects/spring-boot,32920718416,8236,push,completed,success,2026-08-26T01:54:26Z,2026-08-26T01:54:26Z,2026-08-26T02:23:35Z,1749.0,862b763d004b1f8501fb3336552bdff3f5c0cdf7,main,2026-08-26T01:54:13Z,37,356,17,373,9,1,0
github_actions,spring-projects/spring-boot,32920718192,7822,push,completed,success,2026-08-26T01:54:26Z,2026-08-26T01:54:26Z,2026-08-26T02:08:23Z,837.0,9d617d0cae1da8fd74ac72a754651f0955327810,4.1.x,2026-08-26T01:54:05Z,48,356,17,373,9,1,0
github_actions,spring-projects/spring-boot,32920718179,7821,push,completed,success,2026-08-26T01:54:26Z,2026-08-26T01:54:26Z,2026-08-26T02:08:48Z,862.0,862b763d004b1f8501fb3336552bdff3f5c0cdf7,main,2026-08-26T01:54:13Z,37,356,17,373,9,1,0
github_actions,spring-projects/spring-boot,32920717998,7820,push,completed,success,2026-08-26T01:54:25Z,2026-08-26T01:54:25Z,2026-08-26T02:08:58Z,873.0,b41cff1ab5a0a53331d18941657963dfe0d82406,4.0.x,2026-08-26T01:53:55Z,218,356,17,373,9,1,0
github_actions,spring-projects/spring-boot,32920718032,8265,push,completed,failure,2026-08-26T01:54:25Z,2026-08-26T01:54:25Z,2026-08-26T07:57:03Z,21758.0,b41cff1ab5a0a53331d18941657963dfe0d82406,4.0.x,2026-08-26T01:53:55Z,218,356,17,373,9,1,1
github_actions,spring-projects/spring-boot,32920678954,5327,pull_request,completed,success,2026-08-26T01:53:47Z,2026-08-26T01:53:47Z,2026-08-26T01:54:32Z,45.0,fa163d4f2d840d690487e144bec8b13690933f13,gh-51146-tomcat-customization-reload,2026-08-26T01:53:05Z,87,12,13,25,1,1,0
github_actions,spring-projects/spring-boot,32920678581,3985,pull_request,completed,success,2026-08-26T01:53:47Z,2026-08-26T01:53:47Z,2026-08-26T02:49:18Z,3331.0,fa163d4f2d840d690487e144bec8b13690933f13,gh-51146-tomcat-customization-reload,2026-08-26T01:53:05Z,87,12,13,25,1,1,0
github_actions,spring-projects/spring-boot,32911119821,5887,workflow_dispatch,completed,success,2026-08-25T23:31:07Z,2026-08-25T23:31:07Z,2026-08-25T23:34:02Z,175.0,6c01261c5ad87a255a1c6f66b728a259f6cd9710,docs-build,2026-07-15T08:44:18Z,34,2,0,2,1,1,0
github_actions,spring-projects/spring-boot,32908862399,5886,workflow_dispatch,completed,success,2026-08-25T23:01:10Z,2026-08-25T23:01:10Z,2026-08-25T23:10:15Z,545.0,6c01261c5ad87a255a1c6f66b728a259f6cd9710,docs-build,2026-07-15T08:44:18Z,34,2,0,2,1,1,0
github_actions,spring-projects/spring-boot,32906371247,5885,workflow_dispatch,completed,success,2026-08-25T22:29:14Z,2026-08-25T22:29:14Z,2026-08-25T22:33:22Z,248.0,6c01261c5ad87a255a1c6f66b728a259f6cd9710,docs-build,2026-07-15T08:44:18Z,34,2,0,2,1,1,0
github_actions,spring-projects/spring-boot,32904346714,5325,push,completed,success,2026-08-25T22:04:31Z,2026-08-25T22:04:31Z,2026-08-25T22:06:13Z,102.0,066f11df0b57c914b93504a90b087da0a75a120a,main,2026-08-25T22:02:54Z,20,2,1,3,1,1,0
github_actions,spring-projects/spring-boot,32904347676,5326,push,completed,success,2026-08-25T22:04:31Z,2026-08-25T22:04:31Z,2026-08-25T22:09:48Z,317.0,61c8f653c48202a5633cc72894b7e27e92d26f28,4.1.x,2026-08-25T22:02:37Z,24,2,1,3,1,1,0
github_actions,spring-projects/spring-boot,32904346394,8232,push,completed,success,2026-08-25T22:04:31Z,2026-08-25T22:04:31Z,2026-08-25T23:34:36Z,5405.0,066f11df0b57c914b93504a90b087da0a75a120a,main,2026-08-25T22:02:54Z,20,2,1,3,1,1,0
github_actions,spring-projects/spring-boot,32904347244,8264,push,completed,success,2026-08-25T22:04:31Z,2026-08-25T22:04:31Z,2026-08-25T23:18:01Z,4410.0,61c8f653c48202a5633cc72894b7e27e92d26f28,4.1.x,2026-08-25T22:02:37Z,24,2,1,3,1,1,0
github_actions,spring-projects/spring-boot,32904347390,8233,push,completed,success,2026-08-25T22:04:31Z,2026-08-25T22:04:31Z,2026-08-25T23:10:33Z,3962.0,61c8f653c48202a5633cc72894b7e27e92d26f28,4.1.x,2026-08-25T22:02:37Z,24,2,1,3,1,1,0
github_actions,spring-projects/spring-boot,32904347124,7819,push,completed,success,2026-08-25T22:04:31Z,2026-08-25T22:04:31Z,2026-08-25T22:36:25Z,1914.0,61c8f653c48202a5633cc72894b7e27e92d26f28,4.1.x,2026-08-25T22:02:37Z,24,2,1,3,1,1,0
github_actions,spring-projects/spring-boot,32904346132,8263,push,completed,success,2026-08-25T22:04:30Z,2026-08-25T22:04:30Z,2026-08-25T23:28:20Z,5030.0,066f11df0b57c914b93504a90b087da0a75a120a,main,2026-08-25T22:02:54Z,20,2,1,3,1,1,0
github_actions,spring-projects/spring-boot,32904346024,7818,push,completed,success,2026-08-25T22:04:30Z,2026-08-25T22:04:30Z,2026-08-25T22:22:50Z,1100.0,066f11df0b57c914b93504a90b087da0a75a120a,main,2026-08-25T22:02:54Z,20,2,1,3,1,1,0
github_actions,spring-projects/spring-boot,32900439105,5324,push,completed,success,2026-08-25T21:20:04Z,2026-08-25T21:20:04Z,2026-08-25T21:20:45Z,41.0,914f39384c67a07e66b15ef3d45ea83b7d75182d,4.1.x,2026-08-25T21:07:23Z,48,138,73,211,61,1,0
github_actions,spring-projects/spring-boot,32900438674,5322,push,completed,success,2026-08-25T21:20:04Z,2026-08-25T21:20:04Z,2026-08-25T21:20:51Z,47.0,5a21e0d698ede1c557ecf65139a98e598096160b,4.0.x,2026-08-25T20:58:58Z,52,133,70,203,58,1,0
github_actions,spring-projects/spring-boot,32900438681,5323,push,completed,success,2026-08-25T21:20:04Z,2026-08-25T21:20:04Z,2026-08-25T21:21:00Z,56.0,ef4f1404a10172c232f9906e790ea5ce5801958f,main,2026-08-25T21:19:47Z,37,145,77,222,65,1,0
github_actions,spring-projects/spring-boot,32900436492,7817,push,completed,success,2026-08-25T21:20:02Z,2026-08-25T21:20:02Z,2026-08-25T21:33:28Z,806.0,5a21e0d698ede1c557ecf65139a98e598096160b,4.0.x,2026-08-25T20:58:58Z,52,133,70,203,58,1,0
github_actions,spring-projects/spring-boot,32900436109,7815,push,completed,success,2026-08-25T21:20:02Z,2026-08-25T21:20:02Z,2026-08-25T21:35:40Z,938.0,ef4f1404a10172c232f9906e790ea5ce5801958f,main,2026-08-25T21:19:47Z,37,145,77,222,65,1,0
github_actions,spring-projects/spring-boot,32900436333,7816,push,completed,success,2026-08-25T21:20:02Z,2026-08-25T21:20:02Z,2026-08-25T21:37:03Z,1021.0,914f39384c67a07e66b15ef3d45ea83b7d75182d,4.1.x,2026-08-25T21:07:23Z,48,138,73,211,61,1,0
github_actions,spring-projects/spring-boot,32900436356,8261,push,completed,failure,2026-08-25T21:20:02Z,2026-08-25T21:20:02Z,2026-08-25T22:12:23Z,3141.0,914f39384c67a07e66b15ef3d45ea83b7d75182d,4.1.x,2026-08-25T21:07:23Z,48,138,73,211,61,1,1
github_actions,grafana/grafana,29675705503,253773,issue_comment,completed,success,2026-07-19T05:59:51Z,2026-07-19T05:59:51Z,2026-07-19T06:00:10Z,19.0,e42e7a9a2e5a8418dc687d3e2a33b18b41a71d78,main,2026-07-18T15:54:08Z,67,49,35,84,6,1,0
github_actions,grafana/grafana,29675703521,253772,issue_comment,completed,success,2026-07-19T05:59:46Z,2026-07-19T05:59:46Z,2026-07-19T06:00:03Z,17.0,e42e7a9a2e5a8418dc687d3e2a33b18b41a71d78,main,2026-07-18T15:54:08Z,67,49,35,84,6,1,0
github_actions,grafana/grafana,29675512690,253771,issue_comment,completed,success,2026-07-19T05:52:17Z,2026-07-19T05:52:17Z,2026-07-19T05:52:34Z,17.0,e42e7a9a2e5a8418dc687d3e2a33b18b41a71d78,main,2026-07-18T15:54:08Z,67,49,35,84,6,1,0
github_actions,grafana/grafana,29675082976,11599,workflow_run,completed,success,2026-07-19T05:35:22Z,2026-07-19T05:35:22Z,2026-07-19T05:35:47Z,25.0,e42e7a9a2e5a8418dc687d3e2a33b18b41a71d78,main,2026-07-18T15:54:08Z,67,49,35,84,6,1,0
github_actions,grafana/grafana,29675075526,29478,pull_request,completed,success,2026-07-19T05:35:08Z,2026-07-19T05:35:08Z,2026-07-19T05:35:48Z,40.0,a942ea6bfcc7288ed2f0d656f139302737929f15,leeoniya/state-timeline-value-mappings-2,2026-07-19T05:27:17Z,14,251,35,286,2,1,0
github_actions,grafana/grafana,29675075500,72878,pull_request,completed,success,2026-07-19T05:35:08Z,2026-07-19T05:35:08Z,2026-07-19T05:36:37Z,89.0,a942ea6bfcc7288ed2f0d656f139302737929f15,leeoniya/state-timeline-value-mappings-2,2026-07-19T05:27:17Z,14,251,35,286,2,1,0
github_actions,grafana/grafana,29675075618,78910,pull_request,completed,success,2026-07-19T05:35:08Z,2026-07-19T05:35:08Z,2026-07-19T05:38:32Z,204.0,a942ea6bfcc7288ed2f0d656f139302737929f15,leeoniya/state-timeline-value-mappings-2,2026-07-19T05:27:17Z,14,251,35,286,2,1,0
github_actions,grafana/grafana,29675075499,51408,pull_request,completed,success,2026-07-19T05:35:08Z,2026-07-19T05:35:08Z,2026-07-19T05:46:07Z,659.0,a942ea6bfcc7288ed2f0d656f139302737929f15,leeoniya/state-timeline-value-mappings-2,2026-07-19T05:27:17Z,14,251,35,286,2,1,0
github_actions,grafana/grafana,29675075271,95286,pull_request,completed,failure,2026-07-19T05:35:07Z,2026-07-19T05:35:07Z,2026-07-19T05:48:56Z,829.0,a942ea6bfcc7288ed2f0d656f139302737929f15,leeoniya/state-timeline-value-mappings-2,2026-07-19T05:27:17Z,14,251,35,286,2,1,1
github_actions,grafana/grafana,29675075282,28497,pull_request,completed,success,2026-07-19T05:35:07Z,2026-07-19T05:35:07Z,2026-07-19T05:51:17Z,970.0,a942ea6bfcc7288ed2f0d656f139302737929f15,leeoniya/state-timeline-value-mappings-2,2026-07-19T05:27:17Z,14,251,35,286,2,1,0
github_actions,grafana/grafana,29675075314,84624,pull_request,completed,success,2026-07-19T05:35:07Z,2026-07-19T05:35:07Z,2026-07-19T05:35:26Z,19.0,a942ea6bfcc7288ed2f0d656f139302737929f15,leeoniya/state-timeline-value-mappings-2,2026-07-19T05:27:17Z,14,251,35,286,2,1,0
github_actions,grafana/grafana,29675075263,156102,pull_request,completed,success,2026-07-19T05:35:07Z,2026-07-19T05:35:07Z,2026-07-19T05:35:39Z,32.0,a942ea6bfcc7288ed2f0d656f139302737929f15,leeoniya/state-timeline-value-mappings-2,2026-07-19T05:27:17Z,14,251,35,286,2,1,0
github_actions,grafana/grafana,29675075267,102374,pull_request,completed,success,2026-07-19T05:35:07Z,2026-07-19T05:35:07Z,2026-07-19T05:35:41Z,34.0,a942ea6bfcc7288ed2f0d656f139302737929f15,leeoniya/state-timeline-value-mappings-2,2026-07-19T05:27:17Z,14,251,35,286,2,1,0
github_actions,grafana/grafana,29675075260,8307,pull_request,completed,success,2026-07-19T05:35:07Z,2026-07-19T05:35:07Z,2026-07-19T05:35:42Z,35.0,a942ea6bfcc7288ed2f0d656f139302737929f15,leeoniya/state-timeline-value-mappings-2,2026-07-19T05:27:17Z,14,251,35,286,2,1,0
github_actions,grafana/grafana,29675075274,43689,pull_request,completed,success,2026-07-19T05:35:07Z,2026-07-19T05:35:07Z,2026-07-19T05:35:42Z,35.0,a942ea6bfcc7288ed2f0d656f139302737929f15,leeoniya/state-timeline-value-mappings-2,2026-07-19T05:27:17Z,14,251,35,286,2,1,0
github_actions,grafana/grafana,29675075298,85726,pull_request,completed,success,2026-07-19T05:35:07Z,2026-07-19T05:35:07Z,2026-07-19T05:35:42Z,35.0,a942ea6bfcc7288ed2f0d656f139302737929f15,leeoniya/state-timeline-value-mappings-2,2026-07-19T05:27:17Z,14,251,35,286,2,1,0
github_actions,grafana/grafana,29675075266,36144,pull_request,completed,success,2026-07-19T05:35:07Z,2026-07-19T05:35:07Z,2026-07-19T05:35:42Z,35.0,a942ea6bfcc7288ed2f0d656f139302737929f15,leeoniya/state-timeline-value-mappings-2,2026-07-19T05:27:17Z,14,251,35,286,2,1,0
github_actions,grafana/grafana,29675075306,70699,pull_request,completed,success,2026-07-19T05:35:07Z,2026-07-19T05:35:07Z,2026-07-19T05:35:43Z,36.0,a942ea6bfcc7288ed2f0d656f139302737929f15,leeoniya/state-timeline-value-mappings-2,2026-07-19T05:27:17Z,14,251,35,286,2,1,0
github_actions,grafana/grafana,29675075294,79807,pull_request,completed,success,2026-07-19T05:35:07Z,2026-07-19T05:35:07Z,2026-07-19T05:35:43Z,36.0,a942ea6bfcc7288ed2f0d656f139302737929f15,leeoniya/state-timeline-value-mappings-2,2026-07-19T05:27:17Z,14,251,35,286,2,1,0
github_actions,grafana/grafana,29675075322,80025,pull_request,completed,success,2026-07-19T05:35:07Z,2026-07-19T05:35:07Z,2026-07-19T05:35:29Z,22.0,a942ea6bfcc7288ed2f0d656f139302737929f15,leeoniya/state-timeline-value-mappings-2,2026-07-19T05:27:17Z,14,251,35,286,2,1,0
github_actions,grafana/grafana,29675075302,92637,pull_request,completed,success,2026-07-19T05:35:07Z,2026-07-19T05:35:07Z,2026-07-19T05:35:50Z,43.0,a942ea6bfcc7288ed2f0d656f139302737929f15,leeoniya/state-timeline-value-mappings-2,2026-07-19T05:27:17Z,14,251,35,286,2,1,0
github_actions,grafana/grafana,29675075315,86839,pull_request,completed,success,2026-07-19T05:35:07Z,2026-07-19T05:35:07Z,2026-07-19T05:35:49Z,42.0,a942ea6bfcc7288ed2f0d656f139302737929f15,leeoniya/state-timeline-value-mappings-2,2026-07-19T05:27:17Z,14,251,35,286,2,1,0
github_actions,grafana/grafana,29675075261,23588,pull_request,completed,success,2026-07-19T05:35:07Z,2026-07-19T05:35:07Z,2026-07-19T05:36:05Z,58.0,a942ea6bfcc7288ed2f0d656f139302737929f15,leeoniya/state-timeline-value-mappings-2,2026-07-19T05:27:17Z,14,251,35,286,2,1,0
github_actions,grafana/grafana,29675075344,83315,pull_request,completed,success,2026-07-19T05:35:07Z,2026-07-19T05:35:07Z,2026-07-19T05:37:57Z,170.0,a942ea6bfcc7288ed2f0d656f139302737929f15,leeoniya/state-timeline-value-mappings-2,2026-07-19T05:27:17Z,14,251,35,286,2,1,0
github_actions,grafana/grafana,29675075316,72393,pull_request,completed,success,2026-07-19T05:35:07Z,2026-07-19T05:35:07Z,2026-07-19T05:41:19Z,372.0,a942ea6bfcc7288ed2f0d656f139302737929f15,leeoniya/state-timeline-value-mappings-2,2026-07-19T05:27:17Z,14,251,35,286,2,1,0
github_actions,grafana/grafana,29675075308,91886,pull_request,completed,success,2026-07-19T05:35:07Z,2026-07-19T05:35:07Z,2026-07-19T05:47:25Z,738.0,a942ea6bfcc7288ed2f0d656f139302737929f15,leeoniya/state-timeline-value-mappings-2,2026-07-19T05:27:17Z,14,251,35,286,2,1,0
github_actions,grafana/grafana,29675075334,98075,pull_request,completed,failure,2026-07-19T05:35:07Z,2026-07-19T05:35:07Z,2026-07-19T05:47:14Z,727.0,a942ea6bfcc7288ed2f0d656f139302737929f15,leeoniya/state-timeline-value-mappings-2,2026-07-19T05:27:17Z,14,251,35,286,2,1,1
github_actions,grafana/grafana,29675075360,23894,pull_request,completed,failure,2026-07-19T05:35:07Z,2026-07-19T05:35:07Z,2026-07-19T05:47:34Z,747.0,a942ea6bfcc7288ed2f0d656f139302737929f15,leeoniya/state-timeline-value-mappings-2,2026-07-19T05:27:17Z,14,251,35,286,2,1,1
github_actions,grafana/grafana,29675074408,11599,pull_request_target,completed,success,2026-07-19T05:35:06Z,2026-07-19T05:35:06Z,2026-07-19T05:35:19Z,13.0,a942ea6bfcc7288ed2f0d656f139302737929f15,leeoniya/state-timeline-value-mappings-2,2026-07-19T05:27:17Z,14,251,35,286,2,1,0
github_actions,grafana/grafana,29675074368,394220,pull_request_target,completed,success,2026-07-19T05:35:06Z,2026-07-19T05:35:06Z,2026-07-19T05:35:15Z,9.0,a942ea6bfcc7288ed2f0d656f139302737929f15,leeoniya/state-timeline-value-mappings-2,2026-07-19T05:27:17Z,14,251,35,286,2,1,0
github_actions,grafana/grafana,29672609335,51407,pull_request,completed,success,2026-07-19T03:59:28Z,2026-07-19T03:59:28Z,2026-07-19T04:12:09Z,761.0,b11363f126ea9ec1009c7ef0ba50daccce0b940f,leeoniya/TimeZonePicker-refactor-2,2026-07-19T03:59:13Z,30,68,4,72,4,1,0
github_actions,grafana/grafana,29672609264,23893,pull_request,completed,success,2026-07-19T03:59:27Z,2026-07-19T03:59:27Z,2026-07-19T04:12:08Z,761.0,b11363f126ea9ec1009c7ef0ba50daccce0b940f,leeoniya/TimeZonePicker-refactor-2,2026-07-19T03:59:13Z,30,68,4,72,4,1,0
github_actions,grafana/grafana,29672609255,98074,pull_request,completed,success,2026-07-19T03:59:27Z,2026-07-19T03:59:27Z,2026-07-19T04:12:08Z,761.0,b11363f126ea9ec1009c7ef0ba50daccce0b940f,leeoniya/TimeZonePicker-refactor-2,2026-07-19T03:59:13Z,30,68,4,72,4,1,0
github_actions,grafana/grafana,29672609263,91885,pull_request,completed,success,2026-07-19T03:59:27Z,2026-07-19T03:59:27Z,2026-07-19T04:12:00Z,753.0,b11363f126ea9ec1009c7ef0ba50daccce0b940f,leeoniya/TimeZonePicker-refactor-2,2026-07-19T03:59:13Z,30,68,4,72,4,1,0
github_actions,grafana/grafana,29672609230,95285,pull_request,completed,success,2026-07-19T03:59:27Z,2026-07-19T03:59:27Z,2026-07-19T04:12:33Z,786.0,b11363f126ea9ec1009c7ef0ba50daccce0b940f,leeoniya/TimeZonePicker-refactor-2,2026-07-19T03:59:13Z,30,68,4,72,4,1,0
github_actions,grafana/grafana,29672609253,28496,pull_request,completed,success,2026-07-19T03:59:27Z,2026-07-19T03:59:27Z,2026-07-19T04:16:14Z,1007.0,b11363f126ea9ec1009c7ef0ba50daccce0b940f,leeoniya/TimeZonePicker-refactor-2,2026-07-19T03:59:13Z,30,68,4,72,4,1,0
github_actions,grafana/grafana,29671293904,7335,schedule,completed,success,2026-07-19T03:08:35Z,2026-07-19T03:08:35Z,2026-07-19T03:10:45Z,130.0,e42e7a9a2e5a8418dc687d3e2a33b18b41a71d78,main,2026-07-18T15:54:08Z,67,49,35,84,6,1,0
github_actions,grafana/grafana,29669955667,1603,schedule,completed,success,2026-07-19T02:17:03Z,2026-07-19T02:17:03Z,2026-07-19T02:20:40Z,217.0,e42e7a9a2e5a8418dc687d3e2a33b18b41a71d78,main,2026-07-18T15:54:08Z,67,49,35,84,6,1,0
github_actions,grafana/grafana,29668878394,7334,schedule,completed,success,2026-07-19T01:37:23Z,2026-07-19T01:37:23Z,2026-07-19T01:39:38Z,135.0,e42e7a9a2e5a8418dc687d3e2a33b18b41a71d78,main,2026-07-18T15:54:08Z,67,49,35,84,6,1,0
github_actions,grafana/grafana,29667432386,84622,pull_request,completed,success,2026-07-19T00:44:10Z,2026-07-19T00:44:10Z,2026-07-19T00:44:28Z,18.0,c6a35d576511d5579d4fd124d05238cfe3c937ee,leeoniya/TimeZonePicker-refactor-2,2026-07-19T00:43:56Z,4,8,1,9,1,1,0
github_actions,grafana/grafana,29667432374,644187,pull_request,completed,success,2026-07-19T00:44:10Z,2026-07-19T00:44:10Z,2026-07-19T00:44:18Z,8.0,c6a35d576511d5579d4fd124d05238cfe3c937ee,leeoniya/TimeZonePicker-refactor-2,2026-07-19T00:43:56Z,4,8,1,9,1,1,0
github_actions,grafana/grafana,29667432578,29476,pull_request,completed,success,2026-07-19T00:44:10Z,2026-07-19T00:44:10Z,2026-07-19T00:44:42Z,32.0,c6a35d576511d5579d4fd124d05238cfe3c937ee,leeoniya/TimeZonePicker-refactor-2,2026-07-19T00:43:56Z,4,8,1,9,1,1,0
github_actions,grafana/grafana,29667432402,80023,pull_request,completed,success,2026-07-19T00:44:10Z,2026-07-19T00:44:10Z,2026-07-19T00:44:31Z,21.0,c6a35d576511d5579d4fd124d05238cfe3c937ee,leeoniya/TimeZonePicker-refactor-2,2026-07-19T00:43:56Z,4,8,1,9,1,1,0
github_actions,grafana/grafana,29667432414,156100,pull_request,completed,success,2026-07-19T00:44:10Z,2026-07-19T00:44:10Z,2026-07-19T00:44:41Z,31.0,c6a35d576511d5579d4fd124d05238cfe3c937ee,leeoniya/TimeZonePicker-refactor-2,2026-07-19T00:43:56Z,4,8,1,9,1,1,0
github_actions,grafana/grafana,29667432442,85724,pull_request,completed,success,2026-07-19T00:44:10Z,2026-07-19T00:44:10Z,2026-07-19T00:44:43Z,33.0,c6a35d576511d5579d4fd124d05238cfe3c937ee,leeoniya/TimeZonePicker-refactor-2,2026-07-19T00:43:56Z,4,8,1,9,1,1,0
github_actions,grafana/grafana,29667432439,36142,pull_request,completed,success,2026-07-19T00:44:10Z,2026-07-19T00:44:10Z,2026-07-19T00:44:43Z,33.0,c6a35d576511d5579d4fd124d05238cfe3c937ee,leeoniya/TimeZonePicker-refactor-2,2026-07-19T00:43:56Z,4,8,1,9,1,1,0
github_actions,grafana/grafana,29667432380,102372,pull_request,completed,success,2026-07-19T00:44:10Z,2026-07-19T00:44:10Z,2026-07-19T00:44:44Z,34.0,c6a35d576511d5579d4fd124d05238cfe3c937ee,leeoniya/TimeZonePicker-refactor-2,2026-07-19T00:43:56Z,4,8,1,9,1,1,0
github_actions,grafana/grafana,29667432415,70697,pull_request,completed,success,2026-07-19T00:44:10Z,2026-07-19T00:44:10Z,2026-07-19T00:44:45Z,35.0,c6a35d576511d5579d4fd124d05238cfe3c937ee,leeoniya/TimeZonePicker-refactor-2,2026-07-19T00:43:56Z,4,8,1,9,1,1,0
github_actions,grafana/grafana,29667432410,43687,pull_request,completed,success,2026-07-19T00:44:10Z,2026-07-19T00:44:10Z,2026-07-19T00:44:45Z,35.0,c6a35d576511d5579d4fd124d05238cfe3c937ee,leeoniya/TimeZonePicker-refactor-2,2026-07-19T00:43:56Z,4,8,1,9,1,1,0
github_actions,grafana/grafana,29667432396,86837,pull_request,completed,success,2026-07-19T00:44:10Z,2026-07-19T00:44:10Z,2026-07-19T00:44:50Z,40.0,c6a35d576511d5579d4fd124d05238cfe3c937ee,leeoniya/TimeZonePicker-refactor-2,2026-07-19T00:43:56Z,4,8,1,9,1,1,0
github_actions,grafana/grafana,29667432419,92635,pull_request,completed,success,2026-07-19T00:44:10Z,2026-07-19T00:44:10Z,2026-07-19T00:44:48Z,38.0,c6a35d576511d5579d4fd124d05238cfe3c937ee,leeoniya/TimeZonePicker-refactor-2,2026-07-19T00:43:56Z,4,8,1,9,1,1,0
github_actions,grafana/grafana,29667432394,23586,pull_request,completed,success,2026-07-19T00:44:10Z,2026-07-19T00:44:10Z,2026-07-19T00:45:08Z,58.0,c6a35d576511d5579d4fd124d05238cfe3c937ee,leeoniya/TimeZonePicker-refactor-2,2026-07-19T00:43:56Z,4,8,1,9,1,1,0
github_actions,grafana/grafana,29667432416,8305,pull_request,completed,success,2026-07-19T00:44:10Z,2026-07-19T00:44:10Z,2026-07-19T00:44:45Z,35.0,c6a35d576511d5579d4fd124d05238cfe3c937ee,leeoniya/TimeZonePicker-refactor-2,2026-07-19T00:43:56Z,4,8,1,9,1,1,0
github_actions,grafana/grafana,29667432434,79805,pull_request,completed,success,2026-07-19T00:44:10Z,2026-07-19T00:44:10Z,2026-07-19T00:44:45Z,35.0,c6a35d576511d5579d4fd124d05238cfe3c937ee,leeoniya/TimeZonePicker-refactor-2,2026-07-19T00:43:56Z,4,8,1,9,1,1,0
github_actions,grafana/grafana,29667432608,72876,pull_request,completed,success,2026-07-19T00:44:10Z,2026-07-19T00:44:10Z,2026-07-19T00:45:37Z,87.0,c6a35d576511d5579d4fd124d05238cfe3c937ee,leeoniya/TimeZonePicker-refactor-2,2026-07-19T00:43:56Z,4,8,1,9,1,1,0
github_actions,grafana/grafana,29667432421,4651,pull_request,completed,success,2026-07-19T00:44:10Z,2026-07-19T00:44:10Z,2026-07-19T00:46:45Z,155.0,c6a35d576511d5579d4fd124d05238cfe3c937ee,leeoniya/TimeZonePicker-refactor-2,2026-07-19T00:43:56Z,4,8,1,9,1,1,0
github_actions,grafana/grafana,29667432369,83313,pull_request,completed,success,2026-07-19T00:44:10Z,2026-07-19T00:44:10Z,2026-07-19T00:46:55Z,165.0,c6a35d576511d5579d4fd124d05238cfe3c937ee,leeoniya/TimeZonePicker-refactor-2,2026-07-19T00:43:56Z,4,8,1,9,1,1,0
github_actions,grafana/grafana,29667432563,78908,pull_request,completed,success,2026-07-19T00:44:10Z,2026-07-19T00:44:10Z,2026-07-19T00:47:55Z,225.0,c6a35d576511d5579d4fd124d05238cfe3c937ee,leeoniya/TimeZonePicker-refactor-2,2026-07-19T00:43:56Z,4,8,1,9,1,1,0
github_actions,grafana/grafana,29667432429,72391,pull_request,completed,success,2026-07-19T00:44:10Z,2026-07-19T00:44:10Z,2026-07-19T00:50:47Z,397.0,c6a35d576511d5579d4fd124d05238cfe3c937ee,leeoniya/TimeZonePicker-refactor-2,2026-07-19T00:43:56Z,4,8,1,9,1,1,0
github_actions,grafana/grafana,29667432413,29648,pull_request,completed,success,2026-07-19T00:44:10Z,2026-07-19T00:44:10Z,2026-07-19T00:51:17Z,427.0,c6a35d576511d5579d4fd124d05238cfe3c937ee,leeoniya/TimeZonePicker-refactor-2,2026-07-19T00:43:56Z,4,8,1,9,1,1,0
github_actions,grafana/grafana,29667432418,100601,pull_request,completed,success,2026-07-19T00:44:10Z,2026-07-19T00:44:10Z,2026-07-19T00:53:56Z,586.0,c6a35d576511d5579d4fd124d05238cfe3c937ee,leeoniya/TimeZonePicker-refactor-2,2026-07-19T00:43:56Z,4,8,1,9,1,1,0
github_actions,grafana/grafana,29667432417,95284,pull_request,completed,success,2026-07-19T00:44:10Z,2026-07-19T00:44:10Z,2026-07-19T00:55:48Z,698.0,c6a35d576511d5579d4fd124d05238cfe3c937ee,leeoniya/TimeZonePicker-refactor-2,2026-07-19T00:43:56Z,4,8,1,9,1,1,0
github_actions,grafana/grafana,29667432423,91884,pull_request,completed,success,2026-07-19T00:44:10Z,2026-07-19T00:44:10Z,2026-07-19T00:56:17Z,727.0,c6a35d576511d5579d4fd124d05238cfe3c937ee,leeoniya/TimeZonePicker-refactor-2,2026-07-19T00:43:56Z,4,8,1,9,1,1,0
github_actions,grafana/grafana,29667432517,51406,pull_request,completed,success,2026-07-19T00:44:10Z,2026-07-19T00:44:10Z,2026-07-19T00:56:28Z,738.0,c6a35d576511d5579d4fd124d05238cfe3c937ee,leeoniya/TimeZonePicker-refactor-2,2026-07-19T00:43:56Z,4,8,1,9,1,1,0
github_actions,grafana/grafana,29667432388,98073,pull_request,completed,success,2026-07-19T00:44:10Z,2026-07-19T00:44:10Z,2026-07-19T00:56:57Z,767.0,c6a35d576511d5579d4fd124d05238cfe3c937ee,leeoniya/TimeZonePicker-refactor-2,2026-07-19T00:43:56Z,4,8,1,9,1,1,0
github_actions,grafana/grafana,29667432403,23892,pull_request,completed,success,2026-07-19T00:44:10Z,2026-07-19T00:44:10Z,2026-07-19T00:56:48Z,758.0,c6a35d576511d5579d4fd124d05238cfe3c937ee,leeoniya/TimeZonePicker-refactor-2,2026-07-19T00:43:56Z,4,8,1,9,1,1,0
github_actions,grafana/grafana,29667432392,28495,pull_request,completed,success,2026-07-19T00:44:10Z,2026-07-19T00:44:10Z,2026-07-19T01:00:09Z,959.0,c6a35d576511d5579d4fd124d05238cfe3c937ee,leeoniya/TimeZonePicker-refactor-2,2026-07-19T00:43:56Z,4,8,1,9,1,1,0
github_actions,grafana/grafana,29667431775,394218,pull_request_target,completed,success,2026-07-19T00:44:08Z,2026-07-19T00:44:08Z,2026-07-19T00:44:17Z,9.0,c6a35d576511d5579d4fd124d05238cfe3c937ee,leeoniya/TimeZonePicker-refactor-2,2026-07-19T00:43:56Z,4,8,1,9,1,1,0
github_actions,grafana/grafana,29667401257,143,schedule,completed,success,2026-07-19T00:42:59Z,2026-07-19T00:42:59Z,2026-07-19T00:50:05Z,426.0,e42e7a9a2e5a8418dc687d3e2a33b18b41a71d78,main,2026-07-18T15:54:08Z,67,49,35,84,6,1,0
github_actions,grafana/grafana,29667393090,7333,schedule,completed,success,2026-07-19T00:42:41Z,2026-07-19T00:42:41Z,2026-07-19T00:44:46Z,125.0,e42e7a9a2e5a8418dc687d3e2a33b18b41a71d78,main,2026-07-18T15:54:08Z,67,49,35,84,6,1,0
github_actions,grafana/grafana,29667082393,9669,schedule,completed,failure,2026-07-19T00:31:17Z,2026-07-19T00:31:17Z,2026-07-19T00:32:28Z,71.0,e42e7a9a2e5a8418dc687d3e2a33b18b41a71d78,main,2026-07-18T15:54:08Z,67,49,35,84,6,1,1
github_actions,grafana/grafana,29666966888,373,schedule,completed,success,2026-07-19T00:27:12Z,2026-07-19T00:27:12Z,2026-07-19T00:29:55Z,163.0,e42e7a9a2e5a8418dc687d3e2a33b18b41a71d78,main,2026-07-18T15:54:08Z,67,49,35,84,6,1,0
github_actions,grafana/grafana,29666422803,253770,issue_comment,completed,success,2026-07-19T00:07:27Z,2026-07-19T00:07:27Z,2026-07-19T00:07:45Z,18.0,e42e7a9a2e5a8418dc687d3e2a33b18b41a71d78,main,2026-07-18T15:54:08Z,67,49,35,84,6,1,0
github_actions,grafana/grafana,29666036711,644186,pull_request,completed,success,2026-07-18T23:54:33Z,2026-07-18T23:54:33Z,2026-07-18T23:54:43Z,10.0,170a46221ebb767b282fc8e8260f0ce21a6d2cf4,leeoniya/TimeZonePicker-refactor-2,2026-07-18T23:54:19Z,77,121,63,184,9,1,0
github_actions,grafana/grafana,29666036674,394217,pull_request_target,completed,success,2026-07-18T23:54:33Z,2026-07-18T23:54:33Z,2026-07-18T23:54:43Z,10.0,170a46221ebb767b282fc8e8260f0ce21a6d2cf4,leeoniya/TimeZonePicker-refactor-2,2026-07-18T23:54:19Z,77,121,63,184,9,1,0
github_actions,grafana/grafana,29666036655,84621,pull_request,completed,success,2026-07-18T23:54:33Z,2026-07-18T23:54:33Z,2026-07-18T23:54:52Z,19.0,170a46221ebb767b282fc8e8260f0ce21a6d2cf4,leeoniya/TimeZonePicker-refactor-2,2026-07-18T23:54:19Z,77,121,63,184,9,1,0
github_actions,grafana/grafana,29666036665,156099,pull_request,completed,success,2026-07-18T23:54:33Z,2026-07-18T23:54:33Z,2026-07-18T23:55:02Z,29.0,170a46221ebb767b282fc8e8260f0ce21a6d2cf4,leeoniya/TimeZonePicker-refactor-2,2026-07-18T23:54:19Z,77,121,63,184,9,1,0
github_actions,grafana/grafana,29666036679,85723,pull_request,completed,success,2026-07-18T23:54:33Z,2026-07-18T23:54:33Z,2026-07-18T23:55:07Z,34.0,170a46221ebb767b282fc8e8260f0ce21a6d2cf4,leeoniya/TimeZonePicker-refactor-2,2026-07-18T23:54:19Z,77,121,63,184,9,1,0
github_actions,grafana/grafana,29666036649,102371,pull_request,completed,success,2026-07-18T23:54:33Z,2026-07-18T23:54:33Z,2026-07-18T23:55:07Z,34.0,170a46221ebb767b282fc8e8260f0ce21a6d2cf4,leeoniya/TimeZonePicker-refactor-2,2026-07-18T23:54:19Z,77,121,63,184,9,1,0
github_actions,grafana/grafana,29666036743,8304,pull_request,completed,success,2026-07-18T23:54:33Z,2026-07-18T23:54:33Z,2026-07-18T23:55:07Z,34.0,170a46221ebb767b282fc8e8260f0ce21a6d2cf4,leeoniya/TimeZonePicker-refactor-2,2026-07-18T23:54:19Z,77,121,63,184,9,1,0
github_actions,grafana/grafana,29666036673,36141,pull_request,completed,success,2026-07-18T23:54:33Z,2026-07-18T23:54:33Z,2026-07-18T23:55:08Z,35.0,170a46221ebb767b282fc8e8260f0ce21a6d2cf4,leeoniya/TimeZonePicker-refactor-2,2026-07-18T23:54:19Z,77,121,63,184,9,1,0
github_actions,grafana/grafana,29666036729,43686,pull_request,completed,success,2026-07-18T23:54:33Z,2026-07-18T23:54:33Z,2026-07-18T23:55:08Z,35.0,170a46221ebb767b282fc8e8260f0ce21a6d2cf4,leeoniya/TimeZonePicker-refactor-2,2026-07-18T23:54:19Z,77,121,63,184,9,1,0
github_actions,grafana/grafana,29666036852,72875,pull_request,completed,success,2026-07-18T23:54:33Z,2026-07-18T23:54:33Z,2026-07-18T23:56:08Z,95.0,170a46221ebb767b282fc8e8260f0ce21a6d2cf4,leeoniya/TimeZonePicker-refactor-2,2026-07-18T23:54:19Z,77,121,63,184,9,1,0
github_actions,grafana/grafana,29666036668,80022,pull_request,completed,success,2026-07-18T23:54:33Z,2026-07-18T23:54:33Z,2026-07-18T23:54:55Z,22.0,170a46221ebb767b282fc8e8260f0ce21a6d2cf4,leeoniya/TimeZonePicker-refactor-2,2026-07-18T23:54:19Z,77,121,63,184,9,1,0
github_actions,grafana/grafana,29666036753,92634,pull_request,completed,success,2026-07-18T23:54:33Z,2026-07-18T23:54:33Z,2026-07-18T23:55:13Z,40.0,170a46221ebb767b282fc8e8260f0ce21a6d2cf4,leeoniya/TimeZonePicker-refactor-2,2026-07-18T23:54:19Z,77,121,63,184,9,1,0
github_actions,grafana/grafana,29666036671,86836,pull_request,completed,success,2026-07-18T23:54:33Z,2026-07-18T23:54:33Z,2026-07-18T23:55:15Z,42.0,170a46221ebb767b282fc8e8260f0ce21a6d2cf4,leeoniya/TimeZonePicker-refactor-2,2026-07-18T23:54:19Z,77,121,63,184,9,1,0
github_actions,grafana/grafana,29666036652,70696,pull_request,completed,success,2026-07-18T23:54:33Z,2026-07-18T23:54:33Z,2026-07-18T23:55:09Z,36.0,170a46221ebb767b282fc8e8260f0ce21a6d2cf4,leeoniya/TimeZonePicker-refactor-2,2026-07-18T23:54:19Z,77,121,63,184,9,1,0
github_actions,grafana/grafana,29666036861,29475,pull_request,completed,success,2026-07-18T23:54:33Z,2026-07-18T23:54:33Z,2026-07-18T23:55:10Z,37.0,170a46221ebb767b282fc8e8260f0ce21a6d2cf4,leeoniya/TimeZonePicker-refactor-2,2026-07-18T23:54:19Z,77,121,63,184,9,1,0
github_actions,grafana/grafana,29666036646,79804,pull_request,completed,success,2026-07-18T23:54:33Z,2026-07-18T23:54:33Z,2026-07-18T23:55:10Z,37.0,170a46221ebb767b282fc8e8260f0ce21a6d2cf4,leeoniya/TimeZonePicker-refactor-2,2026-07-18T23:54:19Z,77,121,63,184,9,1,0
github_actions,grafana/grafana,29666036683,23585,pull_request,completed,success,2026-07-18T23:54:33Z,2026-07-18T23:54:33Z,2026-07-18T23:55:34Z,61.0,170a46221ebb767b282fc8e8260f0ce21a6d2cf4,leeoniya/TimeZonePicker-refactor-2,2026-07-18T23:54:19Z,77,121,63,184,9,1,0
github_actions,grafana/grafana,29666036699,4650,pull_request,completed,success,2026-07-18T23:54:33Z,2026-07-18T23:54:33Z,2026-07-18T23:56:52Z,139.0,170a46221ebb767b282fc8e8260f0ce21a6d2cf4,leeoniya/TimeZonePicker-refactor-2,2026-07-18T23:54:19Z,77,121,63,184,9,1,0
github_actions,grafana/grafana,29666036706,83312,pull_request,completed,success,2026-07-18T23:54:33Z,2026-07-18T23:54:33Z,2026-07-18T23:57:19Z,166.0,170a46221ebb767b282fc8e8260f0ce21a6d2cf4,leeoniya/TimeZonePicker-refactor-2,2026-07-18T23:54:19Z,77,121,63,184,9,1,0
github_actions,grafana/grafana,29666036876,78907,pull_request,completed,success,2026-07-18T23:54:33Z,2026-07-18T23:54:33Z,2026-07-18T23:57:52Z,199.0,170a46221ebb767b282fc8e8260f0ce21a6d2cf4,leeoniya/TimeZonePicker-refactor-2,2026-07-18T23:54:19Z,77,121,63,184,9,1,0
github_actions,grafana/grafana,29666036654,72390,pull_request,completed,success,2026-07-18T23:54:33Z,2026-07-18T23:54:33Z,2026-07-19T00:01:28Z,415.0,170a46221ebb767b282fc8e8260f0ce21a6d2cf4,leeoniya/TimeZonePicker-refactor-2,2026-07-18T23:54:19Z,77,121,63,184,9,1,0
github_actions,grafana/grafana,29666036648,100600,pull_request,completed,success,2026-07-18T23:54:33Z,2026-07-18T23:54:33Z,2026-07-19T00:04:08Z,575.0,170a46221ebb767b282fc8e8260f0ce21a6d2cf4,leeoniya/TimeZonePicker-refactor-2,2026-07-18T23:54:19Z,77,121,63,184,9,1,0
github_actions,grafana/grafana,29666036669,29647,pull_request,completed,success,2026-07-18T23:54:33Z,2026-07-18T23:54:33Z,2026-07-19T00:04:57Z,624.0,170a46221ebb767b282fc8e8260f0ce21a6d2cf4,leeoniya/TimeZonePicker-refactor-2,2026-07-18T23:54:19Z,77,121,63,184,9,1,0
github_actions,grafana/grafana,29666036703,95283,pull_request,completed,success,2026-07-18T23:54:33Z,2026-07-18T23:54:33Z,2026-07-19T00:06:53Z,740.0,170a46221ebb767b282fc8e8260f0ce21a6d2cf4,leeoniya/TimeZonePicker-refactor-2,2026-07-18T23:54:19Z,77,121,63,184,9,1,0
github_actions,grafana/grafana,29666036659,98072,pull_request,completed,failure,2026-07-18T23:54:33Z,2026-07-18T23:54:33Z,2026-07-19T00:07:02Z,749.0,170a46221ebb767b282fc8e8260f0ce21a6d2cf4,leeoniya/TimeZonePicker-refactor-2,2026-07-18T23:54:19Z,77,121,63,184,9,1,1
github_actions,grafana/grafana,29666036647,91883,pull_request,completed,success,2026-07-18T23:54:33Z,2026-07-18T23:54:33Z,2026-07-19T00:07:10Z,757.0,170a46221ebb767b282fc8e8260f0ce21a6d2cf4,leeoniya/TimeZonePicker-refactor-2,2026-07-18T23:54:19Z,77,121,63,184,9,1,0
github_actions,grafana/grafana,29666036760,51405,pull_request,completed,success,2026-07-18T23:54:33Z,2026-07-18T23:54:33Z,2026-07-19T00:07:07Z,754.0,170a46221ebb767b282fc8e8260f0ce21a6d2cf4,leeoniya/TimeZonePicker-refactor-2,2026-07-18T23:54:19Z,77,121,63,184,9,1,0
github_actions,grafana/grafana,29666036690,23891,pull_request,completed,success,2026-07-18T23:54:33Z,2026-07-18T23:54:33Z,2026-07-19T00:07:35Z,782.0,170a46221ebb767b282fc8e8260f0ce21a6d2cf4,leeoniya/TimeZonePicker-refactor-2,2026-07-18T23:54:19Z,77,121,63,184,9,1,0
github_actions,grafana/grafana,29666036682,28494,pull_request,completed,success,2026-07-18T23:54:33Z,2026-07-18T23:54:33Z,2026-07-19T00:11:17Z,1004.0,170a46221ebb767b282fc8e8260f0ce21a6d2cf4,leeoniya/TimeZonePicker-refactor-2,2026-07-18T23:54:19Z,77,121,63,184,9,1,0
github_actions,grafana/grafana,29664166244,394216,pull_request_target,completed,success,2026-07-18T22:50:22Z,2026-07-18T22:50:22Z,2026-07-18T22:50:32Z,10.0,1ad647f7ccefac769c216156ca10c0e329bf02a3,feature/alert-sending-robustnes,2026-07-18T22:50:11Z,33,19,8,27,2,1,0
github_actions,grafana/grafana,29663227561,7331,schedule,completed,success,2026-07-18T22:19:14Z,2026-07-18T22:19:14Z,2026-07-18T22:21:22Z,128.0,e42e7a9a2e5a8418dc687d3e2a33b18b41a71d78,main,2026-07-18T15:54:08Z,67,49,35,84,6,1,0
github_actions,grafana/grafana,29662822211,110834,issues,completed,success,2026-07-18T22:05:54Z,2026-07-18T22:05:54Z,2026-07-18T22:06:06Z,12.0,e42e7a9a2e5a8418dc687d3e2a33b18b41a71d78,main,2026-07-18T15:54:08Z,67,49,35,84,6,1,0
github_actions,grafana/grafana,29661612837,29472,pull_request,completed,success,2026-07-18T21:26:56Z,2026-07-18T21:26:56Z,2026-07-18T21:27:30Z,34.0,9421a91db2c86212e2a5c8cdf700950621db8b3a,leeoniya/TimeZonePicker-refactor-2,2026-07-18T21:26:34Z,15,15,22,37,5,1,0
github_actions,grafana/grafana,29661612859,72872,pull_request,completed,success,2026-07-18T21:26:56Z,2026-07-18T21:26:56Z,2026-07-18T21:28:25Z,89.0,9421a91db2c86212e2a5c8cdf700950621db8b3a,leeoniya/TimeZonePicker-refactor-2,2026-07-18T21:26:34Z,15,15,22,37,5,1,0
github_actions,grafana/grafana,29661612848,78904,pull_request,completed,success,2026-07-18T21:26:56Z,2026-07-18T21:26:56Z,2026-07-18T21:30:49Z,233.0,9421a91db2c86212e2a5c8cdf700950621db8b3a,leeoniya/TimeZonePicker-refactor-2,2026-07-18T21:26:34Z,15,15,22,37,5,1,0
github_actions,grafana/grafana,29661612713,156096,pull_request,completed,success,2026-07-18T21:26:55Z,2026-07-18T21:26:55Z,2026-07-18T21:27:47Z,52.0,9421a91db2c86212e2a5c8cdf700950621db8b3a,leeoniya/TimeZonePicker-refactor-2,2026-07-18T21:26:34Z,15,15,22,37,5,1,0
github_actions,grafana/grafana,29661612671,36138,pull_request,completed,success,2026-07-18T21:26:55Z,2026-07-18T21:26:55Z,2026-07-18T21:28:00Z,65.0,9421a91db2c86212e2a5c8cdf700950621db8b3a,leeoniya/TimeZonePicker-refactor-2,2026-07-18T21:26:34Z,15,15,22,37,5,1,0
github_actions,grafana/grafana,29661612676,84618,pull_request,completed,success,2026-07-18T21:26:55Z,2026-07-18T21:26:55Z,2026-07-18T21:28:00Z,65.0,9421a91db2c86212e2a5c8cdf700950621db8b3a,leeoniya/TimeZonePicker-refactor-2,2026-07-18T21:26:34Z,15,15,22,37,5,1,0
github_actions,grafana/grafana,29661612684,8301,pull_request,completed,success,2026-07-18T21:26:55Z,2026-07-18T21:26:55Z,2026-07-18T21:28:03Z,68.0,9421a91db2c86212e2a5c8cdf700950621db8b3a,leeoniya/TimeZonePicker-refactor-2,2026-07-18T21:26:34Z,15,15,22,37,5,1,0
github_actions,grafana/grafana,29661612693,80019,pull_request,completed,success,2026-07-18T21:26:55Z,2026-07-18T21:26:55Z,2026-07-18T21:28:18Z,83.0,9421a91db2c86212e2a5c8cdf700950621db8b3a,leeoniya/TimeZonePicker-refactor-2,2026-07-18T21:26:34Z,15,15,22,37,5,1,0
github_actions,grafana/grafana,29661612664,102368,pull_request,completed,success,2026-07-18T21:26:55Z,2026-07-18T21:26:55Z,2026-07-18T21:28:28Z,93.0,9421a91db2c86212e2a5c8cdf700950621db8b3a,leeoniya/TimeZonePicker-refactor-2,2026-07-18T21:26:34Z,15,15,22,37,5,1,0
github_actions,grafana/grafana,29661612658,85720,pull_request,completed,success,2026-07-18T21:26:55Z,2026-07-18T21:26:55Z,2026-07-18T21:28:09Z,74.0,9421a91db2c86212e2a5c8cdf700950621db8b3a,leeoniya/TimeZonePicker-refactor-2,2026-07-18T21:26:34Z,15,15,22,37,5,1,0
github_actions,grafana/grafana,29661612651,43683,pull_request,completed,success,2026-07-18T21:26:55Z,2026-07-18T21:26:55Z,2026-07-18T21:28:44Z,109.0,9421a91db2c86212e2a5c8cdf700950621db8b3a,leeoniya/TimeZonePicker-refactor-2,2026-07-18T21:26:34Z,15,15,22,37,5,1,0
github_actions,grafana/grafana,29661612692,79801,pull_request,completed,success,2026-07-18T21:26:55Z,2026-07-18T21:26:55Z,2026-07-18T21:29:15Z,140.0,9421a91db2c86212e2a5c8cdf700950621db8b3a,leeoniya/TimeZonePicker-refactor-2,2026-07-18T21:26:34Z,15,15,22,37,5,1,0
github_actions,grafana/grafana,29661612640,70693,pull_request,completed,success,2026-07-18T21:26:55Z,2026-07-18T21:26:55Z,2026-07-18T21:29:27Z,152.0,9421a91db2c86212e2a5c8cdf700950621db8b3a,leeoniya/TimeZonePicker-refactor-2,2026-07-18T21:26:34Z,15,15,22,37,5,1,0
github_actions,grafana/grafana,29661612678,4649,pull_request,completed,success,2026-07-18T21:26:55Z,2026-07-18T21:26:55Z,2026-07-18T21:29:24Z,149.0,9421a91db2c86212e2a5c8cdf700950621db8b3a,leeoniya/TimeZonePicker-refactor-2,2026-07-18T21:26:34Z,15,15,22,37,5,1,0
github_actions,grafana/grafana,29661612625,644183,pull_request,completed,success,2026-07-18T21:26:55Z,2026-07-18T21:26:55Z,2026-07-18T21:29:32Z,157.0,9421a91db2c86212e2a5c8cdf700950621db8b3a,leeoniya/TimeZonePicker-refactor-2,2026-07-18T21:26:34Z,15,15,22,37,5,1,0
github_actions,grafana/grafana,29661612650,23582,pull_request,completed,success,2026-07-18T21:26:55Z,2026-07-18T21:26:55Z,2026-07-18T21:29:42Z,167.0,9421a91db2c86212e2a5c8cdf700950621db8b3a,leeoniya/TimeZonePicker-refactor-2,2026-07-18T21:26:34Z,15,15,22,37,5,1,0
github_actions,grafana/grafana,29661612689,92631,pull_request,completed,success,2026-07-18T21:26:55Z,2026-07-18T21:26:55Z,2026-07-18T21:30:11Z,196.0,9421a91db2c86212e2a5c8cdf700950621db8b3a,leeoniya/TimeZonePicker-refactor-2,2026-07-18T21:26:34Z,15,15,22,37,5,1,0
github_actions,grafana/grafana,29661612666,86833,pull_request,completed,success,2026-07-18T21:26:55Z,2026-07-18T21:26:55Z,2026-07-18T21:30:01Z,186.0,9421a91db2c86212e2a5c8cdf700950621db8b3a,leeoniya/TimeZonePicker-refactor-2,2026-07-18T21:26:34Z,15,15,22,37,5,1,0
github_actions,grafana/grafana,29661612633,83309,pull_request,completed,success,2026-07-18T21:26:55Z,2026-07-18T21:26:55Z,2026-07-18T21:31:31Z,276.0,9421a91db2c86212e2a5c8cdf700950621db8b3a,leeoniya/TimeZonePicker-refactor-2,2026-07-18T21:26:34Z,15,15,22,37,5,1,0
github_actions,grafana/grafana,29661612639,23890,pull_request,completed,success,2026-07-18T21:26:55Z,2026-07-18T21:26:55Z,2026-07-18T21:31:48Z,293.0,9421a91db2c86212e2a5c8cdf700950621db8b3a,leeoniya/TimeZonePicker-refactor-2,2026-07-18T21:26:34Z,15,15,22,37,5,1,0
github_actions,grafana/grafana,29661612721,72387,pull_request,completed,success,2026-07-18T21:26:55Z,2026-07-18T21:26:55Z,2026-07-18T21:32:44Z,349.0,9421a91db2c86212e2a5c8cdf700950621db8b3a,leeoniya/TimeZonePicker-refactor-2,2026-07-18T21:26:34Z,15,15,22,37,5,1,0
github_actions,grafana/grafana,29661612628,29646,pull_request,completed,success,2026-07-18T21:26:55Z,2026-07-18T21:26:55Z,2026-07-18T21:35:34Z,519.0,9421a91db2c86212e2a5c8cdf700950621db8b3a,leeoniya/TimeZonePicker-refactor-2,2026-07-18T21:26:34Z,15,15,22,37,5,1,0
github_actions,grafana/grafana,29661612647,100597,pull_request,completed,success,2026-07-18T21:26:55Z,2026-07-18T21:26:55Z,2026-07-18T21:36:26Z,571.0,9421a91db2c86212e2a5c8cdf700950621db8b3a,leeoniya/TimeZonePicker-refactor-2,2026-07-18T21:26:34Z,15,15,22,37,5,1,0
github_actions,grafana/grafana,29661612755,51404,pull_request,completed,success,2026-07-18T21:26:55Z,2026-07-18T21:26:55Z,2026-07-18T21:38:55Z,720.0,9421a91db2c86212e2a5c8cdf700950621db8b3a,leeoniya/TimeZonePicker-refactor-2,2026-07-18T21:26:34Z,15,15,22,37,5,1,0
github_actions,grafana/grafana,29661612661,95280,pull_request,completed,success,2026-07-18T21:26:55Z,2026-07-18T21:26:55Z,2026-07-18T21:41:55Z,900.0,9421a91db2c86212e2a5c8cdf700950621db8b3a,leeoniya/TimeZonePicker-refactor-2,2026-07-18T21:26:34Z,15,15,22,37,5,1,0
github_actions,grafana/grafana,29661612673,98069,pull_request,completed,success,2026-07-18T21:26:55Z,2026-07-18T21:26:55Z,2026-07-18T21:42:32Z,937.0,9421a91db2c86212e2a5c8cdf700950621db8b3a,leeoniya/TimeZonePicker-refactor-2,2026-07-18T21:26:34Z,15,15,22,37,5,1,0
github_actions,grafana/grafana,29661612710,91880,pull_request,completed,success,2026-07-18T21:26:55Z,2026-07-18T22:05:23Z,2026-07-18T22:11:53Z,390.0,9421a91db2c86212e2a5c8cdf700950621db8b3a,leeoniya/TimeZonePicker-refactor-2,2026-07-18T21:26:34Z,15,15,22,37,5,2,0
github_actions,grafana/grafana,29661612668,28491,pull_request,completed,success,2026-07-18T21:26:55Z,2026-07-18T21:26:55Z,2026-07-18T21:44:47Z,1072.0,9421a91db2c86212e2a5c8cdf700950621db8b3a,leeoniya/TimeZonePicker-refactor-2,2026-07-18T21:26:34Z,15,15,22,37,5,1,0
github_actions,grafana/grafana,29661611682,394214,pull_request_target,completed,success,2026-07-18T21:26:53Z,2026-07-18T21:26:53Z,2026-07-18T21:28:07Z,74.0,9421a91db2c86212e2a5c8cdf700950621db8b3a,leeoniya/TimeZonePicker-refactor-2,2026-07-18T21:26:34Z,15,15,22,37,5,1,0
github_actions,grafana/grafana,29661459597,72871,pull_request,completed,success,2026-07-18T21:21:54Z,2026-07-18T21:21:54Z,2026-07-18T21:23:22Z,88.0,ba636049f27c09638f864f46bcdf5739763acfca,ihm/260715-saved-queries-ga,2026-07-18T21:20:44Z,82,138,0,138,5,1,0
github_actions,grafana/grafana,29661459598,78903,pull_request,completed,success,2026-07-18T21:21:54Z,2026-07-18T21:21:54Z,2026-07-18T21:25:27Z,213.0,ba636049f27c09638f864f46bcdf5739763acfca,ihm/260715-saved-queries-ga,2026-07-18T21:20:44Z,82,138,0,138,5,1,0
github_actions,grafana/grafana,29661459351,7669,pull_request,completed,success,2026-07-18T21:21:53Z,2026-07-18T21:21:53Z,2026-07-18T21:22:22Z,29.0,ba636049f27c09638f864f46bcdf5739763acfca,ihm/260715-saved-queries-ga,2026-07-18T21:20:44Z,82,138,0,138,5,1,0
github_actions,grafana/grafana,29661459345,28490,pull_request,completed,success,2026-07-18T21:21:53Z,2026-07-18T21:21:53Z,2026-07-18T21:22:24Z,31.0,ba636049f27c09638f864f46bcdf5739763acfca,ihm/260715-saved-queries-ga,2026-07-18T21:20:44Z,82,138,0,138,5,1,0
github_actions,grafana/grafana,29661459364,644182,pull_request,completed,success,2026-07-18T21:21:53Z,2026-07-18T21:21:53Z,2026-07-18T21:22:02Z,9.0,ba636049f27c09638f864f46bcdf5739763acfca,ihm/260715-saved-queries-ga,2026-07-18T21:20:44Z,82,138,0,138,5,1,0
github_actions,grafana/grafana,29661459388,156095,pull_request,completed,success,2026-07-18T21:21:53Z,2026-07-18T21:21:53Z,2026-07-18T21:22:27Z,34.0,ba636049f27c09638f864f46bcdf5739763acfca,ihm/260715-saved-queries-ga,2026-07-18T21:20:44Z,82,138,0,138,5,1,0
github_actions,grafana/grafana,29661459335,8300,pull_request,completed,success,2026-07-18T21:21:53Z,2026-07-18T21:21:53Z,2026-07-18T21:22:27Z,34.0,ba636049f27c09638f864f46bcdf5739763acfca,ihm/260715-saved-queries-ga,2026-07-18T21:20:44Z,82,138,0,138,5,1,0
github_actions,grafana/grafana,29661459375,70692,pull_request,completed,success,2026-07-18T21:21:53Z,2026-07-18T21:21:53Z,2026-07-18T21:22:29Z,36.0,ba636049f27c09638f864f46bcdf5739763acfca,ihm/260715-saved-queries-ga,2026-07-18T21:20:44Z,82,138,0,138,5,1,0
github_actions,grafana/grafana,29661459374,79800,pull_request,completed,success,2026-07-18T21:21:53Z,2026-07-18T21:21:53Z,2026-07-18T21:22:29Z,36.0,ba636049f27c09638f864f46bcdf5739763acfca,ihm/260715-saved-queries-ga,2026-07-18T21:20:44Z,82,138,0,138,5,1,0
github_actions,grafana/grafana,29661459352,72386,pull_request,completed,success,2026-07-18T21:21:53Z,2026-07-18T21:21:53Z,2026-07-18T21:22:48Z,55.0,ba636049f27c09638f864f46bcdf5739763acfca,ihm/260715-saved-queries-ga,2026-07-18T21:20:44Z,82,138,0,138,5,1,0
github_actions,grafana/grafana,29661459337,84617,pull_request,completed,success,2026-07-18T21:21:53Z,2026-07-18T21:21:53Z,2026-07-18T21:22:35Z,42.0,ba636049f27c09638f864f46bcdf5739763acfca,ihm/260715-saved-queries-ga,2026-07-18T21:20:44Z,82,138,0,138,5,1,0
github_actions,grafana/grafana,29661459554,29471,pull_request,completed,success,2026-07-18T21:21:53Z,2026-07-18T21:21:53Z,2026-07-18T21:22:35Z,42.0,ba636049f27c09638f864f46bcdf5739763acfca,ihm/260715-saved-queries-ga,2026-07-18T21:20:44Z,82,138,0,138,5,1,0
github_actions,grafana/grafana,29661459358,95279,pull_request,completed,success,2026-07-18T21:21:53Z,2026-07-18T21:21:53Z,2026-07-18T21:22:40Z,47.0,ba636049f27c09638f864f46bcdf5739763acfca,ihm/260715-saved-queries-ga,2026-07-18T21:20:44Z,82,138,0,138,5,1,0
github_actions,grafana/grafana,29661459393,80018,pull_request,completed,success,2026-07-18T21:21:53Z,2026-07-18T21:21:53Z,2026-07-18T21:22:41Z,48.0,ba636049f27c09638f864f46bcdf5739763acfca,ihm/260715-saved-queries-ga,2026-07-18T21:20:44Z,82,138,0,138,5,1,0
github_actions,grafana/grafana,29661459338,92630,pull_request,completed,success,2026-07-18T21:21:53Z,2026-07-18T21:21:53Z,2026-07-18T21:23:27Z,94.0,ba636049f27c09638f864f46bcdf5739763acfca,ihm/260715-saved-queries-ga,2026-07-18T21:20:44Z,82,138,0,138,5,1,0
github_actions,grafana/grafana,29661459440,102367,pull_request,completed,success,2026-07-18T21:21:53Z,2026-07-18T21:21:53Z,2026-07-18T21:23:58Z,125.0,ba636049f27c09638f864f46bcdf5739763acfca,ihm/260715-saved-queries-ga,2026-07-18T21:20:44Z,82,138,0,138,5,1,0
github_actions,grafana/grafana,29661459370,43682,pull_request,completed,success,2026-07-18T21:21:53Z,2026-07-18T21:21:53Z,2026-07-18T21:24:26Z,153.0,ba636049f27c09638f864f46bcdf5739763acfca,ihm/260715-saved-queries-ga,2026-07-18T21:20:44Z,82,138,0,138,5,1,0
github_actions,grafana/grafana,29661459357,86832,pull_request,completed,success,2026-07-18T21:21:53Z,2026-07-18T21:21:53Z,2026-07-18T21:24:36Z,163.0,ba636049f27c09638f864f46bcdf5739763acfca,ihm/260715-saved-queries-ga,2026-07-18T21:20:44Z,82,138,0,138,5,1,0
github_actions,grafana/grafana,29661459386,23581,pull_request,completed,success,2026-07-18T21:21:53Z,2026-07-18T21:21:53Z,2026-07-18T21:24:42Z,169.0,ba636049f27c09638f864f46bcdf5739763acfca,ihm/260715-saved-queries-ga,2026-07-18T21:20:44Z,82,138,0,138,5,1,0
github_actions,grafana/grafana,29661459325,91879,pull_request,completed,success,2026-07-18T21:21:53Z,2026-07-18T21:21:53Z,2026-07-18T21:25:06Z,193.0,ba636049f27c09638f864f46bcdf5739763acfca,ihm/260715-saved-queries-ga,2026-07-18T21:20:44Z,82,138,0,138,5,1,0
github_actions,grafana/grafana,29661459326,10098,pull_request,completed,success,2026-07-18T21:21:53Z,2026-07-18T21:21:53Z,2026-07-18T21:25:15Z,202.0,ba636049f27c09638f864f46bcdf5739763acfca,ihm/260715-saved-queries-ga,2026-07-18T21:20:44Z,82,138,0,138,5,1,0
github_actions,grafana/grafana,29661459420,83308,pull_request,completed,success,2026-07-18T21:21:53Z,2026-07-18T21:21:53Z,2026-07-18T21:25:59Z,246.0,ba636049f27c09638f864f46bcdf5739763acfca,ihm/260715-saved-queries-ga,2026-07-18T21:20:44Z,82,138,0,138,5,1,0
github_actions,grafana/grafana,29661459573,12087,pull_request,completed,success,2026-07-18T21:21:53Z,2026-07-18T21:21:53Z,2026-07-18T21:26:23Z,270.0,ba636049f27c09638f864f46bcdf5739763acfca,ihm/260715-saved-queries-ga,2026-07-18T21:20:44Z,82,138,0,138,5,1,0
github_actions,grafana/grafana,29661459376,36137,pull_request,completed,success,2026-07-18T21:21:53Z,2026-07-18T21:21:53Z,2026-07-18T21:26:27Z,274.0,ba636049f27c09638f864f46bcdf5739763acfca,ihm/260715-saved-queries-ga,2026-07-18T21:20:44Z,82,138,0,138,5,1,0
github_actions,grafana/grafana,29661459344,98068,pull_request,completed,success,2026-07-18T21:21:53Z,2026-07-18T21:21:53Z,2026-07-18T21:27:24Z,331.0,ba636049f27c09638f864f46bcdf5739763acfca,ihm/260715-saved-queries-ga,2026-07-18T21:20:44Z,82,138,0,138,5,1,0
github_actions,grafana/grafana,29661459350,100596,pull_request,completed,success,2026-07-18T21:21:53Z,2026-07-18T21:21:53Z,2026-07-18T21:31:02Z,549.0,ba636049f27c09638f864f46bcdf5739763acfca,ihm/260715-saved-queries-ga,2026-07-18T21:20:44Z,82,138,0,138,5,1,0
github_actions,grafana/grafana,29661458529,394213,pull_request_target,completed,success,2026-07-18T21:21:52Z,2026-07-18T21:21:52Z,2026-07-18T21:22:02Z,10.0,ba636049f27c09638f864f46bcdf5739763acfca,ihm/260715-saved-queries-ga,2026-07-18T21:20:44Z,82,138,0,138,5,1,0
github_actions,grafana/grafana,29661376586,7330,schedule,completed,success,2026-07-18T21:19:14Z,2026-07-18T21:19:14Z,2026-07-18T21:21:20Z,126.0,e42e7a9a2e5a8418dc687d3e2a33b18b41a71d78,main,2026-07-18T15:54:08Z,67,49,35,84,6,1,0
github_actions,grafana/grafana,29659452825,7329,schedule,completed,success,2026-07-18T20:18:38Z,2026-07-18T20:18:38Z,2026-07-18T20:20:44Z,126.0,e42e7a9a2e5a8418dc687d3e2a33b18b41a71d78,main,2026-07-18T15:54:08Z,67,49,35,84,6,1,0
github_actions,grafana/grafana,29655894510,253769,issue_comment,completed,success,2026-07-18T18:27:20Z,2026-07-18T18:27:20Z,2026-07-18T18:27:38Z,18.0,e42e7a9a2e5a8418dc687d3e2a33b18b41a71d78,main,2026-07-18T15:54:08Z,67,49,35,84,6,1,0
github_actions,grafana/grafana,29655796097,11598,workflow_run,completed,success,2026-07-18T18:24:26Z,2026-07-18T18:24:26Z,2026-07-18T18:24:47Z,21.0,e42e7a9a2e5a8418dc687d3e2a33b18b41a71d78,main,2026-07-18T15:54:08Z,67,49,35,84,6,1,0
github_actions,grafana/grafana,29655731947,78902,pull_request,completed,success,2026-07-18T18:22:27Z,2026-07-18T18:22:27Z,2026-07-18T18:27:16Z,289.0,f626eda29caec722f532d919324902e3e8e3580f,ihm/260718-multiple-variable-syntax,2026-07-18T18:20:18Z,49,12,1,13,1,1,0
github_actions,grafana/grafana,29655731475,394209,pull_request_target,completed,success,2026-07-18T18:22:26Z,2026-07-18T18:22:26Z,2026-07-18T18:22:35Z,9.0,f626eda29caec722f532d919324902e3e8e3580f,ihm/260718-multiple-variable-syntax,2026-07-18T18:20:18Z,49,12,1,13,1,1,0
github_actions,grafana/grafana,29655731488,89157,pull_request_target,completed,success,2026-07-18T18:22:26Z,2026-07-18T18:22:26Z,2026-07-18T18:22:36Z,10.0,f626eda29caec722f532d919324902e3e8e3580f,ihm/260718-multiple-variable-syntax,2026-07-18T18:20:18Z,49,12,1,13,1,1,0
github_actions,grafana/grafana,29655731727,156094,pull_request,completed,success,2026-07-18T18:22:26Z,2026-07-18T18:22:26Z,2026-07-18T18:22:58Z,32.0,f626eda29caec722f532d919324902e3e8e3580f,ihm/260718-multiple-variable-syntax,2026-07-18T18:20:18Z,49,12,1,13,1,1,0
github_actions,grafana/grafana,29655731580,43679,pull_request,completed,success,2026-07-18T18:22:26Z,2026-07-18T18:22:26Z,2026-07-18T18:22:59Z,33.0,f626eda29caec722f532d919324902e3e8e3580f,ihm/260718-multiple-variable-syntax,2026-07-18T18:20:18Z,49,12,1,13,1,1,0
github_actions,grafana/grafana,29655731737,7668,pull_request,completed,success,2026-07-18T18:22:26Z,2026-07-18T18:22:26Z,2026-07-18T18:22:59Z,33.0,f626eda29caec722f532d919324902e3e8e3580f,ihm/260718-multiple-variable-syntax,2026-07-18T18:20:18Z,49,12,1,13,1,1,0
github_actions,grafana/grafana,29655731715,28489,pull_request,completed,success,2026-07-18T18:22:26Z,2026-07-18T18:22:26Z,2026-07-18T18:22:56Z,30.0,f626eda29caec722f532d919324902e3e8e3580f,ihm/260718-multiple-variable-syntax,2026-07-18T18:20:18Z,49,12,1,13,1,1,0
github_actions,grafana/grafana,29655731514,43678,pull_request,completed,success,2026-07-18T18:22:26Z,2026-07-18T18:22:26Z,2026-07-18T18:23:01Z,35.0,f626eda29caec722f532d919324902e3e8e3580f,ihm/260718-multiple-variable-syntax,2026-07-18T18:20:18Z,49,12,1,13,1,1,0
github_actions,grafana/grafana,29655731583,43680,pull_request,completed,success,2026-07-18T18:22:26Z,2026-07-18T18:22:26Z,2026-07-18T18:23:01Z,35.0,f626eda29caec722f532d919324902e3e8e3580f,ihm/260718-multiple-variable-syntax,2026-07-18T18:20:18Z,49,12,1,13,1,1,0
github_actions,grafana/grafana,29655731895,29470,pull_request,completed,success,2026-07-18T18:22:26Z,2026-07-18T18:22:26Z,2026-07-18T18:23:03Z,37.0,f626eda29caec722f532d919324902e3e8e3580f,ihm/260718-multiple-variable-syntax,2026-07-18T18:20:18Z,49,12,1,13,1,1,0
github_actions,grafana/grafana,29655731740,95278,pull_request,completed,success,2026-07-18T18:22:26Z,2026-07-18T18:22:26Z,2026-07-18T18:23:08Z,42.0,f626eda29caec722f532d919324902e3e8e3580f,ihm/260718-multiple-variable-syntax,2026-07-18T18:20:18Z,49,12,1,13,1,1,0
github_actions,grafana/grafana,29655731626,394212,pull_request_target,completed,success,2026-07-18T18:22:26Z,2026-07-18T18:22:26Z,2026-07-18T18:23:50Z,84.0,f626eda29caec722f532d919324902e3e8e3580f,ihm/260718-multiple-variable-syntax,2026-07-18T18:20:18Z,49,12,1,13,1,1,0
github_actions,grafana/grafana,29655731919,72870,pull_request,completed,success,2026-07-18T18:22:26Z,2026-07-18T18:22:26Z,2026-07-18T18:24:10Z,104.0,f626eda29caec722f532d919324902e3e8e3580f,ihm/260718-multiple-variable-syntax,2026-07-18T18:20:18Z,49,12,1,13,1,1,0
github_actions,grafana/grafana,29655731721,644181,pull_request,completed,success,2026-07-18T18:22:26Z,2026-07-18T18:22:26Z,2026-07-18T18:24:11Z,105.0,f626eda29caec722f532d919324902e3e8e3580f,ihm/260718-multiple-variable-syntax,2026-07-18T18:20:18Z,49,12,1,13,1,1,0
github_actions,grafana/grafana,29655731666,102366,pull_request,completed,success,2026-07-18T18:22:26Z,2026-07-18T18:22:26Z,2026-07-18T18:24:16Z,110.0,f626eda29caec722f532d919324902e3e8e3580f,ihm/260718-multiple-variable-syntax,2026-07-18T18:20:18Z,49,12,1,13,1,1,0
github_actions,grafana/grafana,29655731750,86831,pull_request,completed,success,2026-07-18T18:22:26Z,2026-07-18T18:22:26Z,2026-07-18T18:24:19Z,113.0,f626eda29caec722f532d919324902e3e8e3580f,ihm/260718-multiple-variable-syntax,2026-07-18T18:20:18Z,49,12,1,13,1,1,0
github_actions,grafana/grafana,29655731498,11598,pull_request_target,completed,success,2026-07-18T18:22:26Z,2026-07-18T18:22:26Z,2026-07-18T18:24:24Z,118.0,f626eda29caec722f532d919324902e3e8e3580f,ihm/260718-multiple-variable-syntax,2026-07-18T18:20:18Z,49,12,1,13,1,1,0
github_actions,grafana/grafana,29655731562,8297,pull_request,completed,success,2026-07-18T18:22:26Z,2026-07-18T18:22:26Z,2026-07-18T18:24:50Z,144.0,f626eda29caec722f532d919324902e3e8e3580f,ihm/260718-multiple-variable-syntax,2026-07-18T18:20:18Z,49,12,1,13,1,1,0
github_actions,grafana/grafana,29655731713,70691,pull_request,completed,success,2026-07-18T18:22:26Z,2026-07-18T18:22:26Z,2026-07-18T18:24:48Z,142.0,f626eda29caec722f532d919324902e3e8e3580f,ihm/260718-multiple-variable-syntax,2026-07-18T18:20:18Z,49,12,1,13,1,1,0
github_actions,grafana/grafana,29655731726,43681,pull_request,completed,success,2026-07-18T18:22:26Z,2026-07-18T18:22:26Z,2026-07-18T18:25:06Z,160.0,f626eda29caec722f532d919324902e3e8e3580f,ihm/260718-multiple-variable-syntax,2026-07-18T18:20:18Z,49,12,1,13,1,1,0
github_actions,grafana/grafana,29655731710,84616,pull_request,completed,success,2026-07-18T18:22:26Z,2026-07-18T18:22:26Z,2026-07-18T18:25:13Z,167.0,f626eda29caec722f532d919324902e3e8e3580f,ihm/260718-multiple-variable-syntax,2026-07-18T18:20:18Z,49,12,1,13,1,1,0
github_actions,grafana/grafana,29655731743,79799,pull_request,completed,success,2026-07-18T18:22:26Z,2026-07-18T18:22:26Z,2026-07-18T18:25:21Z,175.0,f626eda29caec722f532d919324902e3e8e3580f,ihm/260718-multiple-variable-syntax,2026-07-18T18:20:18Z,49,12,1,13,1,1,0
github_actions,grafana/grafana,29655731722,80017,pull_request,completed,success,2026-07-18T18:22:26Z,2026-07-18T18:22:26Z,2026-07-18T18:25:32Z,186.0,f626eda29caec722f532d919324902e3e8e3580f,ihm/260718-multiple-variable-syntax,2026-07-18T18:20:18Z,49,12,1,13,1,1,0
github_actions,grafana/grafana,29655731738,91878,pull_request,completed,success,2026-07-18T18:22:26Z,2026-07-18T18:22:26Z,2026-07-18T18:25:45Z,199.0,f626eda29caec722f532d919324902e3e8e3580f,ihm/260718-multiple-variable-syntax,2026-07-18T18:20:18Z,49,12,1,13,1,1,0
github_actions,grafana/grafana,29655731711,92629,pull_request,completed,success,2026-07-18T18:22:26Z,2026-07-18T18:22:26Z,2026-07-18T18:25:40Z,194.0,f626eda29caec722f532d919324902e3e8e3580f,ihm/260718-multiple-variable-syntax,2026-07-18T18:20:18Z,49,12,1,13,1,1,0
github_actions,grafana/grafana,29655731630,8298,pull_request,completed,success,2026-07-18T18:22:26Z,2026-07-18T18:22:26Z,2026-07-18T18:25:41Z,195.0,f626eda29caec722f532d919324902e3e8e3580f,ihm/260718-multiple-variable-syntax,2026-07-18T18:20:18Z,49,12,1,13,1,1,0
github_actions,grafana/grafana,29655731506,8296,pull_request,completed,success,2026-07-18T18:22:26Z,2026-07-18T18:22:26Z,2026-07-18T18:25:37Z,191.0,f626eda29caec722f532d919324902e3e8e3580f,ihm/260718-multiple-variable-syntax,2026-07-18T18:20:18Z,49,12,1,13,1,1,0
github_actions,grafana/grafana,29655731694,8299,pull_request,completed,success,2026-07-18T18:22:26Z,2026-07-18T18:22:26Z,2026-07-18T18:25:57Z,211.0,f626eda29caec722f532d919324902e3e8e3580f,ihm/260718-multiple-variable-syntax,2026-07-18T18:20:18Z,49,12,1,13,1,1,0
github_actions,grafana/grafana,29655731569,23578,pull_request,completed,success,2026-07-18T18:22:26Z,2026-07-18T18:22:26Z,2026-07-18T18:25:58Z,212.0,f626eda29caec722f532d919324902e3e8e3580f,ihm/260718-multiple-variable-syntax,2026-07-18T18:20:18Z,49,12,1,13,1,1,0
github_actions,grafana/grafana,29655731502,23577,pull_request,completed,success,2026-07-18T18:22:26Z,2026-07-18T18:22:26Z,2026-07-18T18:25:48Z,202.0,f626eda29caec722f532d919324902e3e8e3580f,ihm/260718-multiple-variable-syntax,2026-07-18T18:20:18Z,49,12,1,13,1,1,0
github_actions,grafana/grafana,29655731705,10097,pull_request,completed,success,2026-07-18T18:22:26Z,2026-07-18T18:22:26Z,2026-07-18T18:25:46Z,200.0,f626eda29caec722f532d919324902e3e8e3580f,ihm/260718-multiple-variable-syntax,2026-07-18T18:20:18Z,49,12,1,13,1,1,0
github_actions,grafana/grafana,29655731699,23580,pull_request,completed,success,2026-07-18T18:22:26Z,2026-07-18T18:22:26Z,2026-07-18T18:26:03Z,217.0,f626eda29caec722f532d919324902e3e8e3580f,ihm/260718-multiple-variable-syntax,2026-07-18T18:20:18Z,49,12,1,13,1,1,0
github_actions,grafana/grafana,29655731914,12086,pull_request,completed,success,2026-07-18T18:22:26Z,2026-07-18T18:22:26Z,2026-07-18T18:26:00Z,214.0,f626eda29caec722f532d919324902e3e8e3580f,ihm/260718-multiple-variable-syntax,2026-07-18T18:20:18Z,49,12,1,13,1,1,0
github_actions,grafana/grafana,29655731612,23579,pull_request,completed,success,2026-07-18T18:22:26Z,2026-07-18T18:22:26Z,2026-07-18T18:26:01Z,215.0,f626eda29caec722f532d919324902e3e8e3580f,ihm/260718-multiple-variable-syntax,2026-07-18T18:20:18Z,49,12,1,13,1,1,0
github_actions,grafana/grafana,29655731742,72385,pull_request,completed,success,2026-07-18T18:22:26Z,2026-07-18T18:22:26Z,2026-07-18T18:26:34Z,248.0,f626eda29caec722f532d919324902e3e8e3580f,ihm/260718-multiple-variable-syntax,2026-07-18T18:20:18Z,49,12,1,13,1,1,0
github_actions,tokio-rs/tokio,33163491340,15739,pull_request,completed,failure,2026-08-28T10:28:34Z,2026-08-28T10:28:34Z,2026-08-28T10:51:20Z,1366.0,c503184b7300fafa3bc1940ea2c64994dc863611,tests/reenable-rt-handle-block-on-io-shutdown,2026-08-28T10:12:22Z,963,8,22,30,1,1,1
github_actions,tokio-rs/tokio,33163490983,10439,pull_request_target,completed,success,2026-08-28T10:28:34Z,2026-08-28T10:28:34Z,2026-08-28T10:28:43Z,9.0,c503184b7300fafa3bc1940ea2c64994dc863611,tests/reenable-rt-handle-block-on-io-shutdown,2026-08-28T10:12:22Z,963,8,22,30,1,1,0
github_actions,tokio-rs/tokio,33163491105,14199,pull_request,completed,success,2026-08-28T10:28:34Z,2026-08-28T10:28:34Z,2026-08-28T10:29:40Z,66.0,c503184b7300fafa3bc1940ea2c64994dc863611,tests/reenable-rt-handle-block-on-io-shutdown,2026-08-28T10:12:22Z,963,8,22,30,1,1,0
github_actions,tokio-rs/tokio,33142917313,2657,schedule,completed,success,2026-08-28T04:49:18Z,2026-08-28T04:49:18Z,2026-08-28T04:49:50Z,32.0,ea91b33ca57ff0581b38e735cc108f831bccbdaa,master,2026-08-20T06:57:24Z,64,8,8,16,2,1,0
github_actions,tokio-rs/tokio,33096835018,17046,pull_request,completed,success,2026-08-27T17:08:08Z,2026-08-27T17:08:08Z,2026-08-27T19:20:35Z,7947.0,7d48143b4f04f0d62d2f86741580d7d71bebd82e,fix/mutex-fifo-coop-order,2026-08-27T17:08:03Z,52,8,8,16,2,1,0
github_actions,tokio-rs/tokio,33096835322,15738,pull_request,completed,failure,2026-08-27T17:08:08Z,2026-08-27T17:08:08Z,2026-08-27T17:29:18Z,1270.0,7d48143b4f04f0d62d2f86741580d7d71bebd82e,fix/mutex-fifo-coop-order,2026-08-27T17:08:03Z,52,8,8,16,2,1,1
github_actions,tokio-rs/tokio,33096834934,14198,pull_request,completed,success,2026-08-27T17:08:08Z,2026-08-27T17:08:08Z,2026-08-27T17:09:36Z,88.0,7d48143b4f04f0d62d2f86741580d7d71bebd82e,fix/mutex-fifo-coop-order,2026-08-27T17:08:03Z,52,8,8,16,2,1,0
github_actions,tokio-rs/tokio,33096833453,10438,pull_request_target,completed,success,2026-08-27T17:08:07Z,2026-08-27T17:08:07Z,2026-08-27T17:08:14Z,7.0,7d48143b4f04f0d62d2f86741580d7d71bebd82e,fix/mutex-fifo-coop-order,2026-08-27T17:08:03Z,52,8,8,16,2,1,0
github_actions,tokio-rs/tokio,33060392736,15737,pull_request,completed,success,2026-08-27T09:50:38Z,2026-08-27T09:50:38Z,2026-08-27T10:05:48Z,910.0,3fc9de3d5ed48e84fd84ddd75eda9fa1f17cdc1c,duplex-zero-capacity-panic,2026-08-27T09:50:26Z,56,42,23,65,3,1,0
github_actions,tokio-rs/tokio,33060392519,14197,pull_request,completed,success,2026-08-27T09:50:38Z,2026-08-27T09:50:38Z,2026-08-27T09:51:43Z,65.0,3fc9de3d5ed48e84fd84ddd75eda9fa1f17cdc1c,duplex-zero-capacity-panic,2026-08-27T09:50:26Z,56,42,23,65,3,1,0
github_actions,tokio-rs/tokio,33060389684,10437,pull_request_target,completed,success,2026-08-27T09:50:35Z,2026-08-27T09:50:35Z,2026-08-27T09:50:43Z,8.0,3fc9de3d5ed48e84fd84ddd75eda9fa1f17cdc1c,duplex-zero-capacity-panic,2026-08-27T09:50:26Z,56,42,23,65,3,1,0
github_actions,tokio-rs/tokio,33058353227,17042,pull_request,completed,success,2026-08-27T09:23:35Z,2026-08-27T09:23:35Z,2026-08-27T11:43:20Z,8385.0,4240afae7c0eca9b1160e8075416d4e3c72b9528,fix/mutex-fifo-coop-order,2026-08-19T10:57:13Z,60,39,17,56,2,1,0
github_actions,tokio-rs/tokio,33058039446,14196,pull_request,completed,success,2026-08-27T09:19:30Z,2026-08-27T09:19:30Z,2026-08-27T09:20:30Z,60.0,5b3d621636305ba06ea52c35daecd0a14d8d01d4,duplex-zero-capacity-panic,2026-08-27T09:15:27Z,59,34,1,35,2,1,0
github_actions,tokio-rs/tokio,33058037071,10436,pull_request_target,completed,success,2026-08-27T09:19:28Z,2026-08-27T09:19:28Z,2026-08-27T09:19:38Z,10.0,5b3d621636305ba06ea52c35daecd0a14d8d01d4,duplex-zero-capacity-panic,2026-08-27T09:15:27Z,59,34,1,35,2,1,0
github_actions,tokio-rs/tokio,33057665372,15735,push,completed,failure,2026-08-27T09:14:42Z,2026-08-27T09:14:42Z,2026-08-27T09:32:35Z,1073.0,9c880b082b38187e670965b6f30872edf864ac80,tokio-1.47.x,2026-08-27T09:14:39Z,317,1,1,2,1,1,1
github_actions,tokio-rs/tokio,33057665421,17039,push,completed,success,2026-08-27T09:14:42Z,2026-08-27T09:14:42Z,2026-08-27T10:16:17Z,3695.0,9c880b082b38187e670965b6f30872edf864ac80,tokio-1.47.x,2026-08-27T09:14:39Z,317,1,1,2,1,1,0
github_actions,tokio-rs/tokio,33057487485,17038,pull_request,completed,success,2026-08-27T09:12:22Z,2026-08-27T09:12:22Z,2026-08-27T10:56:59Z,6277.0,2e164893cfe76c751947b9b840902f965705937a,fix/semaphore-permit-merge-overflow,2026-08-27T09:09:55Z,53,12,0,12,1,1,0
github_actions,tokio-rs/tokio,33057379535,15734,pull_request,completed,failure,2026-08-27T09:10:57Z,2026-08-27T09:10:57Z,2026-08-27T09:44:40Z,2023.0,2e164893cfe76c751947b9b840902f965705937a,fix/semaphore-permit-merge-overflow,2026-08-27T09:09:55Z,53,12,0,12,1,1,1
github_actions,tokio-rs/tokio,33057379227,10435,pull_request_target,completed,success,2026-08-27T09:10:56Z,2026-08-27T09:10:56Z,2026-08-27T09:11:05Z,9.0,2e164893cfe76c751947b9b840902f965705937a,fix/semaphore-permit-merge-overflow,2026-08-27T09:09:55Z,53,12,0,12,1,1,0
github_actions,tokio-rs/tokio,33057379358,14195,pull_request,completed,success,2026-08-27T09:10:56Z,2026-08-27T09:10:56Z,2026-08-27T09:11:56Z,60.0,2e164893cfe76c751947b9b840902f965705937a,fix/semaphore-permit-merge-overflow,2026-08-27T09:09:55Z,53,12,0,12,1,1,0
github_actions,tokio-rs/tokio,33041568607,20,dynamic,completed,success,2026-08-27T05:08:38Z,2026-08-27T05:08:38Z,2026-08-27T05:09:39Z,61.0,ea91b33ca57ff0581b38e735cc108f831bccbdaa,master,2026-08-20T06:57:24Z,64,8,8,16,2,1,0
github_actions,tokio-rs/tokio,33037628883,2656,schedule,completed,success,2026-08-27T03:51:48Z,2026-08-27T03:51:48Z,2026-08-27T03:52:14Z,26.0,ea91b33ca57ff0581b38e735cc108f831bccbdaa,master,2026-08-20T06:57:24Z,64,8,8,16,2,1,0
github_actions,tokio-rs/tokio,33024645739,15733,pull_request,completed,failure,2026-08-26T23:48:29Z,2026-08-26T23:48:29Z,2026-08-26T23:50:51Z,142.0,fc36c7dbd727c984b2fe6b8a1c438f21f1034e61,fix/current-thread-taskdump-double-borrow,2026-08-26T23:46:18Z,935,49,20,69,3,1,1
github_actions,tokio-rs/tokio,33024645574,14194,pull_request,completed,success,2026-08-26T23:48:28Z,2026-08-26T23:48:28Z,2026-08-26T23:49:26Z,58.0,fc36c7dbd727c984b2fe6b8a1c438f21f1034e61,fix/current-thread-taskdump-double-borrow,2026-08-26T23:46:18Z,935,49,20,69,3,1,0
github_actions,tokio-rs/tokio,33024571017,10434,pull_request_target,completed,success,2026-08-26T23:47:06Z,2026-08-26T23:47:06Z,2026-08-26T23:47:14Z,8.0,fc36c7dbd727c984b2fe6b8a1c438f21f1034e61,fix/current-thread-taskdump-double-borrow,2026-08-26T23:46:18Z,935,49,20,69,3,1,0
github_actions,tokio-rs/tokio,32954506284,15732,pull_request,completed,success,2026-08-26T09:43:21Z,2026-08-27T09:01:09Z,2026-08-27T09:08:17Z,428.0,2322aaac1dbf4657c6725c34cfbadd97fd3e530e,codex/ci-semver-release-push,2026-08-26T09:42:35Z,372,1,1,2,1,2,0
github_actions,tokio-rs/tokio,32954506077,14193,pull_request,completed,success,2026-08-26T09:43:21Z,2026-08-26T09:43:21Z,2026-08-26T09:44:19Z,58.0,2322aaac1dbf4657c6725c34cfbadd97fd3e530e,codex/ci-semver-release-push,2026-08-26T09:42:35Z,372,1,1,2,1,1,0
github_actions,tokio-rs/tokio,32954503558,10433,pull_request_target,completed,success,2026-08-26T09:43:19Z,2026-08-26T09:43:19Z,2026-08-26T09:43:28Z,9.0,2322aaac1dbf4657c6725c34cfbadd97fd3e530e,codex/ci-semver-release-push,2026-08-26T09:42:35Z,372,1,1,2,1,1,0
github_actions,tokio-rs/tokio,32928040213,15731,pull_request,completed,success,2026-08-26T03:51:53Z,2026-08-26T03:51:53Z,2026-08-26T04:13:55Z,1322.0,60da31c12c0d4b0fc86156d81a1989051864560c,codex/ci-semver-release-push,2026-08-26T03:49:46Z,372,1,1,2,1,1,0
github_actions,tokio-rs/tokio,32928039922,10432,pull_request_target,completed,success,2026-08-26T03:51:52Z,2026-08-26T03:51:52Z,2026-08-26T03:52:00Z,8.0,60da31c12c0d4b0fc86156d81a1989051864560c,codex/ci-semver-release-push,2026-08-26T03:49:46Z,372,1,1,2,1,1,0
github_actions,tokio-rs/tokio,32928039841,14192,pull_request,completed,success,2026-08-26T03:51:52Z,2026-08-26T03:51:52Z,2026-08-26T03:52:50Z,58.0,60da31c12c0d4b0fc86156d81a1989051864560c,codex/ci-semver-release-push,2026-08-26T03:49:46Z,372,1,1,2,1,1,0
github_actions,tokio-rs/tokio,32923122094,2655,schedule,completed,success,2026-08-26T02:32:49Z,2026-08-26T02:32:49Z,2026-08-26T02:33:13Z,24.0,ea91b33ca57ff0581b38e735cc108f831bccbdaa,master,2026-08-20T06:57:24Z,64,8,8,16,2,1,0
github_actions,tokio-rs/tokio,32921320941,4275,pull_request,completed,success,2026-08-26T02:04:03Z,2026-08-26T02:04:03Z,2026-08-26T02:04:26Z,23.0,64c8614adfbe37841b749cb9de70d57fd0c8dec8,emscripten-jspi,2026-08-26T02:03:55Z,21,1,1,2,1,1,0
github_actions,tokio-rs/tokio,32921320959,14191,pull_request,completed,success,2026-08-26T02:04:03Z,2026-08-26T02:04:03Z,2026-08-26T02:05:09Z,66.0,64c8614adfbe37841b749cb9de70d57fd0c8dec8,emscripten-jspi,2026-08-26T02:03:55Z,21,1,1,2,1,1,0
github_actions,tokio-rs/tokio,32921321238,15730,pull_request,completed,success,2026-08-26T02:04:03Z,2026-08-26T02:04:03Z,2026-08-26T02:30:15Z,1572.0,64c8614adfbe37841b749cb9de70d57fd0c8dec8,emscripten-jspi,2026-08-26T02:03:55Z,21,1,1,2,1,1,0
github_actions,tokio-rs/tokio,32921320497,15729,pull_request,completed,success,2026-08-26T02:04:03Z,2026-08-26T02:04:03Z,2026-08-26T02:26:03Z,1320.0,570a195ee7590af9161311e657c29e742edcc733,emscripten-target,2026-08-26T02:03:54Z,46,6,4,10,1,1,0
github_actions,tokio-rs/tokio,32921320987,17031,pull_request,completed,success,2026-08-26T02:04:03Z,2026-08-26T02:04:03Z,2026-08-26T03:52:42Z,6519.0,64c8614adfbe37841b749cb9de70d57fd0c8dec8,emscripten-jspi,2026-08-26T02:03:55Z,21,1,1,2,1,1,0
github_actions,tokio-rs/tokio,32921320236,4274,pull_request,completed,success,2026-08-26T02:04:02Z,2026-08-26T02:04:02Z,2026-08-26T02:04:24Z,22.0,570a195ee7590af9161311e657c29e742edcc733,emscripten-target,2026-08-26T02:03:54Z,46,6,4,10,1,1,0
github_actions,tokio-rs/tokio,32921320300,14190,pull_request,completed,success,2026-08-26T02:04:02Z,2026-08-26T02:04:02Z,2026-08-26T02:05:16Z,74.0,570a195ee7590af9161311e657c29e742edcc733,emscripten-target,2026-08-26T02:03:54Z,46,6,4,10,1,1,0
github_actions,tokio-rs/tokio,32921320266,17030,pull_request,completed,success,2026-08-26T02:04:02Z,2026-08-26T02:04:02Z,2026-08-26T03:50:28Z,6386.0,570a195ee7590af9161311e657c29e742edcc733,emscripten-target,2026-08-26T02:03:54Z,46,6,4,10,1,1,0
github_actions,tokio-rs/tokio,32921317844,10431,pull_request_target,completed,success,2026-08-26T02:04:00Z,2026-08-26T02:04:00Z,2026-08-26T02:04:09Z,9.0,64c8614adfbe37841b749cb9de70d57fd0c8dec8,emscripten-jspi,2026-08-26T02:03:55Z,21,1,1,2,1,1,0
github_actions,tokio-rs/tokio,32921317802,10430,pull_request_target,completed,success,2026-08-26T02:04:00Z,2026-08-26T02:04:00Z,2026-08-26T02:04:10Z,10.0,570a195ee7590af9161311e657c29e742edcc733,emscripten-target,2026-08-26T02:03:54Z,46,6,4,10,1,1,0
github_actions,tokio-rs/tokio,32920844770,4272,pull_request,completed,success,2026-08-26T01:56:28Z,2026-08-26T01:56:28Z,2026-08-26T01:56:51Z,23.0,c83349ab9444e8ca3bce789fb23041cd6f3420cc,emscripten-jspi,2026-08-26T01:55:21Z,21,1,1,2,1,1,0
github_actions,tokio-rs/tokio,32920844965,4273,pull_request,completed,success,2026-08-26T01:56:28Z,2026-08-26T01:56:28Z,2026-08-26T01:56:51Z,23.0,6c6221481587891cfc03077d6471a1c7f393a8a8,emscripten-target,2026-08-26T01:55:12Z,46,6,4,10,1,1,0
github_actions,tokio-rs/tokio,32920844977,14189,pull_request,completed,success,2026-08-26T01:56:28Z,2026-08-26T01:56:28Z,2026-08-26T01:57:31Z,63.0,6c6221481587891cfc03077d6471a1c7f393a8a8,emscripten-target,2026-08-26T01:55:12Z,46,6,4,10,1,1,0
github_actions,tokio-rs/tokio,32920844766,14188,pull_request,completed,success,2026-08-26T01:56:28Z,2026-08-26T01:56:28Z,2026-08-26T01:57:42Z,74.0,c83349ab9444e8ca3bce789fb23041cd6f3420cc,emscripten-jspi,2026-08-26T01:55:21Z,21,1,1,2,1,1,0
github_actions,tokio-rs/tokio,32920844962,15727,pull_request,completed,failure,2026-08-26T01:56:28Z,2026-08-26T01:56:28Z,2026-08-26T01:58:48Z,140.0,c83349ab9444e8ca3bce789fb23041cd6f3420cc,emscripten-jspi,2026-08-26T01:55:21Z,21,1,1,2,1,1,1
github_actions,tokio-rs/tokio,32920845129,15728,pull_request,completed,failure,2026-08-26T01:56:28Z,2026-08-26T01:56:28Z,2026-08-26T01:58:51Z,143.0,6c6221481587891cfc03077d6471a1c7f393a8a8,emscripten-target,2026-08-26T01:55:12Z,46,6,4,10,1,1,1
github_actions,tokio-rs/tokio,32920842896,10429,pull_request_target,completed,success,2026-08-26T01:56:26Z,2026-08-26T01:56:26Z,2026-08-26T01:56:37Z,11.0,6c6221481587891cfc03077d6471a1c7f393a8a8,emscripten-target,2026-08-26T01:55:12Z,46,6,4,10,1,1,0
github_actions,tokio-rs/tokio,32920842334,10428,pull_request_target,completed,success,2026-08-26T01:56:26Z,2026-08-26T01:56:26Z,2026-08-26T01:56:47Z,21.0,c83349ab9444e8ca3bce789fb23041cd6f3420cc,emscripten-jspi,2026-08-26T01:55:21Z,21,1,1,2,1,1,0
github_actions,tokio-rs/tokio,32918010984,15726,pull_request,completed,success,2026-08-26T01:11:09Z,2026-08-26T01:11:09Z,2026-08-26T01:33:13Z,1324.0,1865864058e06910500a058ada0b8a4b5fe7fd43,emscripten-jspi,2026-08-26T01:07:26Z,21,1,1,2,1,1,0
github_actions,tokio-rs/tokio,32918010546,15725,pull_request,completed,success,2026-08-26T01:11:09Z,2026-08-26T01:11:09Z,2026-08-26T01:33:06Z,1317.0,fab0ff8f56e9ee5ee247f180ffb05912279c67bf,emscripten-target,2026-08-26T01:07:16Z,46,6,4,10,1,1,0
github_actions,tokio-rs/tokio,32918010439,4270,pull_request,completed,success,2026-08-26T01:11:09Z,2026-08-26T01:11:09Z,2026-08-26T01:11:37Z,28.0,fab0ff8f56e9ee5ee247f180ffb05912279c67bf,emscripten-target,2026-08-26T01:07:16Z,46,6,4,10,1,1,0
github_actions,tokio-rs/tokio,32918010854,4271,pull_request,completed,success,2026-08-26T01:11:09Z,2026-08-26T01:11:09Z,2026-08-26T01:11:49Z,40.0,1865864058e06910500a058ada0b8a4b5fe7fd43,emscripten-jspi,2026-08-26T01:07:26Z,21,1,1,2,1,1,0
github_actions,tokio-rs/tokio,32918010832,14187,pull_request,completed,success,2026-08-26T01:11:09Z,2026-08-26T01:11:09Z,2026-08-26T01:12:13Z,64.0,1865864058e06910500a058ada0b8a4b5fe7fd43,emscripten-jspi,2026-08-26T01:07:26Z,21,1,1,2,1,1,0
github_actions,tokio-rs/tokio,32918010437,14186,pull_request,completed,success,2026-08-26T01:11:09Z,2026-08-26T01:11:09Z,2026-08-26T01:12:25Z,76.0,fab0ff8f56e9ee5ee247f180ffb05912279c67bf,emscripten-target,2026-08-26T01:07:16Z,46,6,4,10,1,1,0
github_actions,tokio-rs/tokio,32918008835,10427,pull_request_target,completed,success,2026-08-26T01:11:07Z,2026-08-26T01:11:07Z,2026-08-26T01:11:23Z,16.0,1865864058e06910500a058ada0b8a4b5fe7fd43,emscripten-jspi,2026-08-26T01:07:26Z,21,1,1,2,1,1,0
github_actions,tokio-rs/tokio,32918008093,10426,pull_request_target,completed,success,2026-08-26T01:11:07Z,2026-08-26T01:11:07Z,2026-08-26T01:11:18Z,11.0,fab0ff8f56e9ee5ee247f180ffb05912279c67bf,emscripten-target,2026-08-26T01:07:16Z,46,6,4,10,1,1,0
github_actions,tokio-rs/tokio,32917675831,4269,pull_request,completed,success,2026-08-26T01:05:52Z,2026-08-26T01:05:52Z,2026-08-26T01:06:22Z,30.0,23060f5b3df99172c226f0325793ca3699fd9b3c,emscripten-jspi,2026-08-26T01:05:44Z,21,7,5,12,2,1,0
github_actions,tokio-rs/tokio,32917675835,14185,pull_request,completed,success,2026-08-26T01:05:52Z,2026-08-26T01:05:52Z,2026-08-26T01:07:00Z,68.0,23060f5b3df99172c226f0325793ca3699fd9b3c,emscripten-jspi,2026-08-26T01:05:44Z,21,7,5,12,2,1,0
github_actions,tokio-rs/tokio,32917674018,10425,pull_request_target,completed,success,2026-08-26T01:05:50Z,2026-08-26T01:05:50Z,2026-08-26T01:05:58Z,8.0,23060f5b3df99172c226f0325793ca3699fd9b3c,emscripten-jspi,2026-08-26T01:05:44Z,21,7,5,12,2,1,0
github_actions,tokio-rs/tokio,32917564484,4268,pull_request,completed,success,2026-08-26T01:04:11Z,2026-08-26T01:04:11Z,2026-08-26T01:04:36Z,25.0,bb7a461455f606be72ad0bc885a0f5933dc626e1,emscripten-jspi,2026-08-26T01:04:04Z,21,1,1,2,1,1,0
github_actions,tokio-rs/tokio,32917564118,4267,pull_request,completed,success,2026-08-26T01:04:11Z,2026-08-26T01:04:11Z,2026-08-26T01:04:47Z,36.0,1a62caed9a3b577f0e0028afd2257555968501a1,emscripten-target,2026-08-26T01:04:03Z,46,4,4,8,1,1,0
github_actions,tokio-rs/tokio,32917564168,14183,pull_request,completed,success,2026-08-26T01:04:11Z,2026-08-26T01:04:11Z,2026-08-26T01:05:12Z,61.0,1a62caed9a3b577f0e0028afd2257555968501a1,emscripten-target,2026-08-26T01:04:03Z,46,4,4,8,1,1,0
github_actions,tokio-rs/tokio,32917564511,14184,pull_request,completed,success,2026-08-26T01:04:11Z,2026-08-26T01:04:11Z,2026-08-26T01:05:22Z,71.0,bb7a461455f606be72ad0bc885a0f5933dc626e1,emscripten-jspi,2026-08-26T01:04:04Z,21,1,1,2,1,1,0
github_actions,tokio-rs/tokio,32917561770,10424,pull_request_target,completed,success,2026-08-26T01:04:09Z,2026-08-26T01:04:09Z,2026-08-26T01:04:17Z,8.0,bb7a461455f606be72ad0bc885a0f5933dc626e1,emscripten-jspi,2026-08-26T01:04:04Z,21,1,1,2,1,1,0
github_actions,tokio-rs/tokio,32917561448,10423,pull_request_target,completed,success,2026-08-26T01:04:08Z,2026-08-26T01:04:08Z,2026-08-26T01:04:18Z,10.0,1a62caed9a3b577f0e0028afd2257555968501a1,emscripten-target,2026-08-26T01:04:03Z,46,4,4,8,1,1,0
github_actions,tokio-rs/tokio,32888005137,15721,pull_request,completed,success,2026-08-25T19:09:56Z,2026-08-25T19:09:56Z,2026-08-25T19:32:04Z,1328.0,e5bcb09b255510d07e08211bc65aab1e862b2bea,emscripten-jspi,2026-08-25T19:08:56Z,21,1,1,2,1,1,0
github_actions,tokio-rs/tokio,32888004756,17022,pull_request,completed,success,2026-08-25T19:09:55Z,2026-08-25T19:09:55Z,2026-08-25T21:18:29Z,7714.0,e5bcb09b255510d07e08211bc65aab1e862b2bea,emscripten-jspi,2026-08-25T19:08:56Z,21,1,1,2,1,1,0
github_actions,tokio-rs/tokio,32888004767,4266,pull_request,completed,success,2026-08-25T19:09:55Z,2026-08-25T19:09:55Z,2026-08-25T19:10:20Z,25.0,e5bcb09b255510d07e08211bc65aab1e862b2bea,emscripten-jspi,2026-08-25T19:08:56Z,21,1,1,2,1,1,0
github_actions,tokio-rs/tokio,32888004780,14182,pull_request,completed,success,2026-08-25T19:09:55Z,2026-08-25T19:09:55Z,2026-08-25T19:10:58Z,63.0,e5bcb09b255510d07e08211bc65aab1e862b2bea,emscripten-jspi,2026-08-25T19:08:56Z,21,1,1,2,1,1,0
github_actions,tokio-rs/tokio,32888002168,10422,pull_request_target,completed,success,2026-08-25T19:09:54Z,2026-08-25T19:09:54Z,2026-08-25T19:10:04Z,10.0,e5bcb09b255510d07e08211bc65aab1e862b2bea,emscripten-jspi,2026-08-25T19:08:56Z,21,1,1,2,1,1,0
github_actions,tokio-rs/tokio,32884856144,15720,pull_request,completed,success,2026-08-25T18:37:41Z,2026-08-25T18:37:41Z,2026-08-25T18:54:23Z,1002.0,e03f20575a130ce0e53c13083fb97929734f2320,emscripten-target,2026-08-25T18:37:30Z,46,7,4,11,1,1,0
github_actions,tokio-rs/tokio,32884855171,17021,pull_request,completed,success,2026-08-25T18:37:40Z,2026-08-25T18:37:40Z,2026-08-25T20:58:29Z,8449.0,e03f20575a130ce0e53c13083fb97929734f2320,emscripten-target,2026-08-25T18:37:30Z,46,7,4,11,1,1,0
github_actions,tokio-rs/tokio,32884855348,4265,pull_request,completed,success,2026-08-25T18:37:40Z,2026-08-25T18:37:40Z,2026-08-25T18:38:07Z,27.0,e03f20575a130ce0e53c13083fb97929734f2320,emscripten-target,2026-08-25T18:37:30Z,46,7,4,11,1,1,0
github_actions,tokio-rs/tokio,32884855232,14181,pull_request,completed,success,2026-08-25T18:37:40Z,2026-08-25T18:37:40Z,2026-08-25T18:38:38Z,58.0,e03f20575a130ce0e53c13083fb97929734f2320,emscripten-target,2026-08-25T18:37:30Z,46,7,4,11,1,1,0
github_actions,tokio-rs/tokio,32884849709,10421,pull_request_target,completed,success,2026-08-25T18:37:37Z,2026-08-25T18:37:37Z,2026-08-25T18:37:50Z,13.0,e03f20575a130ce0e53c13083fb97929734f2320,emscripten-target,2026-08-25T18:37:30Z,46,7,4,11,1,1,0
github_actions,tokio-rs/tokio,32881845669,4264,pull_request,completed,success,2026-08-25T18:06:44Z,2026-08-25T18:06:44Z,2026-08-25T18:07:09Z,25.0,86a39c0a886f1d2fb8c836ba17cd08e1dd930bf5,emscripten-target,2026-08-25T18:06:36Z,70,539,86,625,51,1,0
github_actions,tokio-rs/tokio,32881845631,14180,pull_request,completed,success,2026-08-25T18:06:44Z,2026-08-25T18:06:44Z,2026-08-25T18:07:50Z,66.0,86a39c0a886f1d2fb8c836ba17cd08e1dd930bf5,emscripten-target,2026-08-25T18:06:36Z,70,539,86,625,51,1,0
github_actions,tokio-rs/tokio,32881843501,10420,pull_request_target,completed,success,2026-08-25T18:06:43Z,2026-08-25T18:06:43Z,2026-08-25T18:06:56Z,13.0,86a39c0a886f1d2fb8c836ba17cd08e1dd930bf5,emscripten-target,2026-08-25T18:06:36Z,70,539,86,625,51,1,0
github_actions,tokio-rs/tokio,32881472283,4263,pull_request,completed,success,2026-08-25T18:02:54Z,2026-08-25T18:02:54Z,2026-08-25T18:03:19Z,25.0,6165a6f5260841b76b91230e7b2c5f35aafbf21c,emscripten-target,2026-08-25T18:02:44Z,14,7,1,8,1,1,0
github_actions,tokio-rs/tokio,32881472177,14179,pull_request,completed,success,2026-08-25T18:02:54Z,2026-08-25T18:02:54Z,2026-08-25T18:04:08Z,74.0,6165a6f5260841b76b91230e7b2c5f35aafbf21c,emscripten-target,2026-08-25T18:02:44Z,14,7,1,8,1,1,0
github_actions,tokio-rs/tokio,32881468555,10419,pull_request_target,completed,success,2026-08-25T18:02:51Z,2026-08-25T18:02:51Z,2026-08-25T18:03:02Z,11.0,6165a6f5260841b76b91230e7b2c5f35aafbf21c,emscripten-target,2026-08-25T18:02:44Z,14,7,1,8,1,1,0
github_actions,tokio-rs/tokio,32881245717,4262,pull_request,completed,success,2026-08-25T18:00:36Z,2026-08-25T18:00:36Z,2026-08-25T18:01:01Z,25.0,ab19268f23c9ca0654d96d6dbe9e1ad10a596912,emscripten-target,2026-08-25T17:57:33Z,61,205,16,221,16,1,0
github_actions,tokio-rs/tokio,32881245864,14178,pull_request,completed,success,2026-08-25T18:00:36Z,2026-08-25T18:00:36Z,2026-08-25T18:01:39Z,63.0,ab19268f23c9ca0654d96d6dbe9e1ad10a596912,emscripten-target,2026-08-25T17:57:33Z,61,205,16,221,16,1,0
github_actions,tokio-rs/tokio,32881246088,15717,pull_request,completed,failure,2026-08-25T18:00:36Z,2026-08-25T18:00:36Z,2026-08-25T18:02:44Z,128.0,ab19268f23c9ca0654d96d6dbe9e1ad10a596912,emscripten-target,2026-08-25T17:57:33Z,61,205,16,221,16,1,1
github_actions,tokio-rs/tokio,32881243611,10418,pull_request_target,completed,success,2026-08-25T18:00:35Z,2026-08-25T18:00:35Z,2026-08-25T18:00:46Z,11.0,ab19268f23c9ca0654d96d6dbe9e1ad10a596912,emscripten-target,2026-08-25T17:57:33Z,61,205,16,221,16,1,0
github_actions,tokio-rs/tokio,32874245561,15716,pull_request,completed,failure,2026-08-25T16:49:26Z,2026-08-25T16:49:26Z,2026-08-25T17:12:18Z,1372.0,37399a1f6acd5c420837e317cea5ea79fd150507,emscripten-target,2026-08-25T16:49:18Z,102,40,45,85,6,1,1
github_actions,tokio-rs/tokio,32874244906,14177,pull_request,completed,success,2026-08-25T16:49:26Z,2026-08-25T16:49:26Z,2026-08-25T16:50:26Z,60.0,37399a1f6acd5c420837e317cea5ea79fd150507,emscripten-target,2026-08-25T16:49:18Z,102,40,45,85,6,1,0
github_actions,tokio-rs/tokio,32874245193,4261,pull_request,completed,success,2026-08-25T16:49:26Z,2026-08-25T16:49:26Z,2026-08-25T16:49:52Z,26.0,37399a1f6acd5c420837e317cea5ea79fd150507,emscripten-target,2026-08-25T16:49:18Z,102,40,45,85,6,1,0
github_actions,tokio-rs/tokio,32874242859,10417,pull_request_target,completed,success,2026-08-25T16:49:24Z,2026-08-25T16:49:24Z,2026-08-25T16:49:35Z,11.0,37399a1f6acd5c420837e317cea5ea79fd150507,emscripten-target,2026-08-25T16:49:18Z,102,40,45,85,6,1,0
github_actions,tokio-rs/tokio,32832264329,14176,pull_request,completed,success,2026-08-25T09:30:00Z,2026-08-25T09:30:00Z,2026-08-25T09:31:01Z,61.0,2f0b290b576ae860c370861684fc5fbca77453a4,rt-enable-io-cfg,2026-08-25T09:29:52Z,281,36,40,76,1,1,0
github_actions,tokio-rs/tokio,32832264644,15715,pull_request,completed,success,2026-08-25T09:30:00Z,2026-08-25T09:30:00Z,2026-08-25T09:50:31Z,1231.0,2f0b290b576ae860c370861684fc5fbca77453a4,rt-enable-io-cfg,2026-08-25T09:29:52Z,281,36,40,76,1,1,0
github_actions,tokio-rs/tokio,32832262195,10416,pull_request_target,completed,success,2026-08-25T09:29:58Z,2026-08-25T09:29:58Z,2026-08-25T09:30:07Z,9.0,2f0b290b576ae860c370861684fc5fbca77453a4,rt-enable-io-cfg,2026-08-25T09:29:52Z,281,36,40,76,1,1,0
github_actions,tokio-rs/tokio,32831674196,14175,pull_request,completed,success,2026-08-25T09:23:20Z,2026-08-25T09:23:20Z,2026-08-25T09:24:28Z,68.0,c9876d31179789ba0fcefc919ec3836155beebe4,fs-retain-buffer-on-write-error,2026-08-25T09:22:54Z,987,484,65,549,3,1,0
github_actions,tokio-rs/tokio,32831674154,15714,pull_request,completed,failure,2026-08-25T09:23:20Z,2026-08-25T09:23:20Z,2026-08-25T09:39:36Z,976.0,c9876d31179789ba0fcefc919ec3836155beebe4,fs-retain-buffer-on-write-error,2026-08-25T09:22:54Z,987,484,65,549,3,1,1
github_actions,tokio-rs/tokio,32831673661,10415,pull_request_target,completed,success,2026-08-25T09:23:19Z,2026-08-25T09:23:19Z,2026-08-25T09:23:31Z,12.0,c9876d31179789ba0fcefc919ec3836155beebe4,fs-retain-buffer-on-write-error,2026-08-25T09:22:54Z,987,484,65,549,3,1,0
github_actions,tokio-rs/tokio,32820506234,15713,pull_request,completed,success,2026-08-25T07:12:57Z,2026-08-25T07:12:57Z,2026-08-25T07:29:08Z,971.0,faf9856dc9230f6c7136e8b88974065c9592e6c2,rt-enable-io-cfg,2026-08-25T07:12:49Z,401,1,1,2,1,1,0
github_actions,tokio-rs/tokio,32820505704,14174,pull_request,completed,success,2026-08-25T07:12:56Z,2026-08-25T07:12:56Z,2026-08-25T07:14:02Z,66.0,faf9856dc9230f6c7136e8b88974065c9592e6c2,rt-enable-io-cfg,2026-08-25T07:12:49Z,401,1,1,2,1,1,0
github_actions,tokio-rs/tokio,32820502282,10414,pull_request_target,completed,success,2026-08-25T07:12:54Z,2026-08-25T07:12:54Z,2026-08-25T07:13:02Z,8.0,faf9856dc9230f6c7136e8b88974065c9592e6c2,rt-enable-io-cfg,2026-08-25T07:12:49Z,401,1,1,2,1,1,0
github_actions,tokio-rs/tokio,32815462262,10413,pull_request_target,completed,success,2026-08-25T06:05:29Z,2026-08-25T06:05:29Z,2026-08-25T06:05:36Z,7.0,e951efdcd88b139b06699d9062e5154dfb65d621,rt-enable-io-cfg,2026-08-25T05:05:23Z,476,1,1,2,1,1,0
github_actions,tokio-rs/tokio,32815462355,14173,pull_request,completed,success,2026-08-25T06:05:29Z,2026-08-25T06:05:29Z,2026-08-25T06:06:29Z,60.0,e951efdcd88b139b06699d9062e5154dfb65d621,rt-enable-io-cfg,2026-08-25T05:05:23Z,476,1,1,2,1,1,0
github_actions,tokio-rs/tokio,32815462575,15712,pull_request,completed,failure,2026-08-25T06:05:29Z,2026-08-25T06:05:29Z,2026-08-25T06:28:04Z,1355.0,e951efdcd88b139b06699d9062e5154dfb65d621,rt-enable-io-cfg,2026-08-25T05:05:23Z,476,1,1,2,1,1,1
github_actions,tokio-rs/tokio,32801496559,2654,schedule,completed,success,2026-08-25T02:27:58Z,2026-08-25T02:27:58Z,2026-08-25T02:28:24Z,26.0,ea91b33ca57ff0581b38e735cc108f831bccbdaa,master,2026-08-20T06:57:24Z,64,8,8,16,2,1,0
github_actions,tokio-rs/tokio,32762924194,15711,pull_request,completed,success,2026-08-24T18:31:40Z,2026-08-24T18:31:40Z,2026-08-24T18:53:32Z,1312.0,b695b31a89c558a75aec53efce33941249cd48a9,interval-reset-overflow,2026-08-24T18:28:25Z,608,71,21,92,2,1,0
github_actions,tokio-rs/tokio,32762923843,14172,pull_request,completed,success,2026-08-24T18:31:40Z,2026-08-24T18:31:40Z,2026-08-24T18:32:48Z,68.0,b695b31a89c558a75aec53efce33941249cd48a9,interval-reset-overflow,2026-08-24T18:28:25Z,608,71,21,92,2,1,0
github_actions,tokio-rs/tokio,32762921086,10412,pull_request_target,completed,success,2026-08-24T18:31:38Z,2026-08-24T18:31:38Z,2026-08-24T18:31:47Z,9.0,b695b31a89c558a75aec53efce33941249cd48a9,interval-reset-overflow,2026-08-24T18:28:25Z,608,71,21,92,2,1,0
github_actions,tokio-rs/tokio,32762394572,15710,pull_request,completed,success,2026-08-24T18:26:04Z,2026-08-24T18:26:04Z,2026-08-24T18:49:13Z,1389.0,fd681f7f5bc91101276ef742264634d4495a7207,fix/interval-overflow,2026-08-24T18:25:44Z,38,61,19,80,2,1,0
github_actions,tokio-rs/tokio,32762394279,10411,pull_request_target,completed,success,2026-08-24T18:26:03Z,2026-08-24T18:26:03Z,2026-08-24T18:26:13Z,10.0,fd681f7f5bc91101276ef742264634d4495a7207,fix/interval-overflow,2026-08-24T18:25:44Z,38,61,19,80,2,1,0
github_actions,tokio-rs/tokio,32762394293,14171,pull_request,completed,success,2026-08-24T18:26:03Z,2026-08-24T18:26:03Z,2026-08-24T18:27:11Z,68.0,fd681f7f5bc91101276ef742264634d4495a7207,fix/interval-overflow,2026-08-24T18:25:44Z,38,61,19,80,2,1,0
github_actions,tokio-rs/tokio,32757573297,14170,pull_request,completed,success,2026-08-24T17:36:08Z,2026-08-24T17:36:08Z,2026-08-24T17:37:16Z,68.0,ec7bcdc78f62cee337cb025d50f33615ccc15d34,perf/current-thread-timer-registration,2026-08-24T17:36:00Z,812,181,8,189,5,1,0
github_actions,tokio-rs/tokio,32757573300,17008,pull_request,completed,success,2026-08-24T17:36:08Z,2026-08-24T17:36:08Z,2026-08-24T18:57:44Z,4896.0,ec7bcdc78f62cee337cb025d50f33615ccc15d34,perf/current-thread-timer-registration,2026-08-24T17:36:00Z,812,181,8,189,5,1,0
github_actions,tokio-rs/tokio,32757573511,15709,pull_request,completed,success,2026-08-24T17:36:08Z,2026-08-24T17:36:08Z,2026-08-24T17:59:04Z,1376.0,ec7bcdc78f62cee337cb025d50f33615ccc15d34,perf/current-thread-timer-registration,2026-08-24T17:36:00Z,812,181,8,189,5,1,0
github_actions,tokio-rs/tokio,32757569798,10410,pull_request_target,completed,success,2026-08-24T17:36:06Z,2026-08-24T17:36:06Z,2026-08-24T17:36:16Z,10.0,ec7bcdc78f62cee337cb025d50f33615ccc15d34,perf/current-thread-timer-registration,2026-08-24T17:36:00Z,812,181,8,189,5,1,0
github_actions,tokio-rs/tokio,32756946357,10409,pull_request_target,completed,success,2026-08-24T17:29:43Z,2026-08-24T17:29:43Z,2026-08-24T17:29:52Z,9.0,0f0e7e5a50bd8301963b529af2a48987d00eb8d0,perf/current-thread-timer-registration,2026-08-24T16:10:02Z,812,181,8,189,5,1,0
github_actions,tokio-rs/tokio,32756946455,14169,pull_request,completed,success,2026-08-24T17:29:43Z,2026-08-24T17:29:43Z,2026-08-24T17:30:49Z,66.0,0f0e7e5a50bd8301963b529af2a48987d00eb8d0,perf/current-thread-timer-registration,2026-08-24T16:10:02Z,812,181,8,189,5,1,0
github_actions,tokio-rs/tokio,32683348233,2653,schedule,completed,success,2026-08-24T02:31:41Z,2026-08-24T02:31:41Z,2026-08-24T02:32:06Z,25.0,ea91b33ca57ff0581b38e735cc108f831bccbdaa,master,2026-08-20T06:57:24Z,64,8,8,16,2,1,0
github_actions,tokio-rs/tokio,32682260157,15707,pull_request,completed,success,2026-08-24T02:11:55Z,2026-08-24T02:11:55Z,2026-08-24T02:33:51Z,1316.0,38f24d7f8466e3ce21822d482a4f96bd79fe53c3,rt-inject-own-mutex,2026-08-24T01:55:56Z,502,84,164,248,10,1,0
github_actions,tokio-rs/tokio,32682259925,14168,pull_request,completed,success,2026-08-24T02:11:54Z,2026-08-24T02:11:54Z,2026-08-24T02:12:55Z,61.0,38f24d7f8466e3ce21822d482a4f96bd79fe53c3,rt-inject-own-mutex,2026-08-24T01:55:56Z,502,84,164,248,10,1,0
github_actions,tokio-rs/tokio,32682258148,10408,pull_request_target,completed,success,2026-08-24T02:11:53Z,2026-08-24T02:11:53Z,2026-08-24T02:12:02Z,9.0,38f24d7f8466e3ce21822d482a4f96bd79fe53c3,rt-inject-own-mutex,2026-08-24T01:55:56Z,502,84,164,248,10,1,0
github_actions,tokio-rs/tokio,32674244696,10407,pull_request_target,completed,success,2026-08-23T23:39:16Z,2026-08-23T23:39:16Z,2026-08-23T23:39:23Z,7.0,713f277bd3a3c74acadffb468dbc74cba4c46613,unix-socket-set-permissions,2026-08-23T23:39:11Z,54,2728,505,3233,87,1,0
github_actions,tokio-rs/tokio,32674244753,14167,pull_request,completed,success,2026-08-23T23:39:16Z,2026-08-23T23:39:16Z,2026-08-23T23:40:14Z,58.0,713f277bd3a3c74acadffb468dbc74cba4c46613,unix-socket-set-permissions,2026-08-23T23:39:11Z,54,2728,505,3233,87,1,0
github_actions,tokio-rs/tokio,32674244986,15706,pull_request,completed,success,2026-08-23T23:39:16Z,2026-08-23T23:39:16Z,2026-08-23T23:54:41Z,925.0,713f277bd3a3c74acadffb468dbc74cba4c46613,unix-socket-set-permissions,2026-08-23T23:39:11Z,54,2728,505,3233,87,1,0
github_actions,tokio-rs/tokio,32662743384,14166,pull_request,completed,success,2026-08-23T19:54:47Z,2026-08-23T19:54:47Z,2026-08-23T19:55:48Z,61.0,60d2021eab9d7f8fcb9a854c4025cda0f54c2f84,unix-socket-set-permissions,2026-08-23T19:14:34Z,38,70,0,70,2,1,0
github_actions,tokio-rs/tokio,32662743500,15705,pull_request,completed,failure,2026-08-23T19:54:47Z,2026-08-23T19:54:47Z,2026-08-23T20:13:59Z,1152.0,60d2021eab9d7f8fcb9a854c4025cda0f54c2f84,unix-socket-set-permissions,2026-08-23T19:14:34Z,38,70,0,70,2,1,1
github_actions,tokio-rs/tokio,32662742368,10406,pull_request_target,completed,success,2026-08-23T19:54:45Z,2026-08-23T19:54:45Z,2026-08-23T19:54:55Z,10.0,60d2021eab9d7f8fcb9a854c4025cda0f54c2f84,unix-socket-set-permissions,2026-08-23T19:14:34Z,38,70,0,70,2,1,0
github_actions,tokio-rs/tokio,32638402327,15704,pull_request,completed,success,2026-08-23T12:05:34Z,2026-08-23T12:05:34Z,2026-08-23T12:19:49Z,855.0,cf05012b659a1beb3b010b0dd8fc8773e19626d1,fix-triz-deadlock-issue-5612,2026-08-23T12:05:28Z,81,1,0,1,1,1,0
github_actions,tokio-rs/tokio,32638402296,14165,pull_request,completed,success,2026-08-23T12:05:34Z,2026-08-23T12:05:34Z,2026-08-23T12:06:53Z,79.0,cf05012b659a1beb3b010b0dd8fc8773e19626d1,fix-triz-deadlock-issue-5612,2026-08-23T12:05:28Z,81,1,0,1,1,1,0
github_actions,tokio-rs/tokio,32638402024,10405,pull_request_target,completed,success,2026-08-23T12:05:33Z,2026-08-23T12:05:33Z,2026-08-23T12:05:42Z,9.0,cf05012b659a1beb3b010b0dd8fc8773e19626d1,fix-triz-deadlock-issue-5612,2026-08-23T12:05:28Z,81,1,0,1,1,1,0
github_actions,tokio-rs/tokio,32613083755,2652,schedule,completed,success,2026-08-23T02:31:45Z,2026-08-23T02:31:45Z,2026-08-23T02:32:18Z,33.0,ea91b33ca57ff0581b38e735cc108f831bccbdaa,master,2026-08-20T06:57:24Z,64,8,8,16,2,1,0
github_actions,tokio-rs/tokio,32597795470,10404,pull_request_target,completed,success,2026-08-22T20:49:25Z,2026-08-22T20:49:25Z,2026-08-22T20:49:33Z,8.0,e9416984937b375d43d95eb24d57b78d21302e58,feat/named-pipe-into-owned-handle,2026-08-22T20:48:35Z,288,48,0,48,1,1,0
github_actions,tokio-rs/tokio,32597795696,14164,pull_request,completed,success,2026-08-22T20:49:25Z,2026-08-22T20:49:25Z,2026-08-22T20:50:45Z,80.0,e9416984937b375d43d95eb24d57b78d21302e58,feat/named-pipe-into-owned-handle,2026-08-22T20:48:35Z,288,48,0,48,1,1,0
github_actions,tokio-rs/tokio,32597795794,15703,pull_request,completed,failure,2026-08-22T20:49:25Z,2026-08-22T20:49:25Z,2026-08-22T20:51:42Z,137.0,e9416984937b375d43d95eb24d57b78d21302e58,feat/named-pipe-into-owned-handle,2026-08-22T20:48:35Z,288,48,0,48,1,1,1
github_actions,tokio-rs/tokio,32546239812,2651,schedule,completed,success,2026-08-22T02:26:12Z,2026-08-22T02:26:12Z,2026-08-22T02:26:33Z,21.0,ea91b33ca57ff0581b38e735cc108f831bccbdaa,master,2026-08-20T06:57:24Z,64,8,8,16,2,1,0
github_actions,tokio-rs/tokio,32528726642,14163,pull_request,completed,success,2026-08-21T21:29:17Z,2026-08-21T21:29:17Z,2026-08-21T21:30:17Z,60.0,422e6fc670fcd962f6c219b53d4fcf391a8144cc,fix-named-pipe-clippy,2026-08-21T21:28:47Z,390,22,10,32,1,1,0
github_actions,tokio-rs/tokio,32528726828,15702,pull_request,completed,success,2026-08-21T21:29:17Z,2026-08-21T21:29:17Z,2026-08-21T21:46:02Z,1005.0,422e6fc670fcd962f6c219b53d4fcf391a8144cc,fix-named-pipe-clippy,2026-08-21T21:28:47Z,390,22,10,32,1,1,0
github_actions,tokio-rs/tokio,32528726306,10403,pull_request_target,completed,success,2026-08-21T21:29:17Z,2026-08-21T21:29:17Z,2026-08-21T21:29:26Z,9.0,422e6fc670fcd962f6c219b53d4fcf391a8144cc,fix-named-pipe-clippy,2026-08-21T21:28:47Z,390,22,10,32,1,1,0
github_actions,tokio-rs/tokio,32526675951,14162,pull_request,completed,success,2026-08-21T21:03:44Z,2026-08-21T21:03:44Z,2026-08-21T21:05:07Z,83.0,ab3a3dc140f5c16e566b71b71e1edf5a25e328f3,fix-8164-uring-io-disabled,2026-08-21T21:02:39Z,256,2,0,2,1,1,0
github_actions,tokio-rs/tokio,32526676295,15701,pull_request,completed,success,2026-08-21T21:03:44Z,2026-08-21T21:03:44Z,2026-08-21T21:23:22Z,1178.0,ab3a3dc140f5c16e566b71b71e1edf5a25e328f3,fix-8164-uring-io-disabled,2026-08-21T21:02:39Z,256,2,0,2,1,1,0
github_actions,tokio-rs/tokio,32526674939,10402,pull_request_target,completed,success,2026-08-21T21:03:43Z,2026-08-21T21:03:43Z,2026-08-21T21:03:51Z,8.0,ab3a3dc140f5c16e566b71b71e1edf5a25e328f3,fix-8164-uring-io-disabled,2026-08-21T21:02:39Z,256,2,0,2,1,1,0
github_actions,tokio-rs/tokio,32519536765,15700,pull_request,completed,failure,2026-08-21T19:38:55Z,2026-08-21T19:38:55Z,2026-08-21T19:41:19Z,144.0,acea082c4975d63ed98700e0c6ee94d41b0afff7,fix-8164-uring-io-disabled,2026-08-21T19:37:33Z,644,61,47,108,7,1,1
github_actions,tokio-rs/tokio,32519536561,14161,pull_request,completed,success,2026-08-21T19:38:54Z,2026-08-21T19:38:54Z,2026-08-21T19:39:54Z,60.0,acea082c4975d63ed98700e0c6ee94d41b0afff7,fix-8164-uring-io-disabled,2026-08-21T19:37:33Z,644,61,47,108,7,1,0
github_actions,tokio-rs/tokio,32519536433,10401,pull_request_target,completed,success,2026-08-21T19:38:54Z,2026-08-21T19:38:54Z,2026-08-21T19:39:08Z,14.0,acea082c4975d63ed98700e0c6ee94d41b0afff7,fix-8164-uring-io-disabled,2026-08-21T19:37:33Z,644,61,47,108,7,1,0
github_actions,tokio-rs/tokio,32502888069,15699,pull_request,completed,success,2026-08-21T16:26:00Z,2026-08-21T16:26:00Z,2026-08-21T16:47:19Z,1279.0,3b5f0e496a1fbb3e56d249518648f53e36a26434,fix/uring-eagain-uaf,2026-08-21T16:24:56Z,591,8,0,8,1,1,0
github_actions,tokio-rs/tokio,32502887736,10400,pull_request_target,completed,success,2026-08-21T16:25:59Z,2026-08-21T16:25:59Z,2026-08-21T16:26:09Z,10.0,3b5f0e496a1fbb3e56d249518648f53e36a26434,fix/uring-eagain-uaf,2026-08-21T16:24:56Z,591,8,0,8,1,1,0
github_actions,tokio-rs/tokio,32502887769,14160,pull_request,completed,success,2026-08-21T16:25:59Z,2026-08-21T16:25:59Z,2026-08-21T16:27:38Z,99.0,3b5f0e496a1fbb3e56d249518648f53e36a26434,fix/uring-eagain-uaf,2026-08-21T16:24:56Z,591,8,0,8,1,1,0
github_actions,tokio-rs/tokio,32440143550,2650,schedule,completed,success,2026-08-21T02:31:27Z,2026-08-21T02:31:27Z,2026-08-21T02:31:49Z,22.0,ea91b33ca57ff0581b38e735cc108f831bccbdaa,master,2026-08-20T06:57:24Z,64,8,8,16,2,1,0
github_actions,tokio-rs/tokio,32408076146,10399,pull_request_target,completed,success,2026-08-20T19:19:51Z,2026-08-20T19:19:51Z,2026-08-20T19:20:01Z,10.0,4bb14413af4c7ffdf23806b2478091dea63db814,macros-select-cfg-branches,2026-08-20T19:19:46Z,53,8,8,16,2,1,0
github_actions,tokio-rs/tokio,32408076316,14159,pull_request,completed,success,2026-08-20T19:19:51Z,2026-08-20T19:19:51Z,2026-08-20T19:20:59Z,68.0,4bb14413af4c7ffdf23806b2478091dea63db814,macros-select-cfg-branches,2026-08-20T19:19:46Z,53,8,8,16,2,1,0
github_actions,tokio-rs/tokio,32408076563,15698,pull_request,completed,success,2026-08-20T19:19:51Z,2026-08-20T19:19:51Z,2026-08-20T19:41:21Z,1290.0,4bb14413af4c7ffdf23806b2478091dea63db814,macros-select-cfg-branches,2026-08-20T19:19:46Z,53,8,8,16,2,1,0
github_actions,tokio-rs/tokio,32341803918,14158,push,completed,success,2026-08-20T06:57:28Z,2026-08-20T06:57:28Z,2026-08-20T06:58:44Z,76.0,ea91b33ca57ff0581b38e735cc108f831bccbdaa,master,2026-08-20T06:57:24Z,64,8,8,16,2,1,0
github_actions,tokio-rs/tokio,32341803946,16996,push,completed,success,2026-08-20T06:57:28Z,2026-08-20T06:57:28Z,2026-08-20T09:23:16Z,8748.0,ea91b33ca57ff0581b38e735cc108f831bccbdaa,master,2026-08-20T06:57:24Z,64,8,8,16,2,1,0
github_actions,tokio-rs/tokio,32341804131,15697,push,completed,success,2026-08-20T06:57:28Z,2026-08-22T04:18:21Z,2026-08-22T04:33:10Z,889.0,ea91b33ca57ff0581b38e735cc108f831bccbdaa,master,2026-08-20T06:57:24Z,64,8,8,16,2,2,0
github_actions,tokio-rs/tokio,32341551312,16995,pull_request,completed,success,2026-08-20T06:54:01Z,2026-08-20T06:54:01Z,2026-08-20T08:01:24Z,4043.0,b4f557f1fdd3cf547ce491cccb98f502bcd833b2,chore/fix-sharded-typo,2026-08-16T15:42:43Z,34,8,8,16,2,1,0
github_actions,tokio-rs/tokio,32334377647,19,dynamic,completed,success,2026-08-20T05:07:05Z,2026-08-20T05:07:05Z,2026-08-20T05:08:11Z,66.0,625954f365727668cb02d04172b34f1149637728,master,2026-08-11T07:51:50Z,59,267,0,267,2,1,0
github_actions,tokio-rs/tokio,32324706418,2649,schedule,completed,success,2026-08-20T02:27:42Z,2026-08-20T02:27:42Z,2026-08-20T02:28:08Z,26.0,625954f365727668cb02d04172b34f1149637728,master,2026-08-11T07:51:50Z,59,267,0,267,2,1,0
github_actions,tokio-rs/tokio,32323502591,14157,pull_request,completed,success,2026-08-20T02:07:21Z,2026-08-20T02:07:21Z,2026-08-20T02:08:22Z,61.0,47d147d75a588a7f840a13d4ec9c1f80d66562db,macros-select-cfg-branches,2026-08-20T01:39:16Z,334,715,10,725,6,1,0
github_actions,tokio-rs/tokio,32323502520,10398,pull_request_target,completed,success,2026-08-20T02:07:21Z,2026-08-20T02:07:21Z,2026-08-20T02:07:28Z,7.0,47d147d75a588a7f840a13d4ec9c1f80d66562db,macros-select-cfg-branches,2026-08-20T01:39:16Z,334,715,10,725,6,1,0
github_actions,tokio-rs/tokio,32323502733,15696,pull_request,completed,success,2026-08-20T02:07:21Z,2026-08-20T02:07:21Z,2026-08-20T02:29:39Z,1338.0,47d147d75a588a7f840a13d4ec9c1f80d66562db,macros-select-cfg-branches,2026-08-20T01:39:16Z,334,715,10,725,6,1,0
github_actions,tokio-rs/tokio,32296349937,16992,pull_request,completed,success,2026-08-19T20:02:31Z,2026-08-19T20:02:31Z,2026-08-19T21:15:04Z,4353.0,bf85fb15417eb6fca166fd8c2cc20c8a63f1129d,runtime-taskdump-idle-accounting,2026-08-19T20:01:50Z,652,5,0,5,1,1,0
github_actions,tokio-rs/tokio,32296347238,10397,pull_request_target,completed,success,2026-08-19T20:02:29Z,2026-08-19T20:02:29Z,2026-08-19T20:02:36Z,7.0,bf85fb15417eb6fca166fd8c2cc20c8a63f1129d,runtime-taskdump-idle-accounting,2026-08-19T20:01:50Z,652,5,0,5,1,1,0
github_actions,tokio-rs/tokio,32290161983,14155,pull_request,completed,success,2026-08-19T18:56:01Z,2026-08-19T18:56:01Z,2026-08-19T19:02:45Z,404.0,067fceeb75d3afb0f48d2d112a5ca3bc7ad32928,runtime-taskdump-idle-accounting,2026-08-19T18:55:06Z,306,3,6,9,1,1,0
github_actions,tokio-rs/tokio,32290159308,10396,pull_request_target,completed,success,2026-08-19T18:55:59Z,2026-08-19T18:55:59Z,2026-08-19T18:56:09Z,10.0,067fceeb75d3afb0f48d2d112a5ca3bc7ad32928,runtime-taskdump-idle-accounting,2026-08-19T18:55:06Z,306,3,6,9,1,1,0
github_actions,tokio-rs/tokio,32289522938,10395,pull_request_target,completed,success,2026-08-19T18:49:22Z,2026-08-19T18:49:22Z,2026-08-19T18:49:32Z,10.0,d0a1746af8d9b16cbda34896eb4de87df65c7d2d,runtime-taskdump-idle-accounting,2026-08-19T18:46:04Z,1078,112,2,114,2,1,0
github_actions,tokio-rs/tokio,32279007660,10394,pull_request_target,completed,success,2026-08-19T16:59:01Z,2026-08-19T16:59:01Z,2026-08-19T16:59:10Z,9.0,56a38748872ba6ffa7b2ed03e08bbc5f08c4cbae,rt-barrier-wait-timeout-rollback,2026-08-19T16:58:47Z,533,84,56,140,2,1,0
github_actions,tokio-rs/tokio,32245266651,14152,pull_request,completed,success,2026-08-19T10:58:10Z,2026-08-19T10:58:10Z,2026-08-19T10:59:22Z,72.0,4240afae7c0eca9b1160e8075416d4e3c72b9528,fix/mutex-fifo-coop-order,2026-08-19T10:57:13Z,60,39,17,56,2,1,0
github_actions,tokio-rs/tokio,32245263582,10393,pull_request_target,completed,success,2026-08-19T10:58:08Z,2026-08-19T10:58:08Z,2026-08-19T10:58:19Z,11.0,4240afae7c0eca9b1160e8075416d4e3c72b9528,fix/mutex-fifo-coop-order,2026-08-19T10:57:13Z,60,39,17,56,2,1,0
github_actions,tokio-rs/tokio,32208651971,2648,schedule,completed,success,2026-08-19T02:28:06Z,2026-08-19T02:28:06Z,2026-08-19T02:28:40Z,34.0,625954f365727668cb02d04172b34f1149637728,master,2026-08-11T07:51:50Z,59,267,0,267,2,1,0
github_actions,tokio-rs/tokio,32191764120,14151,pull_request,completed,success,2026-08-18T22:14:20Z,2026-08-18T22:14:20Z,2026-08-18T22:15:20Z,60.0,426aed7c52037eb1a900e969850e60b803a10312,rt-barrier-wait-timeout-rollback,2026-08-18T22:13:46Z,302,2,1,3,1,1,0
github_actions,tokio-rs/tokio,32191764333,15690,pull_request,completed,success,2026-08-18T22:14:20Z,2026-08-18T22:14:20Z,2026-08-18T22:36:43Z,1343.0,426aed7c52037eb1a900e969850e60b803a10312,rt-barrier-wait-timeout-rollback,2026-08-18T22:13:46Z,302,2,1,3,1,1,0
github_actions,tokio-rs/tokio,32191762237,10392,pull_request_target,completed,success,2026-08-18T22:14:18Z,2026-08-18T22:14:18Z,2026-08-18T22:14:29Z,11.0,426aed7c52037eb1a900e969850e60b803a10312,rt-barrier-wait-timeout-rollback,2026-08-18T22:13:46Z,302,2,1,3,1,1,0
github_actions,tokio-rs/tokio,32191239399,10391,pull_request_target,completed,success,2026-08-18T22:07:47Z,2026-08-18T22:07:47Z,2026-08-18T22:07:56Z,9.0,43b76fdb2d29df2617ce0c08e9f3cf04394a95c7,rt-barrier-wait-timeout-rollback,2026-08-18T22:06:45Z,1175,55,0,55,1,1,0
github_actions,tokio-rs/tokio,32191239738,14150,pull_request,completed,success,2026-08-18T22:07:47Z,2026-08-18T22:07:47Z,2026-08-18T22:08:46Z,59.0,43b76fdb2d29df2617ce0c08e9f3cf04394a95c7,rt-barrier-wait-timeout-rollback,2026-08-18T22:06:45Z,1175,55,0,55,1,1,0
github_actions,tokio-rs/tokio,32190633539,14149,pull_request,completed,success,2026-08-18T22:00:29Z,2026-08-18T22:00:29Z,2026-08-18T22:01:34Z,65.0,ed02beccb5050767cf06586f7f791efe3c12c5cc,rt-barrier-wait-timeout-rollback,2026-08-18T21:55:59Z,1140,58,0,58,1,1,0
github_actions,tokio-rs/tokio,32190633712,15688,pull_request,completed,failure,2026-08-18T22:00:29Z,2026-08-18T22:00:29Z,2026-08-18T22:02:44Z,135.0,ed02beccb5050767cf06586f7f791efe3c12c5cc,rt-barrier-wait-timeout-rollback,2026-08-18T21:55:59Z,1140,58,0,58,1,1,1
github_actions,tokio-rs/tokio,32190633322,10390,pull_request_target,completed,success,2026-08-18T22:00:28Z,2026-08-18T22:00:28Z,2026-08-18T22:00:37Z,9.0,ed02beccb5050767cf06586f7f791efe3c12c5cc,rt-barrier-wait-timeout-rollback,2026-08-18T21:55:59Z,1140,58,0,58,1,1,0
github_actions,tokio-rs/tokio,32091837899,2647,schedule,completed,success,2026-08-18T02:26:26Z,2026-08-18T02:26:26Z,2026-08-18T02:26:59Z,33.0,625954f365727668cb02d04172b34f1149637728,master,2026-08-11T07:51:50Z,59,267,0,267,2,1,0
github_actions,tokio-rs/tokio,32062675633,16982,pull_request,completed,success,2026-08-17T19:51:49Z,2026-08-17T19:51:49Z,2026-08-17T22:08:54Z,8225.0,4cee896fd7676ab199a66949e2c495a66f57ba3d,sean/mpsc-bounded-array-backend,2026-08-17T19:51:41Z,52,953,108,1061,9,1,0
github_actions,tokio-rs/tokio,32062675608,14148,pull_request,completed,success,2026-08-17T19:51:49Z,2026-08-17T19:51:49Z,2026-08-17T19:52:45Z,56.0,4cee896fd7676ab199a66949e2c495a66f57ba3d,sean/mpsc-bounded-array-backend,2026-08-17T19:51:41Z,52,953,108,1061,9,1,0
github_actions,tokio-rs/tokio,32062676037,15687,pull_request,completed,success,2026-08-17T19:51:49Z,2026-08-17T19:51:49Z,2026-08-17T20:10:22Z,1113.0,4cee896fd7676ab199a66949e2c495a66f57ba3d,sean/mpsc-bounded-array-backend,2026-08-17T19:51:41Z,52,953,108,1061,9,1,0
github_actions,tokio-rs/tokio,32062673693,10389,pull_request_target,completed,success,2026-08-17T19:51:48Z,2026-08-17T19:51:48Z,2026-08-17T19:51:56Z,8.0,4cee896fd7676ab199a66949e2c495a66f57ba3d,sean/mpsc-bounded-array-backend,2026-08-17T19:51:41Z,52,953,108,1061,9,1,0
github_actions,tokio-rs/tokio,32057436365,15686,pull_request,completed,success,2026-08-17T18:55:06Z,2026-08-17T18:55:06Z,2026-08-17T19:18:01Z,1375.0,f45fded41fa77cb3c67d239e0a8af438b0ed78ae,fix-io-uring-uaf,2026-08-17T18:54:59Z,43,267,0,267,2,1,0
github_actions,tokio-rs/tokio,32057435888,14147,pull_request,completed,success,2026-08-17T18:55:05Z,2026-08-17T18:55:05Z,2026-08-17T18:56:13Z,68.0,f45fded41fa77cb3c67d239e0a8af438b0ed78ae,fix-io-uring-uaf,2026-08-17T18:54:59Z,43,267,0,267,2,1,0
github_actions,tokio-rs/tokio,32057432297,10388,pull_request_target,completed,success,2026-08-17T18:55:03Z,2026-08-17T18:55:03Z,2026-08-17T18:55:12Z,9.0,f45fded41fa77cb3c67d239e0a8af438b0ed78ae,fix-io-uring-uaf,2026-08-17T18:54:59Z,43,267,0,267,2,1,0
github_actions,tokio-rs/tokio,32057097435,14146,pull_request,completed,success,2026-08-17T18:51:32Z,2026-08-17T18:51:32Z,2026-08-17T18:52:30Z,58.0,c3973ed694ef4a5e78fe2d35b0782831f8821af6,fix-io-uring-uaf,2026-08-17T18:51:18Z,54,32,16,48,2,1,0
github_actions,tokio-rs/tokio,32057095081,10387,pull_request_target,completed,success,2026-08-17T18:51:30Z,2026-08-17T18:51:30Z,2026-08-17T18:51:40Z,10.0,c3973ed694ef4a5e78fe2d35b0782831f8821af6,fix-io-uring-uaf,2026-08-17T18:51:18Z,54,32,16,48,2,1,0
github_actions,tokio-rs/tokio,32056603215,14145,pull_request,completed,success,2026-08-17T18:46:18Z,2026-08-17T18:46:18Z,2026-08-17T18:47:35Z,77.0,d9a832bdba5ddcccd7498356ed5f68936fa8a061,fix-io-uring-uaf,2026-08-17T18:45:14Z,54,22,13,35,2,1,0
github_actions,tokio-rs/tokio,32056603607,15684,pull_request,completed,failure,2026-08-17T18:46:18Z,2026-08-17T18:46:18Z,2026-08-17T18:48:43Z,145.0,d9a832bdba5ddcccd7498356ed5f68936fa8a061,fix-io-uring-uaf,2026-08-17T18:45:14Z,54,22,13,35,2,1,1
github_actions,tokio-rs/tokio,32056601046,10386,pull_request_target,completed,success,2026-08-17T18:46:16Z,2026-08-17T18:46:16Z,2026-08-17T18:46:26Z,10.0,d9a832bdba5ddcccd7498356ed5f68936fa8a061,fix-io-uring-uaf,2026-08-17T18:45:14Z,54,22,13,35,2,1,0
github_actions,tokio-rs/tokio,31988162942,2646,schedule,completed,success,2026-08-17T02:29:57Z,2026-08-17T02:29:57Z,2026-08-17T02:30:23Z,26.0,625954f365727668cb02d04172b34f1149637728,master,2026-08-11T07:51:50Z,59,267,0,267,2,1,0
github_actions,tokio-rs/tokio,31958109382,15683,pull_request,completed,success,2026-08-16T16:16:04Z,2026-08-16T16:16:04Z,2026-08-16T16:32:03Z,959.0,b4f557f1fdd3cf547ce491cccb98f502bcd833b2,chore/fix-sharded-typo,2026-08-16T15:42:43Z,34,8,8,16,2,1,0
github_actions,tokio-rs/tokio,31958109250,14144,pull_request,completed,success,2026-08-16T16:16:04Z,2026-08-16T16:16:04Z,2026-08-16T16:17:09Z,65.0,b4f557f1fdd3cf547ce491cccb98f502bcd833b2,chore/fix-sharded-typo,2026-08-16T15:42:43Z,34,8,8,16,2,1,0
github_actions,tokio-rs/tokio,31958108303,10385,pull_request_target,completed,success,2026-08-16T16:16:02Z,2026-08-16T16:16:02Z,2026-08-16T16:16:11Z,9.0,b4f557f1fdd3cf547ce491cccb98f502bcd833b2,chore/fix-sharded-typo,2026-08-16T15:42:43Z,34,8,8,16,2,1,0
github_actions,tokio-rs/tokio,31922036748,2645,schedule,completed,success,2026-08-16T02:30:12Z,2026-08-16T02:30:12Z,2026-08-16T02:30:35Z,23.0,625954f365727668cb02d04172b34f1149637728,master,2026-08-11T07:51:50Z,59,267,0,267,2,1,0
github_actions,tokio-rs/tokio,31896553910,15682,pull_request,completed,success,2026-08-15T16:49:01Z,2026-08-15T16:49:01Z,2026-08-15T17:04:39Z,938.0,629d44e93099dff5c8f569bc82857f4b860393f5,feat/handle-has-time-driver,2026-08-15T16:45:41Z,50,48,0,48,4,1,0
github_actions,tokio-rs/tokio,31896553765,16977,pull_request,completed,success,2026-08-15T16:49:01Z,2026-08-15T16:49:01Z,2026-08-15T18:02:50Z,4429.0,629d44e93099dff5c8f569bc82857f4b860393f5,feat/handle-has-time-driver,2026-08-15T16:45:41Z,50,48,0,48,4,1,0
github_actions,tokio-rs/tokio,31896553800,4260,pull_request,completed,success,2026-08-15T16:49:01Z,2026-08-15T16:49:01Z,2026-08-15T16:49:24Z,23.0,629d44e93099dff5c8f569bc82857f4b860393f5,feat/handle-has-time-driver,2026-08-15T16:45:41Z,50,48,0,48,4,1,0
github_actions,tokio-rs/tokio,31896553769,14143,pull_request,completed,success,2026-08-15T16:49:01Z,2026-08-15T16:49:01Z,2026-08-15T16:50:06Z,65.0,629d44e93099dff5c8f569bc82857f4b860393f5,feat/handle-has-time-driver,2026-08-15T16:45:41Z,50,48,0,48,4,1,0
github_actions,tokio-rs/tokio,31896552892,10384,pull_request_target,completed,success,2026-08-15T16:48:59Z,2026-08-15T16:48:59Z,2026-08-15T16:49:11Z,12.0,629d44e93099dff5c8f569bc82857f4b860393f5,feat/handle-has-time-driver,2026-08-15T16:45:41Z,50,48,0,48,4,1,0
github_actions,tokio-rs/tokio,31861709639,16976,pull_request,completed,success,2026-08-15T03:23:58Z,2026-08-15T03:23:58Z,2026-08-15T04:44:09Z,4811.0,d4cd6487351295f841036d807704b61b42c21d4b,feat/handle-has-time-driver,2026-08-15T03:23:30Z,46,4,2,6,1,1,0
github_actions,opencv/opencv,33162031181,12712,pull_request,completed,success,2026-08-28T10:05:41Z,2026-08-28T10:18:22Z,2026-08-28T11:53:31Z,5709.0,1d29f992b01bc6bcadb944850b2c327443304b5e,abaeyens/speed-up-warp,2026-08-28T10:04:48Z,93,3,2,5,1,2,0
github_actions,opencv/opencv,33159734164,12710,pull_request,completed,failure,2026-08-28T09:31:39Z,2026-08-28T10:20:33Z,2026-08-28T12:32:31Z,7918.0,33dca5d929dfd9ac285e635d691628372a447154,core-norm2_mask-simd-opt,2026-08-28T08:21:11Z,57,531,38,569,1,2,1
github_actions,opencv/opencv,33145767790,9,schedule,completed,failure,2026-08-28T05:46:13Z,2026-08-28T05:46:13Z,2026-08-28T06:57:34Z,4281.0,d757c2942da24eee2f62abdd7fc7571320a7e725,5.x,2026-08-27T17:31:09Z,130,1,3,4,1,1,1
github_actions,opencv/opencv,33090758684,4322,pull_request,completed,success,2026-08-27T15:58:30Z,2026-08-27T16:06:22Z,2026-08-27T21:14:42Z,18500.0,89608d82636ebf0d983fb9ff913d355b355dba06,dtype-support-5x,2026-08-27T15:57:48Z,60,23,1,24,2,2,0
github_actions,opencv/opencv,33086911514,12709,pull_request,completed,success,2026-08-27T15:16:30Z,2026-08-27T15:16:42Z,2026-08-27T20:23:22Z,18400.0,d2d3095c4d477f246eee4881cffc0831e83153d4,fix/facerecognizersf-match-const-input,2026-08-27T15:16:10Z,16,0,17,17,1,2,0
github_actions,opencv/opencv,33075901541,4321,pull_request,completed,success,2026-08-27T13:15:38Z,2026-08-27T15:02:28Z,2026-08-27T19:49:46Z,17238.0,256d17110ff9c4a92d5bec49b57d70e7b2a985d6,vizsplat,2026-08-27T13:15:23Z,17,14,14,28,4,2,0
github_actions,opencv/opencv,33072824388,12708,pull_request,completed,failure,2026-08-27T12:38:21Z,2026-08-28T10:48:23Z,2026-08-28T13:57:48Z,11365.0,adc4855daaeae061e21b7cf62eeca127a914493c,fast_moments,2026-08-27T12:37:30Z,187,472,171,643,4,2,1
github_actions,opencv/opencv,33069583773,4320,pull_request,completed,success,2026-08-27T11:56:32Z,2026-08-27T15:06:42Z,2026-08-27T20:32:26Z,19544.0,4d80fe4861c401bd2082ee06a2116931af9b73e4,fix/int32_output,2026-08-24T08:33:40Z,8,5,0,5,1,2,0
github_actions,opencv/opencv,33069100792,12707,pull_request,completed,failure,2026-08-27T11:49:49Z,2026-08-27T11:52:56Z,2026-08-27T18:42:38Z,24582.0,cf81e953e4f284f9483a2be26b0ac3b0fff71075,fast_resize_ex,2026-08-27T11:49:08Z,852,7364,3668,11032,8,2,1
github_actions,opencv/opencv,33067077173,12706,pull_request,completed,success,2026-08-27T11:22:26Z,2026-08-27T11:39:07Z,2026-08-27T17:57:54Z,22727.0,8714d8afecf7dab19429937b3514216cbde37198,laplacian_opt,2026-08-27T10:21:44Z,57,118,21,139,1,2,0
github_actions,opencv/opencv,33065810810,4318,pull_request,completed,success,2026-08-27T11:04:59Z,2026-08-27T18:11:19Z,2026-08-27T21:53:47Z,13348.0,6ffbd9cca9720c0b3bab1b48ac18182f64a7ca9e,exotic_cast_operations,2026-08-27T11:04:44Z,7,299,1048,1347,4,2,0
github_actions,opencv/opencv,33064109749,4314,pull_request,completed,success,2026-08-27T10:41:17Z,2026-08-27T10:41:17Z,2026-08-27T16:59:41Z,22704.0,c511ff06f25c68467b38f39995da04a513fb3a3d,bitcast_matmul_dft_layers,2026-08-27T10:41:06Z,24,0,979,979,1,1,0
github_actions,opencv/opencv,33063595412,4311,pull_request,completed,failure,2026-08-27T10:34:04Z,2026-08-27T10:46:31Z,2026-08-27T17:36:47Z,24616.0,3475d534ce9841909b8a9d85e93805b2606bd64b,cudnnjit_p2,2026-08-27T10:33:48Z,21,4,13,17,4,2,1
github_actions,opencv/opencv,33058998366,12705,pull_request,completed,failure,2026-08-27T09:32:01Z,2026-08-27T10:35:24Z,2026-08-27T15:03:07Z,16063.0,37df748155047b5b35d98133b4f1e8f04c3e80bc,rvv-convertscale-16s8u,2026-08-27T08:51:04Z,51,49,0,49,1,2,1
github_actions,opencv/opencv,33049213867,12704,pull_request,completed,success,2026-08-27T07:18:59Z,2026-08-27T08:20:05Z,2026-08-27T12:04:54Z,13489.0,62e4124ee9fcbbcac8bbe875e4732e4ab6d59256,buildPyramid_opt,2026-08-27T05:02:13Z,68,33,25,58,1,2,0
github_actions,opencv/opencv,33040718392,8,schedule,completed,failure,2026-08-27T04:52:13Z,2026-08-27T04:52:13Z,2026-08-27T06:03:37Z,4284.0,e13d6719ebc7cee2f6ea294f32f3553960f1386f,5.x,2026-08-26T10:38:32Z,115,3,3,6,1,1,1
github_actions,opencv/opencv,33001627370,4308,pull_request,completed,failure,2026-08-26T18:47:27Z,2026-08-27T07:45:10Z,2026-08-27T11:16:59Z,12709.0,1f8e75b5bd7930d3e09fae34c21e0a624916e036,videoio-target-fps,2026-08-13T15:30:02Z,1427,492,191,683,3,2,1
github_actions,opencv/opencv,32974546356,4305,pull_request,completed,success,2026-08-26T13:29:53Z,2026-08-27T06:47:51Z,2026-08-27T08:51:00Z,7389.0,49db5aee95fa3338c55e27923e9ba2bfd478483d,cudnnjit_p2,2026-08-26T13:27:07Z,55,741,686,1427,61,2,0
github_actions,opencv/opencv,32971388472,12703,pull_request,completed,failure,2026-08-26T12:57:20Z,2026-08-26T13:00:22Z,2026-08-27T00:13:23Z,40381.0,b0cfda31875db9630e8454fceea873959a145422,fast_sobel2d_opt,2026-08-26T12:55:54Z,460,1055,577,1632,12,2,1
github_actions,opencv/opencv,32970233053,4304,pull_request,completed,failure,2026-08-26T12:44:50Z,2026-08-26T13:04:11Z,2026-08-26T23:25:12Z,37261.0,fa9c868d7be8b563070e73b3b107881392fec8cd,generalized-tokenizer,2026-08-26T12:33:12Z,62,20,73,93,4,2,1
github_actions,opencv/opencv,32970128974,4303,pull_request,completed,success,2026-08-26T12:43:41Z,2026-08-27T08:29:52Z,2026-08-27T15:03:57Z,23645.0,a0d058f9b063df70b41e67b5315ca928bab232e3,bilateral_filter_refactor,2026-08-26T12:29:54Z,67,62,33,95,8,2,0
github_actions,opencv/opencv,32970046300,4302,pull_request,completed,success,2026-08-26T12:42:47Z,2026-08-26T12:54:27Z,2026-08-26T22:20:56Z,33989.0,f055cf275651c7d02a3dbafda38cd98618b4115e,dnn-ort-utf8-path-fix,2026-08-26T12:39:22Z,54,40,13,53,3,2,0
github_actions,opencv/opencv,32965072181,4301,pull_request,completed,success,2026-08-26T11:46:53Z,2026-08-26T11:46:53Z,2026-08-26T21:06:27Z,33574.0,a82670370bb77b41605487bf30a5e47ba9a31ffd,extended_onnx_coverage,2026-08-26T11:43:13Z,25,6,4,10,2,1,0
github_actions,opencv/opencv,32962337553,4300,pull_request,completed,failure,2026-08-26T11:14:43Z,2026-08-26T11:14:43Z,2026-08-26T23:28:09Z,44006.0,588d0af13456d99402f5035ead28d22144eb42be,bitcast_matmul_dft_layers,2026-08-26T11:14:25Z,11,1,1,2,1,1,1
github_actions,opencv/opencv,32962329544,4299,pull_request,completed,success,2026-08-26T11:14:37Z,2026-08-26T11:38:16Z,2026-08-26T20:25:50Z,31654.0,abbddc6e38a66784eb425fa7be04fd528abff69b,layers_dtype_coverage_increase,2026-08-26T11:13:48Z,26,4,4,8,2,2,0
github_actions,opencv/opencv,32959719998,12702,pull_request,completed,success,2026-08-26T10:43:51Z,2026-08-26T11:38:46Z,2026-08-26T20:07:49Z,30543.0,8f592d81e82366a76156d14857fce746f034f8ed,opencl_boxfilter,2026-08-26T09:53:05Z,197,2,3,5,1,2,0
github_actions,opencv/opencv,32958211741,4298,pull_request,completed,failure,2026-08-26T10:25:59Z,2026-08-26T10:25:59Z,2026-08-26T11:14:47Z,2928.0,c30c0cdc08cf5a3dfef0f93fd8b2109eafb4efb1,bitcast_matmul_dft_layers,2026-08-26T09:48:23Z,10,5,4,9,1,1,1
github_actions,opencv/opencv,32953937609,12701,pull_request,completed,success,2026-08-26T09:36:55Z,2026-08-26T09:46:57Z,2026-08-27T00:00:47Z,51230.0,d3afeb980573c5126b35343ff125d59b204f169d,fix/facerecognizersf-match-const-input,2026-08-26T08:17:52Z,1245,42,3,45,2,2,0
github_actions,opencv/opencv,32953274568,4297,pull_request,completed,success,2026-08-26T09:29:30Z,2026-08-27T07:49:02Z,2026-08-27T10:34:53Z,9951.0,b7c7d0a9eab8ad22de36bbe7c147c5c912b31092,alpha_composite,2026-08-26T09:22:46Z,11,29,10,39,1,2,0
github_actions,opencv/opencv,32951801942,12700,pull_request,completed,success,2026-08-26T09:12:57Z,2026-08-26T19:15:11Z,2026-08-26T23:22:13Z,14822.0,357fd2e58d8211c9bfd852da05d9ed6fefc4f732,opencl_medianblur,2026-08-26T08:53:26Z,182,1,2,3,1,3,0
github_actions,opencv/opencv,32951370803,12699,pull_request,completed,failure,2026-08-26T09:08:01Z,2026-08-26T09:08:08Z,2026-08-26T15:54:26Z,24378.0,e4c14c5c4f266f8eaf2152621a31516667d4123c,fix/sunras-grayscale-imread,2026-08-26T09:07:46Z,800,33,2,35,2,2,1
github_actions,opencv/opencv,32951278645,4296,pull_request,completed,success,2026-08-26T09:06:59Z,2026-08-26T12:04:49Z,2026-08-26T23:03:54Z,39545.0,d31ef179738ae139c2fe46ed9219be1cde7ea845,cudnnjit,2026-08-26T09:06:29Z,15,0,50,50,1,2,0
github_actions,opencv/opencv,32949329410,12698,pull_request,completed,failure,2026-08-26T08:44:38Z,2026-08-26T08:48:55Z,2026-08-26T13:05:26Z,15391.0,af75a26078206636451d3e1f2984c6d621676453,fast_sobel2d_opt,2026-08-26T08:43:33Z,460,1055,577,1632,12,2,1
github_actions,opencv/opencv,32949170486,4293,pull_request,completed,failure,2026-08-26T08:42:49Z,2026-08-26T08:42:49Z,2026-08-26T23:53:31Z,54642.0,e593f0819ad744d5feacbb5509d3c10f20871529,exotic_cast_operations,2026-08-26T08:42:25Z,15,2,2,4,1,1,1
github_actions,opencv/opencv,32947286979,12697,pull_request,completed,failure,2026-08-26T08:20:56Z,2026-08-26T11:37:05Z,2026-08-26T20:16:20Z,31155.0,400ded6619f3a72ba88e2baf0b14aec0af2d5ca1,opencl_guassianBlur,2026-08-26T06:04:38Z,264,3,8,11,2,3,1
github_actions,opencv/opencv,32946185544,4291,pull_request,completed,failure,2026-08-26T08:07:52Z,2026-08-26T08:07:52Z,2026-08-26T11:51:55Z,13443.0,fd44d5ea4e2b3b8fecdfa9b46cdf8d8d8fee8093,extended_onnx_coverage,2026-08-26T08:07:27Z,8,4,0,4,2,1,1
github_actions,opencv/opencv,32944630303,4290,pull_request,completed,failure,2026-08-26T07:49:16Z,2026-08-26T07:55:29Z,2026-08-26T23:25:12Z,55783.0,841d3a043687905446ba7d8c82576cc16214baa0,fix/issue-29798-dilate-bool,2026-08-26T07:49:06Z,87,34,28,62,2,2,1
github_actions,opencv/opencv,32941384392,4289,pull_request,completed,failure,2026-08-26T07:09:18Z,2026-08-26T07:09:30Z,2026-08-26T09:08:05Z,7115.0,8476f8db2bd9a5d7db3265fa843327e658630586,fix/29365-imwrite-boolean-image-support,2026-08-26T07:08:57Z,21,0,8,8,1,2,1
github_actions,opencv/opencv,32938658358,12695,pull_request,completed,success,2026-08-26T06:33:20Z,2026-08-26T06:33:20Z,2026-08-26T07:58:10Z,5090.0,e000687c41ed39228170d9494ef5483b1faddb13,as/aravis_pixel_formats,2026-08-26T06:32:54Z,1720,248,90,338,1,1,0
github_actions,opencv/opencv,32926357253,7,schedule,completed,failure,2026-08-26T03:25:01Z,2026-08-26T03:25:01Z,2026-08-26T04:36:47Z,4306.0,8b7dc43c227746366213a65ad1477ed37fb8d365,5.x,2026-08-25T14:14:44Z,810,156,10,166,7,1,1
github_actions,opencv/opencv,32874900294,4288,pull_request,completed,success,2026-08-25T16:56:07Z,2026-08-25T17:50:34Z,2026-08-25T23:18:33Z,19679.0,fcb5cc5906ebd247d210742e9240173a8d627bcd,fix/issue-29798-dilate-bool,2026-08-25T16:55:58Z,61,34,18,52,3,2,0
github_actions,opencv/opencv,32865037642,4286,pull_request,completed,success,2026-08-25T15:19:08Z,2026-08-25T15:19:43Z,2026-08-25T22:33:48Z,26045.0,4b8ac96b209db70475d246d4f4787d76d1f08c7d,fix/29365-imwrite-boolean-image-support,2026-08-25T15:18:49Z,43,3,2,5,1,2,0
github_actions,opencv/opencv,32861847159,12694,pull_request,completed,failure,2026-08-25T14:48:42Z,2026-08-25T14:48:42Z,2026-08-25T22:27:11Z,27509.0,858f7a527a2b507a4f2ec2e7ab1837df1dc24c1b,as/aravis_default_resolution,2026-08-25T14:43:32Z,230,122,8,130,1,1,1
github_actions,opencv/opencv,32853178996,4285,pull_request,completed,failure,2026-08-25T13:24:53Z,2026-08-26T10:17:49Z,2026-08-27T00:54:55Z,52626.0,76c1850ddae7c7da56c88356ade77bcb71390cd8,dtype-support-5x,2026-08-25T13:24:31Z,90,63,11,74,3,3,1
github_actions,opencv/opencv,32851449600,12693,pull_request,completed,failure,2026-08-25T13:07:18Z,2026-08-25T13:07:18Z,2026-08-25T20:26:44Z,26366.0,7c0d5932fff9d1f1c2be7b3849ff9a89e29b56a6,as/aravis_pixel_formats,2026-08-25T12:53:29Z,1720,248,90,338,1,1,1
github_actions,opencv/opencv,32848251920,12692,pull_request,completed,failure,2026-08-25T12:33:35Z,2026-08-25T12:33:35Z,2026-08-25T19:54:35Z,26460.0,69f42526bbe5fd6431a5bbea8de337744acb14f3,as/aravis_by_guid,2026-08-25T12:30:41Z,43,74,32,106,3,1,1
github_actions,opencv/opencv,32843348361,12691,pull_request,completed,failure,2026-08-25T11:38:23Z,2026-08-25T14:16:19Z,2026-08-25T20:38:36Z,22937.0,9d0b004064637995058b1de4a260f334f0e5effb,bilateral_filter_ipp_extract,2026-08-25T11:38:03Z,36,3,8,11,1,2,1
github_actions,opencv/opencv,32842260581,4284,pull_request,completed,success,2026-08-25T11:25:50Z,2026-08-25T11:25:50Z,2026-08-25T21:01:02Z,34512.0,7ccc50ad3618b8257fe7541db07cc03f6835dc89,linear_flex_attention_layers,2026-08-25T11:25:32Z,25,33,22,55,1,1,0
github_actions,opencv/opencv,32841352963,4283,pull_request,completed,success,2026-08-25T11:15:11Z,2026-08-25T14:18:28Z,2026-08-25T21:47:53Z,26965.0,adc2ede6029bac194973da74d3ca778431c59314,layers_dtype_coverage_increase,2026-08-25T11:14:35Z,66,23,0,23,1,2,0
github_actions,opencv/opencv,32834754452,4282,pull_request,completed,success,2026-08-25T09:58:02Z,2026-08-25T10:37:33Z,2026-08-25T22:35:40Z,43087.0,357c542971f30a1f16c914998eef5644b7625634,imgproc_cleanup,2026-08-25T09:57:08Z,43,4,3,7,2,2,0
github_actions,opencv/opencv,32832584374,4281,pull_request,completed,success,2026-08-25T09:33:25Z,2026-08-25T17:49:44Z,2026-08-25T23:06:54Z,19030.0,7500d7b924330533b3e2a9a32761156d5a603ba8,objdetect_cleanup,2026-08-25T09:33:09Z,84,47,58,105,3,3,0
github_actions,opencv/opencv,32831493645,4280,pull_request,completed,success,2026-08-25T09:21:19Z,2026-08-25T11:02:48Z,2026-08-25T20:09:19Z,32791.0,1892baa904d74e8a2e60f5d9d11024e48c69b56f,test_cleanup,2026-08-25T09:21:00Z,68,17,8,25,1,2,0
github_actions,opencv/opencv,32826215177,4278,pull_request,completed,failure,2026-08-25T08:21:48Z,2026-08-25T08:22:52Z,2026-08-25T16:58:19Z,30927.0,20c23bbe337181ca8ab63b42b3009d0f0b3cf9b6,slamBA,2026-08-25T08:21:35Z,25,33,62,95,10,2,1
github_actions,opencv/opencv,32815929980,4277,pull_request,completed,success,2026-08-25T06:12:05Z,2026-08-25T06:12:14Z,2026-08-25T13:39:38Z,26844.0,3c235c543cbef113a6038dfa5fa26ded6d1375df,test_cleanup_features,2026-08-25T06:11:18Z,33,5,2,7,1,2,0
github_actions,opencv/opencv,32804848966,6,schedule,completed,failure,2026-08-25T03:21:16Z,2026-08-25T03:21:16Z,2026-08-25T04:13:47Z,3151.0,b11441a136769045c62ce926a42f5d20497465d8,5.x,2026-08-24T10:50:45Z,107,5,5,10,4,1,1
github_actions,opencv/opencv,32777471005,4276,pull_request,completed,failure,2026-08-24T21:04:25Z,2026-08-26T07:30:03Z,2026-08-26T13:23:38Z,21215.0,e35302e7693a0f958e15df3f6d62a39094dff23a,fix-flip-batched-nhwc,2026-08-24T21:04:06Z,34,59,0,59,3,2,1
github_actions,opencv/opencv,32741748277,4274,pull_request,completed,failure,2026-08-24T14:55:56Z,2026-08-24T16:29:00Z,2026-08-25T06:12:19Z,49399.0,b297227ce79a74145449a8421dbf7aa7e829ac5a,test_cleanup_features,2026-08-24T14:55:33Z,25,4,5,9,1,2,1
github_actions,opencv/opencv,32740732921,12687,pull_request,completed,failure,2026-08-24T14:46:04Z,2026-08-24T16:23:12Z,2026-08-25T07:07:42Z,53070.0,5c41b68141868c5b083d9cc75a6b38551dc230f9,bilateral_filter_ipp_extract,2026-08-24T14:45:41Z,42,3,5,8,1,2,1
github_actions,opencv/opencv,32738538203,4273,pull_request,completed,failure,2026-08-24T14:24:48Z,2026-08-24T14:31:14Z,2026-08-25T13:42:52Z,83498.0,d9e5ddd83ca8f0d0d4ddc3a24b9e5341bee97299,layers_dtype_coverage_increase,2026-08-24T13:05:50Z,13,84,138,222,5,2,1
github_actions,opencv/opencv,32735907661,4271,pull_request,completed,failure,2026-08-24T13:59:13Z,2026-08-24T14:00:23Z,2026-08-25T12:05:10Z,79487.0,e91b94a079a71ba935451493bfc51f481d413128,backendAgnostic,2026-08-24T13:58:59Z,26,10,6,16,1,2,1
github_actions,opencv/opencv,32732009301,4269,pull_request,completed,success,2026-08-24T13:19:25Z,2026-08-24T13:26:31Z,2026-08-25T11:08:40Z,78129.0,fd220da09eb00ea5a0f206bc69bb52eef0a544a3,vizsplat,2026-08-24T13:19:05Z,23,319,234,553,11,2,0
github_actions,opencv/opencv,32727352543,4267,pull_request,completed,failure,2026-08-24T12:29:16Z,2026-08-24T12:29:16Z,2026-08-25T09:29:59Z,75643.0,186f1c304cbbf66eae9c59ac929ddcd9cb141477,alpha_composite,2026-08-24T12:28:10Z,23,359,0,359,4,1,1
github_actions,opencv/opencv,32722036614,4265,pull_request,completed,failure,2026-08-24T11:28:29Z,2026-08-24T12:07:35Z,2026-08-25T12:53:03Z,89128.0,63f59536a7fe5b025fc1d5cf41f3667e9fc3f92e,cudnnjit,2026-08-24T11:28:15Z,23,13,25,38,5,2,1
github_actions,opencv/opencv,32714564011,4264,pull_request,completed,success,2026-08-24T10:00:45Z,2026-08-24T10:00:45Z,2026-08-24T19:53:03Z,35538.0,90bb98cff6d0f4b93be7e5d1f027900f682e60dc,linear_flex_attention_layers,2026-08-24T10:00:12Z,20,14,0,14,1,1,0
github_actions,opencv/opencv,32714325552,4262,pull_request,completed,failure,2026-08-24T09:58:03Z,2026-08-24T10:20:50Z,2026-08-24T22:25:00Z,43450.0,760e526e60e739835f17d9980b7f7b1241422fb6,iwi_remap,2026-08-24T09:57:55Z,16,0,4,4,1,2,1
github_actions,opencv/opencv,32711214547,4260,pull_request,completed,failure,2026-08-24T09:22:53Z,2026-08-24T09:30:04Z,2026-08-24T17:41:31Z,29487.0,7583a387da8571e40a707101702caa31947aea3b,dtype-support-5x,2026-08-24T09:22:30Z,12,2,7,9,2,2,1
github_actions,opencv/opencv,32709485509,4258,pull_request,completed,failure,2026-08-24T09:03:49Z,2026-08-24T09:43:36Z,2026-08-24T12:12:40Z,8944.0,22b0457b6029d717f577cb1ddc0ad639d34d7c2d,cudnnjit,2026-08-24T09:02:58Z,16,1962,764,2726,90,2,1
github_actions,opencv/opencv,32704270166,4257,pull_request,completed,failure,2026-08-24T08:02:07Z,2026-08-24T10:23:15Z,2026-08-24T23:20:11Z,46616.0,b662390a2a4b25707f71023e3114217fd794b139,warp_reenable_5,2026-08-24T08:02:00Z,15,2,0,2,1,2,1
github_actions,opencv/opencv,32703899933,4256,pull_request,completed,success,2026-08-24T07:57:25Z,2026-08-24T07:57:25Z,2026-08-24T15:29:51Z,27146.0,01cf4dd408a98144a01b00a3807f94cad7e6cab4,bitcast_matmul_dft_layers,2026-08-24T07:57:05Z,20,45,13,58,3,1,0
github_actions,opencv/opencv,32701194316,4255,pull_request,completed,failure,2026-08-24T07:22:13Z,2026-08-24T07:22:13Z,2026-08-24T10:06:16Z,9843.0,e7363d339efb18374d5542fa643061f95e3dc5d2,linear_flex_attention_layers,2026-08-24T07:22:01Z,31,4,0,4,1,1,1
github_actions,opencv/opencv,32701106373,4254,pull_request,completed,failure,2026-08-24T07:20:57Z,2026-08-24T07:20:57Z,2026-08-24T11:12:51Z,13914.0,61206bbcbc18f07122943f8c3a4fc031bf12254b,exotic_cast_operations,2026-08-24T07:20:42Z,23,60,31,91,7,1,1
github_actions,opencv/opencv,32700163439,4253,pull_request,completed,failure,2026-08-24T07:08:06Z,2026-08-24T07:53:34Z,2026-08-24T12:55:12Z,18098.0,28f0ec9cd917b0b78d37febbec6024c496059384,extra_parsers,2026-08-24T07:06:41Z,43,175,26695,26870,74,2,1
github_actions,opencv/opencv,32686333991,5,schedule,completed,failure,2026-08-24T03:24:28Z,2026-08-24T03:24:28Z,2026-08-24T04:34:35Z,4207.0,c36dd6a35ee9b38ed0df4c5bce4b5b9f05a109be,5.x,2026-08-22T12:37:32Z,996,24,23,47,5,1,1
github_actions,opencv/opencv,32635399783,12684,pull_request,completed,failure,2026-08-23T11:02:10Z,2026-08-27T11:12:20Z,2026-08-27T12:43:26Z,5466.0,d19c3437045ecc654de08a18417488a868fe0122,abaeyens/speed-up-warp,2026-08-23T10:42:44Z,455,76,14,90,1,3,1
github_actions,opencv/opencv,32626439363,12683,pull_request,completed,success,2026-08-23T07:45:56Z,2026-08-24T13:35:30Z,2026-08-24T19:20:53Z,20723.0,2cfad59a385b2d666916fb57e81d13bfc87805b6,guided_filter-opt-simd,2026-08-23T07:45:01Z,43,43,64,107,1,3,0
github_actions,opencv/opencv,32624407958,12682,pull_request,completed,success,2026-08-23T07:00:24Z,2026-08-24T10:30:24Z,2026-08-25T01:01:30Z,52266.0,9a17c30493432bfc95ea4fc162cc58b0fc7a5e14,dft_cache_thrashing_fix,2026-08-23T06:59:49Z,49,23,72,95,1,2,0
github_actions,opencv/opencv,32615217389,4,schedule,completed,failure,2026-08-23T03:23:17Z,2026-08-23T03:23:17Z,2026-08-23T03:33:52Z,635.0,c36dd6a35ee9b38ed0df4c5bce4b5b9f05a109be,5.x,2026-08-22T12:37:32Z,996,24,23,47,5,1,1
github_actions,opencv/opencv,32579985261,12681,pull_request,completed,success,2026-08-22T14:52:20Z,2026-08-23T07:19:13Z,2026-08-23T08:42:51Z,5018.0,b2e286ef8bfbe78f5936e7389b6a61e810f50117,ecc-prefilter-border,2026-08-22T14:51:50Z,1280,15,1,16,1,2,0
github_actions,opencv/opencv,32574050491,12680,pull_request,completed,failure,2026-08-22T12:49:47Z,2026-08-22T13:00:42Z,2026-08-23T05:26:32Z,59150.0,99611554d165bdee6e07c535b5e80813bdabf266,ecc-prefilter-border,2026-08-22T11:00:28Z,1280,15,1,16,1,2,1
github_actions,opencv/opencv,32570865869,4250,pull_request,completed,success,2026-08-22T11:39:20Z,2026-08-22T12:52:17Z,2026-08-23T04:46:00Z,57223.0,bfd89ecb8fa173b18c9a42a866b3bfd6ee4de964,fix/29458-harfbuzz-raster-symbol-check,2026-08-22T11:27:19Z,772,21,4,25,1,2,0
github_actions,opencv/opencv,32548628614,3,schedule,completed,failure,2026-08-22T03:18:53Z,2026-08-22T03:18:53Z,2026-08-22T07:42:25Z,15812.0,89e18be54911fd92dc263888cf80ac1e3fdc327f,5.x,2026-08-21T14:17:50Z,1632,454,23,477,10,1,1
github_actions,opencv/opencv,32506652587,4248,pull_request,completed,success,2026-08-21T17:09:11Z,2026-08-22T08:29:47Z,2026-08-23T04:03:51Z,70444.0,899dae8ff9bc5dcfb5bc56aa22b18e509a0e1ca4,warp_reenable_5,2026-08-21T12:32:08Z,18,1,1,2,1,2,0
github_actions,opencv/opencv,32491501657,12679,pull_request,completed,failure,2026-08-21T14:19:15Z,2026-08-21T14:36:35Z,2026-08-22T14:36:47Z,86412.0,218573c34017164088af7ed8da7cc3f85c5bf63c,4.x,2026-08-21T14:17:12Z,658,1,1,2,1,2,1
github_actions,opencv/opencv,32486256551,4241,pull_request,completed,failure,2026-08-21T13:19:43Z,2026-08-21T13:19:43Z,2026-08-22T13:19:55Z,86412.0,c246d6329fff2bb2b5f0a3080afb05757e388476,exotic_cast_operations,2026-08-21T13:19:18Z,23,60,31,91,7,1,1
github_actions,opencv/opencv,32484186826,4240,pull_request,completed,failure,2026-08-21T12:54:57Z,2026-08-21T12:54:57Z,2026-08-22T12:54:59Z,86402.0,6ec8d19be9cb00c9b7f44c20af308de2db55606f,bitcast_matmul_dft_layers,2026-08-21T12:53:27Z,16,58,32,90,1,1,1
github_actions,opencv/opencv,32481317477,4238,pull_request,completed,failure,2026-08-21T12:19:11Z,2026-08-21T12:19:11Z,2026-08-22T14:18:57Z,93586.0,696d1418510756dd41d7b8d4ae135e7ead6c2c56,linear_flex_attention_layers,2026-08-21T12:18:58Z,31,4,0,4,1,1,1
github_actions,opencv/opencv,32480125752,4237,pull_request,completed,failure,2026-08-21T12:04:14Z,2026-08-21T12:04:14Z,2026-08-22T12:04:17Z,86403.0,cfe81c9388c6eb37f33b115a19c111487b38f179,handle_reinitialization,2026-08-21T12:03:53Z,44,77,44,121,7,1,1
github_actions,opencv/opencv,32474589664,4235,pull_request,completed,success,2026-08-21T10:52:15Z,2026-08-24T07:19:04Z,2026-08-24T08:45:59Z,5215.0,9f3ba9ad2035a94afcddd21f92953ff47319d353,vizsplat,2026-08-21T10:52:02Z,23,20,10,30,2,3,0
github_actions,opencv/opencv,32468175975,4234,pull_request,completed,failure,2026-08-21T09:29:59Z,2026-08-21T09:29:59Z,2026-08-21T12:19:32Z,10173.0,95ee2cb9ff1cde9c53de57005a38e34652068b7b,linear_flex_attention_layers,2026-08-21T09:29:40Z,11,48,54,102,3,1,1
github_actions,opencv/opencv,32467595503,4233,pull_request,completed,failure,2026-08-21T09:22:44Z,2026-08-21T12:18:49Z,2026-08-22T12:18:53Z,86404.0,9a57fc9f698d9a12d4935ea12441874dbcf14896,generalized-tokenizer,2026-08-21T09:22:32Z,11,101,67,168,6,2,1
github_actions,opencv/opencv,32462638720,12675,pull_request,completed,failure,2026-08-21T08:19:18Z,2026-08-24T07:20:23Z,2026-08-24T09:32:20Z,7917.0,1684e40b5ede44f9e94c1aa55569baf150584825,fix/issue-29761-sgbm-3way-uniqueness-div-by-zero,2026-08-21T08:19:11Z,82,1,1,2,1,3,1
github_actions,opencv/opencv,32461319778,4231,pull_request,completed,failure,2026-08-21T08:02:19Z,2026-08-21T12:17:56Z,2026-08-22T12:18:00Z,86404.0,2907063fc25b82f746ab4cc15f61272eac960c4d,test_cleanup_features,2026-08-21T08:01:56Z,36,12,8,20,1,2,1
github_actions,opencv/opencv,32456010590,4230,pull_request,completed,success,2026-08-21T06:50:07Z,2026-08-24T08:36:50Z,2026-08-24T16:56:15Z,29965.0,7603050d5df8ed32ce874b90d5247d42c237864e,fix/engine_new_on_tflite,2026-08-21T06:49:32Z,39,0,20,20,1,3,0
github_actions,opencv/opencv,32451485897,4229,pull_request,completed,failure,2026-08-21T05:41:39Z,2026-08-21T06:10:35Z,2026-08-22T06:10:39Z,86404.0,2d9f9490b8461351d065dc49afaba8cda6a88371,ai-disk-lightglue-pipeline,2026-08-21T04:55:17Z,266,69,8,77,1,2,1
github_actions,opencv/opencv,32444876604,2,schedule,completed,failure,2026-08-21T03:51:47Z,2026-08-21T03:51:47Z,2026-08-21T04:33:00Z,2473.0,4a3689d02678b851d278d566086d58e523d435d0,5.x,2026-08-20T09:07:48Z,94,64,64,128,22,1,1
github_actions,opencv/opencv,32422375726,4227,pull_request,completed,failure,2026-08-20T22:02:22Z,2026-08-21T05:42:34Z,2026-08-22T14:18:51Z,117377.0,1fa09f80963d5bd5df2f5ebd2e0ba12403cadc52,5.x-dmabuf-external-memory,2026-08-20T20:55:40Z,418,513,1,514,8,2,1
github_actions,opencv/opencv,32420874523,4226,pull_request,completed,failure,2026-08-20T21:44:03Z,2026-08-20T21:44:03Z,2026-08-20T23:12:47Z,5324.0,4da84ae5470edc5ad0b0236be5198b61e65b94f0,min_empty,2026-08-20T21:42:58Z,81,38,7,45,4,1,1
github_actions,opencv/opencv,32412970545,4224,pull_request,completed,success,2026-08-20T20:14:00Z,2026-08-22T06:16:30Z,2026-08-23T03:19:49Z,75799.0,fca52f4c46b427498f3cfff1bde1b213db6d3e8e,imgcodecs-batch-encode-decode,2026-08-20T20:13:40Z,73,5,2,7,1,2,0
github_actions,opencv/opencv,32379210297,4221,pull_request,completed,failure,2026-08-20T14:17:10Z,2026-08-20T14:18:54Z,2026-08-21T13:27:57Z,83343.0,1f8e75b5bd7930d3e09fae34c21e0a624916e036,videoio-target-fps,2026-08-13T15:30:02Z,1427,492,191,683,3,2,1
github_actions,opencv/opencv,32378741955,84,dynamic,completed,success,2026-08-20T14:12:31Z,2026-08-20T14:12:31Z,2026-08-20T14:14:59Z,148.0,4a3689d02678b851d278d566086d58e523d435d0,5.x,2026-08-20T09:07:48Z,94,64,64,128,22,1,0
github_actions,opencv/opencv,32372648072,4218,pull_request,completed,success,2026-08-20T13:09:06Z,2026-08-20T13:09:06Z,2026-08-21T10:05:19Z,75373.0,bc6e8de619ae53b7fb8466d07f3592393ab7030d,kv_cache_engine,2026-08-20T13:08:51Z,49,59,0,59,1,1,0
github_actions,opencv/opencv,32368859995,12672,pull_request,completed,success,2026-08-20T12:26:35Z,2026-08-20T12:28:01Z,2026-08-21T09:07:52Z,74391.0,ccb49fd2d6f70b64f50a4398d554d8c140af9567,imp_jacobisvd_2,2026-08-20T12:21:35Z,201,52,23,75,1,2,0
github_actions,opencv/opencv,32352958219,4214,pull_request,completed,failure,2026-08-20T09:15:32Z,2026-08-20T09:19:01Z,2026-08-20T12:01:58Z,9777.0,8339b7383b9d0586aeac8f33e2a3f2d11b3a319e,test_cleanup_features,2026-08-14T12:57:59Z,43,9,1,10,2,2,1
github_actions,opencv/opencv,32339439003,83,dynamic,completed,success,2026-08-20T06:24:06Z,2026-08-20T06:24:06Z,2026-08-20T06:27:46Z,220.0,f918ba8849279b03e28139e02854b53523fada55,5.x,2026-08-20T06:07:12Z,109,7,0,7,1,1,0
github_actions,opencv/opencv,32329585290,1,schedule,completed,failure,2026-08-20T03:48:57Z,2026-08-20T03:48:57Z,2026-08-20T04:59:53Z,4256.0,5020ed3c55a153eee1cae718a3a5bacbf5a6078b,5.x,2026-08-19T11:05:37Z,3888,63,61,124,1,1,1
github_actions,opencv/opencv,32328523154,12671,pull_request,completed,success,2026-08-20T03:31:13Z,2026-08-20T09:27:53Z,2026-08-20T18:49:20Z,33687.0,1a0e2d459d87f972850f6c70778b7486c1992ac2,fix/border-reflect-extreme-coordinates,2026-08-20T03:30:09Z,58,78,13,91,2,2,0
github_actions,opencv/opencv,32324190871,4213,pull_request,completed,failure,2026-08-20T02:18:55Z,2026-08-20T10:35:00Z,2026-08-20T11:47:38Z,4358.0,d98e48a412ec98e2e8915f24fc558d692cb32684,5.x-dnn-migraphx,2026-08-20T02:18:46Z,218,2,1,3,1,2,1
github_actions,opencv/opencv,32322031109,4212,pull_request,completed,success,2026-08-20T01:43:14Z,2026-08-20T06:00:00Z,2026-08-20T07:51:23Z,6683.0,2334bd504f2816c08beb3b8806f96a4b6592c004,fix-misplaced-namespace,2026-08-20T01:39:00Z,122,8,3,11,1,2,0
github_actions,opencv/opencv,32293034470,12669,pull_request,completed,failure,2026-08-19T19:26:28Z,2026-08-20T06:04:49Z,2026-08-20T09:53:52Z,13743.0,fa705c66684ac15d2347a45bbe8779a1cff9fac8,fix/solvepnprefine-row-vector-oob,2026-08-19T19:25:38Z,843,65,6,71,2,2,1
github_actions,opencv/opencv,32283164682,82,dynamic,completed,success,2026-08-19T17:42:38Z,2026-08-19T17:42:38Z,2026-08-19T17:45:11Z,153.0,5020ed3c55a153eee1cae718a3a5bacbf5a6078b,5.x,2026-08-19T11:05:37Z,3888,63,61,124,1,1,0
github_actions,opencv/opencv,32281949180,81,dynamic,completed,success,2026-08-19T17:30:05Z,2026-08-19T17:30:05Z,2026-08-19T17:33:35Z,210.0,5020ed3c55a153eee1cae718a3a5bacbf5a6078b,5.x,2026-08-19T11:05:37Z,3888,63,61,124,1,1,0
github_actions,opencv/opencv,32274925626,12667,pull_request,completed,failure,2026-08-19T16:15:57Z,2026-08-19T17:00:26Z,2026-08-20T00:35:18Z,27292.0,7075c595ae13c331deb97d2e0dfa8b2fe20ed28d,andreyfe1/restore_match_template,2026-08-11T16:51:01Z,28,3,1,4,1,2,1
github_actions,opencv/opencv,32271752940,4209,pull_request,completed,success,2026-08-19T15:43:26Z,2026-08-19T16:59:35Z,2026-08-20T00:20:28Z,26453.0,35adba5c31f174a87b55a02abdf9fb290d630301,mlas_fix,2026-08-19T15:38:39Z,21,7,0,7,1,2,0
github_actions,opencv/opencv,32265639996,4208,pull_request,completed,success,2026-08-19T14:42:42Z,2026-08-20T14:08:09Z,2026-08-21T12:46:09Z,81480.0,55c5f4433c7c336b2ede607204aee50cb1257aa7,test_cleanup_calib,2026-08-14T12:43:03Z,33,0,217,217,1,2,0
github_actions,opencv/opencv,32258431324,80,dynamic,completed,success,2026-08-19T13:29:57Z,2026-08-19T13:29:57Z,2026-08-19T13:33:20Z,203.0,5020ed3c55a153eee1cae718a3a5bacbf5a6078b,5.x,2026-08-19T11:05:37Z,3888,63,61,124,1,1,0
github_actions,opencv/opencv,32255477621,4206,pull_request,completed,success,2026-08-19T12:58:18Z,2026-08-19T13:29:43Z,2026-08-19T21:07:38Z,27475.0,82ca549668764485658564e9e686b2002a563dbe,objdetect_cleanup,2026-08-14T11:49:39Z,45,3,3,6,1,2,0
github_actions,opencv/opencv,32255115991,4205,pull_request,completed,success,2026-08-19T12:54:18Z,2026-08-20T09:59:03Z,2026-08-21T06:50:41Z,75098.0,f01d1ed4d78d123a6f76bb9918f4a83f3ed651a4,imgproc_cleanup,2026-08-14T11:36:37Z,43,4,3,7,2,2,0
github_actions,opencv/opencv,32255076758,12665,pull_request,completed,failure,2026-08-19T12:53:52Z,2026-08-19T14:00:55Z,2026-08-19T22:56:44Z,32149.0,5fba907d28b0c89fe6e265f9733e41f3ca1c2bb2,fast_moments,2026-08-19T12:46:36Z,42,2,0,2,1,2,1
github_actions,opencv/opencv,32254306541,12664,pull_request,completed,failure,2026-08-19T12:45:15Z,2026-08-19T13:54:18Z,2026-08-19T22:32:22Z,31084.0,85a2da160ed231c4b1b2b9a480c9e2148f08037a,fast_resize_ex,2026-08-19T12:41:34Z,371,55,96,151,1,2,1
github_actions,opencv/opencv,32253049201,12663,pull_request,completed,success,2026-08-19T12:30:53Z,2026-08-19T13:30:45Z,2026-08-19T21:18:45Z,28080.0,77a9168c6a00067cd0e314c2988a1a649a90eb7e,guided_filter-opt-simd,2026-08-19T12:30:45Z,52,38,41,79,1,2,0
github_actions,opencv/opencv,32250117068,4204,pull_request,completed,success,2026-08-19T11:56:55Z,2026-08-19T15:24:33Z,2026-08-19T23:55:17Z,30644.0,3493f54d482672898c61fabca32fa791b413a3f8,cudnnjit,2026-08-19T11:56:40Z,18,2,2,4,2,2,0
github_actions,opencv/opencv,32247300147,2,dynamic,completed,success,2026-08-19T11:22:59Z,2026-08-19T11:22:59Z,2026-08-19T11:24:06Z,67.0,5020ed3c55a153eee1cae718a3a5bacbf5a6078b,5.x,2026-08-19T11:05:37Z,3888,63,61,124,1,1,0
github_actions,opencv/opencv,32246574246,12662,pull_request,completed,failure,2026-08-19T11:14:03Z,2026-08-19T11:41:43Z,2026-08-19T20:32:19Z,31836.0,3f4a5e5c31a57764be539420c11b7093531a16af,imp_jacobisvd_2,2026-08-19T10:36:14Z,283,40,43,83,1,2,1
github_actions,opencv/opencv,32242434582,4203,pull_request,completed,success,2026-08-19T10:23:22Z,2026-08-19T10:23:22Z,2026-08-19T19:40:37Z,33435.0,5eda183ec4fe2b410550e180f407b22b65546fb4,5.x-dnn-migraphx,2026-08-19T10:23:14Z,611,126,0,126,1,1,0
github_actions,opencv/opencv,32232384048,4201,pull_request,completed,success,2026-08-19T08:23:35Z,2026-08-19T08:30:38Z,2026-08-19T18:30:08Z,35970.0,b3bf8dd9cf0b0d52a743ed76e78c61235fd0ebc3,fix/engine_new_on_tflite,2026-08-19T08:23:14Z,38,11,11,22,1,2,0
github_actions,opencv/opencv,32230321093,79,dynamic,completed,success,2026-08-19T07:58:10Z,2026-08-19T07:58:10Z,2026-08-19T07:59:08Z,58.0,1c59b23c9fe1bf1d41169460914174b295b2635b,4.x,2026-08-18T05:53:19Z,136,62,3,65,2,1,0
github_actions,opencv/opencv,32227846088,4200,pull_request,completed,success,2026-08-19T07:26:36Z,2026-08-19T08:11:01Z,2026-08-19T17:08:34Z,32253.0,6227c7d01b1033378bdccc8d550f5f4ff9dff02d,backendAgnostic,2026-08-19T07:26:19Z,19,41,54,95,9,2,0
github_actions,opencv/opencv,32212898583,259,schedule,completed,failure,2026-08-19T03:39:06Z,2026-08-19T03:39:06Z,2026-08-19T04:55:08Z,4562.0,1c59b23c9fe1bf1d41169460914174b295b2635b,4.x,2026-08-18T05:53:19Z,136,62,3,65,2,1,1
github_actions,opencv/opencv,32177173808,4198,pull_request,completed,failure,2026-08-18T19:32:26Z,2026-08-19T06:20:58Z,2026-08-19T10:02:18Z,13280.0,42d9d6b4dcfc9b9442b0358be5ad7e9e7d5181a1,imgcodecs-batch-encode-decode,2026-08-18T19:23:50Z,73,5,2,7,1,2,1
github_actions,opencv/opencv,32168527611,12659,pull_request,completed,failure,2026-08-18T17:59:12Z,2026-08-19T06:22:50Z,2026-08-19T11:41:47Z,19137.0,9dca8c8ca9ea18efaaaf7354e6c5e0fbca05e7e7,imp_jacobisvd_2,2026-08-18T17:54:14Z,274,112,71,183,1,2,1
github_actions,opencv/opencv,32159341717,4196,pull_request,completed,failure,2026-08-18T16:15:48Z,2026-08-18T16:15:48Z,2026-08-18T20:15:11Z,14363.0,9122edf976ba9f76b15bccd6bbc5f77083b84b9c,revert-29669-warp_enable_5,2026-08-18T16:15:05Z,130,18,42,60,2,1,1
github_actions,opencv/opencv,32154532182,78,dynamic,completed,success,2026-08-18T15:27:10Z,2026-08-18T15:27:10Z,2026-08-18T15:32:13Z,303.0,1c59b23c9fe1bf1d41169460914174b295b2635b,4.x,2026-08-18T05:53:19Z,136,62,3,65,2,1,0
github_actions,opencv/opencv,32150260484,4194,pull_request,completed,failure,2026-08-18T14:45:11Z,2026-08-18T14:50:44Z,2026-08-18T21:02:18Z,22294.0,ed24167cc2e7631cd7cea7dfb986638cc59d57e7,test_cleanup_core,2026-08-18T14:44:15Z,56,26,47,73,3,2,1
github_actions,opencv/opencv,32149560599,4193,pull_request,completed,failure,2026-08-18T14:38:22Z,2026-08-18T14:58:16Z,2026-08-18T20:44:26Z,20770.0,6cca61af04b9a447a13e8d129da3c83f5e022126,rvv-fast-norm,2026-08-18T14:30:06Z,70,111,0,111,1,2,1
github_actions,opencv/opencv,32148878985,4192,pull_request,completed,failure,2026-08-18T14:31:42Z,2026-08-18T16:12:49Z,2026-08-18T19:35:38Z,12169.0,b4c1ad290a94f16ec1642f25069e987b8a4d38b3,backendAgnostic,2026-08-18T14:31:24Z,25,39,40,79,1,2,1
github_actions,opencv/opencv,32143361825,4190,pull_request,completed,failure,2026-08-18T13:36:39Z,2026-08-18T14:23:49Z,2026-08-18T20:49:44Z,23155.0,1cd857114feca5c0e9a20d11fb1ee526fd94708c,cudnnjit,2026-08-18T13:35:39Z,15,39,25,64,8,2,1
github_actions,opencv/opencv,32140346965,77,dynamic,completed,success,2026-08-18T13:05:11Z,2026-08-18T13:05:11Z,2026-08-18T13:09:49Z,278.0,1c59b23c9fe1bf1d41169460914174b295b2635b,4.x,2026-08-18T05:53:19Z,136,62,3,65,2,1,0
github_actions,opencv/opencv,32137873146,76,dynamic,completed,success,2026-08-18T12:38:06Z,2026-08-18T12:38:06Z,2026-08-18T12:44:08Z,362.0,1c59b23c9fe1bf1d41169460914174b295b2635b,4.x,2026-08-18T05:53:19Z,136,62,3,65,2,1,0
github_actions,opencv/opencv,32137501783,4189,pull_request,completed,failure,2026-08-18T12:33:57Z,2026-08-18T12:38:01Z,2026-08-18T14:24:52Z,6411.0,a59d11cfc948865fc17ff4b103ae44a185ccf7bb,cudnnjit,2026-08-18T12:33:47Z,32,27101,1825,28926,89,2,1
github_actions,opencv/opencv,32132900306,4188,pull_request,completed,failure,2026-08-18T11:40:35Z,2026-08-18T12:04:30Z,2026-08-18T14:41:01Z,9391.0,1f2b635537be1c8df9da0e8cf44561d3887d5089,backendAgnostic,2026-08-18T11:40:20Z,17,5,2,7,2,2,1
github_actions,opencv/opencv,32130733519,4187,pull_request,completed,failure,2026-08-18T11:14:19Z,2026-08-18T11:27:35Z,2026-08-18T13:52:41Z,8706.0,bb41ffb888ac205131244a77183f013e8b4fdac9,vizsplat,2026-08-18T10:48:29Z,37,1547,2,1549,15,2,1
github_actions,opencv/opencv,32126255036,12657,pull_request,completed,failure,2026-08-18T10:20:20Z,2026-08-18T11:18:52Z,2026-08-18T12:48:51Z,5399.0,41681952331e4814c34020f40c038f800c852dea,imp_jacobisvd_2,2026-08-18T10:05:32Z,138,13,13,26,1,2,1
github_actions,opencv/opencv,32114234411,75,dynamic,completed,success,2026-08-18T08:01:04Z,2026-08-18T08:01:04Z,2026-08-18T08:07:14Z,370.0,1c59b23c9fe1bf1d41169460914174b295b2635b,4.x,2026-08-18T05:53:19Z,136,62,3,65,2,1,0
github_actions,opencv/opencv,32112425944,4186,pull_request,completed,failure,2026-08-18T07:38:47Z,2026-08-18T07:38:47Z,2026-08-18T09:29:00Z,6613.0,52253586d9c111dc5687a4bd0740eedd92e8d641,5.x-dnn-migraphx,2026-08-18T07:29:20Z,420,1,0,1,1,1,1
github_actions,opencv/opencv,32108070066,4185,pull_request,completed,failure,2026-08-18T06:42:24Z,2026-08-18T06:42:24Z,2026-08-18T07:45:45Z,3801.0,813191687905438dd820d0ce364117ea0576687b,5.x-dnn-migraphx,2026-08-18T06:38:10Z,406,2,0,2,1,1,1
github_actions,opencv/opencv,32107880639,12656,pull_request,completed,success,2026-08-18T06:39:45Z,2026-08-24T06:16:37Z,2026-08-24T06:52:09Z,2132.0,8bf1230ca9ad88db910fbf4df7218e5b9edcd49a,patch-1,2026-08-18T06:39:38Z,157,11,12,23,1,3,0
github_actions,opencv/opencv,32104675011,74,dynamic,completed,success,2026-08-18T05:53:58Z,2026-08-18T05:53:58Z,2026-08-18T05:56:49Z,171.0,1c59b23c9fe1bf1d41169460914174b295b2635b,4.x,2026-08-18T05:53:19Z,136,62,3,65,2,1,0
github_actions,opencv/opencv,32101958219,4184,pull_request,completed,failure,2026-08-18T05:12:03Z,2026-08-18T05:12:03Z,2026-08-18T06:51:53Z,5990.0,8b1894285cdbe2bf22fb2a84a47908c9bc72a6e1,5.x-dnn-migraphx,2026-08-18T04:53:21Z,1950,451,3,454,11,1,1
github_actions,opencv/opencv,32096126873,258,schedule,completed,failure,2026-08-18T03:37:07Z,2026-08-18T03:37:07Z,2026-08-18T04:54:11Z,4624.0,3621c83f2f6b45db87cd657c550cd6b01ecef63c,4.x,2026-08-17T13:17:55Z,833,216,30,246,6,1,1
github_actions,opencv/opencv,32047746628,12655,pull_request,completed,failure,2026-08-17T16:53:25Z,2026-08-17T19:02:16Z,2026-08-17T22:07:19Z,11103.0,1c3dd17eb249444c810edca2d9b41995fc49ee8e,patch-1,2026-08-17T16:53:17Z,89,14,10,24,1,2,1
github_actions,opencv/opencv,32039598303,12654,pull_request,completed,success,2026-08-17T14:35:55Z,2026-08-17T19:01:26Z,2026-08-17T20:40:44Z,5958.0,05698bf4d789937bc36befc1468f96ce7fe1cb07,fix-masked-ccoeff-normed-constant-template,2026-08-17T14:35:42Z,34,17,10,27,1,3,0
github_actions,opencv/opencv,32036683609,4181,pull_request,completed,failure,2026-08-17T13:47:25Z,2026-08-18T08:39:28Z,2026-08-18T11:15:40Z,9372.0,cf1010159c6f7ff2c8eaa9ae5ef6a2c1249f1033,backendAgnostic,2026-08-17T13:43:25Z,39,25045,1757,26802,72,2,1
github_actions,opencv/opencv,32034455991,73,dynamic,completed,success,2026-08-17T13:19:10Z,2026-08-17T13:19:10Z,2026-08-17T13:23:37Z,267.0,3621c83f2f6b45db87cd657c550cd6b01ecef63c,4.x,2026-08-17T13:17:55Z,833,216,30,246,6,1,0
github_actions,opencv/opencv,32033529039,12653,pull_request,completed,failure,2026-08-17T13:09:18Z,2026-08-17T19:01:02Z,2026-08-17T20:22:42Z,4900.0,998ddd86f349307b99a1078876feb6ec298e613d,fix-resize-area-channel-limit,2026-08-17T13:08:58Z,34,30,27,57,1,5,1
github_actions,opencv/opencv,32031701007,4179,pull_request,completed,success,2026-08-17T12:48:24Z,2026-08-19T08:15:34Z,2026-08-19T10:37:44Z,8530.0,eea25e63e766cb9227fd2f5a77f072c879e06cb4,fix-convexhull-type-punning,2026-08-17T12:46:45Z,18,0,44,44,2,8,0
github_actions,opencv/opencv,32027996749,72,dynamic,completed,success,2026-08-17T12:04:24Z,2026-08-17T12:04:24Z,2026-08-17T12:09:03Z,279.0,eca8ab3038e1700bbe51f98d54723de49ef2a926,4.x,2026-08-17T10:51:46Z,105,485,270,755,3,1,0
github_actions,opencv/opencv,32024752344,4178,pull_request,completed,failure,2026-08-17T11:24:10Z,2026-08-17T11:24:35Z,2026-08-17T13:14:13Z,6578.0,fc4d441b4671ff09db76e5f907c753c1b747ef81,backendAgnostic,2026-08-17T11:23:58Z,13,88,166,254,1,2,1
github_actions,opencv/opencv,32023042854,71,dynamic,completed,success,2026-08-17T11:03:00Z,2026-08-17T11:03:00Z,2026-08-17T11:07:43Z,283.0,eca8ab3038e1700bbe51f98d54723de49ef2a926,4.x,2026-08-17T10:51:46Z,105,485,270,755,3,1,0
github_actions,opencv/opencv,32017815274,70,dynamic,completed,success,2026-08-17T09:57:40Z,2026-08-17T09:57:40Z,2026-08-17T09:59:52Z,132.0,f5cce0bdc4e7ec256f3326709553389df35a1fff,4.x,2026-08-14T10:19:07Z,152,3,0,3,1,1,0
github_actions,opencv/opencv,32017637008,12652,pull_request,completed,success,2026-08-17T09:55:31Z,2026-08-17T09:57:25Z,2026-08-17T11:23:37Z,5172.0,a60ec3a1892ff3b05d4291465bed40f7291f2d65,lstm_unroll_opt,2026-08-17T09:55:25Z,135,19,9,28,1,2,0
github_actions,opencv/opencv,32007934575,4176,pull_request,completed,success,2026-08-17T07:55:18Z,2026-08-17T08:22:42Z,2026-08-17T10:35:50Z,7988.0,2338035c60a71461138ca04fbaea13172ef976e9,test_suite_cleanup,2026-08-17T07:54:57Z,12,1,10,11,2,2,0
github_actions,opencv/opencv,31999405960,12649,pull_request,completed,success,2026-08-17T05:51:55Z,2026-08-17T08:17:40Z,2026-08-17T09:48:39Z,5459.0,142c808326601da20867ca5b31eef44d8da9433b,fast_accumulate_2,2026-08-17T05:51:26Z,23,19,19,38,1,2,0
github_actions,opencv/opencv,31996228351,69,dynamic,completed,success,2026-08-17T04:57:40Z,2026-08-17T04:57:40Z,2026-08-17T05:02:36Z,296.0,f5cce0bdc4e7ec256f3326709553389df35a1fff,4.x,2026-08-14T10:19:07Z,152,3,0,3,1,1,0
github_actions,opencv/opencv,31996189630,68,dynamic,completed,success,2026-08-17T04:56:56Z,2026-08-17T04:56:56Z,2026-08-17T05:00:06Z,190.0,f5cce0bdc4e7ec256f3326709553389df35a1fff,4.x,2026-08-14T10:19:07Z,152,3,0,3,1,1,0
github_actions,opencv/opencv,31991225108,12647,pull_request,completed,failure,2026-08-17T03:27:39Z,2026-08-17T10:57:25Z,2026-08-17T12:28:48Z,5483.0,884569ba3590ca1cfa1e3330ce7ba4a34062d175,fast_resize_ex,2026-08-17T03:26:36Z,371,55,96,151,1,3,1
github_actions,opencv/opencv,31990729367,257,schedule,completed,failure,2026-08-17T03:18:16Z,2026-08-17T03:18:16Z,2026-08-17T03:33:46Z,930.0,f5cce0bdc4e7ec256f3326709553389df35a1fff,4.x,2026-08-14T10:19:07Z,152,3,0,3,1,1,1
github_actions,opencv/opencv,31963615348,4175,pull_request,completed,failure,2026-08-16T18:06:42Z,2026-08-17T04:39:50Z,2026-08-17T06:29:28Z,6578.0,f6549a821ff83cdcab54b6e91a4337205694941d,fix/29365-imwrite-boolean-image-support,2026-08-16T18:06:31Z,731,9,119,128,2,2,1
github_actions,opencv/opencv,31923910265,256,schedule,completed,failure,2026-08-16T03:18:02Z,2026-08-16T03:18:02Z,2026-08-16T04:34:34Z,4592.0,f5cce0bdc4e7ec256f3326709553389df35a1fff,4.x,2026-08-14T10:19:07Z,152,3,0,3,1,1,1
github_actions,opencv/opencv,31914622661,4174,pull_request,completed,success,2026-08-15T23:23:57Z,2026-08-17T09:58:36Z,2026-08-17T10:22:59Z,1463.0,de67909347771ff7b165264535512fb330852482,fix-29692-fisheye-calibrate-column-points,2026-08-15T23:23:47Z,58,5,5,10,1,3,0
github_actions,opencv/opencv,31884427698,67,dynamic,completed,success,2026-08-15T12:22:17Z,2026-08-15T12:22:17Z,2026-08-15T12:26:12Z,235.0,f5cce0bdc4e7ec256f3326709553389df35a1fff,4.x,2026-08-14T10:19:07Z,152,3,0,3,1,1,0
github_actions,opencv/opencv,31871952925,66,dynamic,completed,success,2026-08-15T07:26:30Z,2026-08-15T07:26:30Z,2026-08-15T07:30:54Z,264.0,f5cce0bdc4e7ec256f3326709553389df35a1fff,4.x,2026-08-14T10:19:07Z,152,3,0,3,1,1,0
github_actions,opencv/opencv,31861265151,255,schedule,completed,failure,2026-08-15T03:13:55Z,2026-08-15T03:13:55Z,2026-08-15T03:38:38Z,1483.0,f5cce0bdc4e7ec256f3326709553389df35a1fff,4.x,2026-08-14T10:19:07Z,152,3,0,3,1,1,1
github_actions,opencv/opencv,31820415149,4173,pull_request,completed,failure,2026-08-14T16:40:04Z,2026-08-18T08:31:18Z,2026-08-18T10:52:42Z,8484.0,0e2e2796dd0669504f8be970216d1fccabf911df,ptcloud-processing,2026-08-14T16:39:54Z,93,637,680,1317,16,2,1
github_actions,opencv/opencv,31817024876,12646,pull_request,completed,success,2026-08-14T15:57:30Z,2026-08-15T07:26:31Z,2026-08-15T08:50:37Z,5046.0,3dceb692123f4d8832da67f02ea3870f4df7637a,imp_jacobisvd,2026-08-14T15:56:30Z,299,485,270,755,3,2,0
github_actions,opencv/opencv,31799303542,65,dynamic,completed,success,2026-08-14T12:11:50Z,2026-08-14T12:11:50Z,2026-08-14T12:18:15Z,385.0,f5cce0bdc4e7ec256f3326709553389df35a1fff,4.x,2026-08-14T10:19:07Z,152,3,0,3,1,1,0
github_actions,opencv/opencv,31799167389,64,dynamic,completed,success,2026-08-14T12:09:50Z,2026-08-14T12:09:50Z,2026-08-14T12:13:48Z,238.0,f5cce0bdc4e7ec256f3326709553389df35a1fff,4.x,2026-08-14T10:19:07Z,152,3,0,3,1,1,0
github_actions,opencv/opencv,31797868490,63,dynamic,completed,success,2026-08-14T11:51:01Z,2026-08-14T11:51:01Z,2026-08-14T11:55:52Z,291.0,f5cce0bdc4e7ec256f3326709553389df35a1fff,4.x,2026-08-14T10:19:07Z,152,3,0,3,1,1,0
github_actions,opencv/opencv,31794973187,62,dynamic,completed,success,2026-08-14T11:07:57Z,2026-08-14T11:07:57Z,2026-08-14T11:10:39Z,162.0,f5cce0bdc4e7ec256f3326709553389df35a1fff,4.x,2026-08-14T10:19:07Z,152,3,0,3,1,1,0
github_actions,opencv/opencv,31793815983,4172,pull_request,completed,success,2026-08-14T10:50:31Z,2026-08-14T11:07:44Z,2026-08-14T17:34:02Z,23178.0,d175294ed570937cc12fe02e6bc13ea2c9234a1d,test_cleanup_stitching,2026-08-14T10:30:47Z,44,3,5,8,1,2,0
github_actions,opencv/opencv,31788783250,61,dynamic,completed,success,2026-08-14T09:36:24Z,2026-08-14T09:36:24Z,2026-08-14T09:42:20Z,356.0,2eebb803cbb4fb90d83dec0b9f9b8584bcefaa94,4.x,2026-08-14T08:26:24Z,131,14,1,15,2,1,0
github_actions,opencv/opencv,31787299458,12644,pull_request,completed,success,2026-08-14T09:15:17Z,2026-08-14T09:35:52Z,2026-08-14T15:57:46Z,22914.0,f64dbcbca2e0eda38ab09bf4083ba1978df7526c,fast_accumulate_2,2026-08-14T07:50:37Z,94,225,55,280,2,2,0
github_actions,opencv/opencv,31786684204,12643,pull_request,completed,failure,2026-08-14T09:06:22Z,2026-08-14T10:50:19Z,2026-08-14T16:24:53Z,20074.0,cb0aecc3be8e0fed038892923ec18cd44c94f95e,fast_resize_ex,2026-08-14T09:04:17Z,973,7167,3668,10835,8,2,1
github_actions,opencv/opencv,31786137430,4171,pull_request,completed,success,2026-08-14T08:58:37Z,2026-08-20T13:59:27Z,2026-08-21T11:58:30Z,79143.0,dd8d116cd10d531f71bb619825170b8d082b92cc,slamBA,2026-08-14T07:21:22Z,25,46,39,85,11,2,0
github_actions,opencv/opencv,31779942700,4170,pull_request,completed,failure,2026-08-14T07:26:37Z,2026-08-14T08:24:56Z,2026-08-14T15:00:51Z,23755.0,d5407abe1216987ea5d43c49d9f9214414943c3f,dnn-rvv-hal-conv,2026-08-14T06:47:09Z,69,60,23,83,1,2,1
github_actions,opencv/opencv,31776692455,12639,pull_request,completed,failure,2026-08-14T06:33:19Z,2026-08-14T07:37:32Z,2026-08-14T12:49:53Z,18741.0,c96c1c9a78ae0d9ba48810ac458e0c009421d51b,lstm_unroll_opt,2026-08-14T06:23:09Z,70,51,6,57,1,2,1
github_actions,opencv/opencv,31772328414,60,dynamic,completed,success,2026-08-14T05:13:34Z,2026-08-14T05:13:34Z,2026-08-14T05:17:04Z,210.0,466dff53c25913494a9bcf676e5c7199d8e9bc4f,4.x,2026-08-13T19:47:57Z,131,40,212,252,2,1,0
github_actions,opencv/opencv,31767642118,254,schedule,completed,failure,2026-08-14T03:43:13Z,2026-08-14T03:43:13Z,2026-08-14T05:19:28Z,5775.0,466dff53c25913494a9bcf676e5c7199d8e9bc4f,4.x,2026-08-13T19:47:57Z,131,40,212,252,2,1,1
github_actions,opencv/opencv,31740049248,4168,pull_request,completed,success,2026-08-13T20:16:43Z,2026-08-17T04:44:07Z,2026-08-17T07:22:16Z,9489.0,0833f10bb3ef99c4bee89d56c63aee67aee17c0d,fix-convexhull-type-punning,2026-08-13T20:16:11Z,2986,107,61,168,2,4,0
github_actions,opencv/opencv,31738497783,4167,pull_request,completed,success,2026-08-13T19:58:09Z,2026-08-14T06:21:22Z,2026-08-14T11:32:36Z,18674.0,1fdf1e4561491bea4eae241cb1bedda473b3440f,imgproc-resize-batch,2026-08-13T19:57:35Z,2109,145,0,145,4,2,0
github_actions,opencv/opencv,31735666723,12638,pull_request,completed,failure,2026-08-13T19:24:21Z,2026-08-14T05:39:40Z,2026-08-14T09:23:46Z,13446.0,cb970ad4ce7c0eb0c11b4972617870d9899f5eda,fix/charuco-perspective-25850,2026-08-13T19:24:06Z,40,0,1,1,1,2,1
github_actions,opencv/opencv,31721677147,4166,pull_request,completed,success,2026-08-13T16:38:11Z,2026-08-14T10:51:30Z,2026-08-14T17:24:16Z,23566.0,1a601db2b177dc3471a7861b1a84f1dae4e71630,ptcloud-processing,2026-08-13T16:38:02Z,86,41,12,53,5,2,0
github_actions,opencv/opencv,31715348391,59,dynamic,completed,success,2026-08-13T15:25:51Z,2026-08-13T15:25:51Z,2026-08-13T15:32:51Z,420.0,681d3ecd2b589ea15ed6f4d5d9a23f3cdfee25b6,4.x,2026-08-13T13:13:31Z,140,7,4,11,1,1,0
github_actions,opencv/opencv,31714055318,12637,pull_request,completed,success,2026-08-13T15:11:19Z,2026-08-13T15:11:19Z,2026-08-13T22:03:34Z,24735.0,9cb2f5e191ff2b372dad3dca0e73351f85bf0810,revert-29394-fast_accumulate,2026-08-13T13:19:20Z,122,40,212,252,2,1,0
github_actions,opencv/opencv,31713873921,4165,pull_request,completed,success,2026-08-13T15:09:18Z,2026-08-13T15:28:33Z,2026-08-13T23:39:47Z,29474.0,2e492bc959364d17fed2f85961e085f1794aee1b,more_onnx-coverage,2026-08-13T15:05:03Z,23,74,9,83,3,2,0
github_actions,opencv/opencv,31713414390,4164,pull_request,completed,failure,2026-08-13T15:04:19Z,2026-08-13T15:25:28Z,2026-08-13T22:24:02Z,25114.0,f68edc8f37b769996b5a142f13c6492ff561821f,test_cleanup_core,2026-08-13T14:53:35Z,39,159,76,235,10,2,1
github_actions,opencv/opencv,31713005714,4163,pull_request,completed,success,2026-08-13T14:59:46Z,2026-08-13T15:26:57Z,2026-08-13T23:00:26Z,27209.0,ebaa98041fd75bab917b095cb17dfed23cb079bc,features/keypoint-bool-mask,2026-08-13T14:59:37Z,612,3,3,6,1,2,0
github_actions,opencv/opencv,31712867591,12636,pull_request,completed,failure,2026-08-13T14:58:15Z,2026-08-14T05:16:00Z,2026-08-14T08:21:15Z,11115.0,726a0959dfdf8b328c9763c4978f6781cf858029,agent/fix-high-channel-ndarray-4x,2026-08-13T14:57:50Z,48,14,1,15,2,2,1
github_actions,opencv/opencv,31708429904,4162,pull_request,completed,success,2026-08-13T14:06:34Z,2026-08-14T08:25:40Z,2026-08-14T15:04:34Z,23934.0,e268b6ab8488fba59f6a820246bebe8e5adc53a6,test_suite_cleanup,2026-08-13T13:33:40Z,59,5,128,133,5,2,0
github_actions,opencv/opencv,31701707565,4161,pull_request,completed,success,2026-08-13T12:47:21Z,2026-08-13T13:34:47Z,2026-08-13T21:43:53Z,29346.0,702adf53e01287ff57f05acb6b76d7b0daed586a,dnn-rvv-hal-conv,2026-08-13T12:46:01Z,79,7,2,9,1,2,0
github_actions,opencv/opencv,31700617776,4160,pull_request,completed,failure,2026-08-13T12:33:38Z,2026-08-13T12:38:47Z,2026-08-13T15:32:01Z,10394.0,45df7ad680bda8ff0af46f9532a698918ff88eac,features/keypoint-bool-mask,2026-08-13T12:33:23Z,555,19,15,34,1,2,1
